case_status,application_date,decision_date,processing_office,applicant_country,applicant_age,education_level,job_title,occupation_category,prevailing_wage,wage_category,full_time_position
C,05-08-2022,21-08-2022,NEBRASKA SERVICE CENTER,INDIA,34,BACHELOR'S,NEPHROLOGIST,ENGINEERING,187200,HIGH,Y
C,09-07-2022,01-08-2022,VERMONT SERVICE CENTER,PHILIPPINES,28,MASTER'S,POST DOCTORAL FELLOW,IT,39957,LOW,Y
C,01-09-2022,11-10-2022,VERMONT SERVICE CENTER,INDIA,29,BACHELOR'S,OPERATION ANALYST,FINANCE,59966,LOW,Y
C,17-09-2022,20-10-2022,NEBRASKA SERVICE CENTER,CHINA,33,nan,SR. INDUSTRIAL ENGINEER,IT,78832,MEDIUM,Y
C,08-12-2022,18-12-2022,CALIFORNIA SERVICE CENTER,CHINA,24,BACHELOR'S,HEMATOLOGIST/ONCOLOGIST,IT,169645,HIGH,N
C,15-03-2022,09-05-2022,POTOMAC SERVICE CENTER,PHILIPPINES,39,BACHELOR'S,FAMILY MEDICINE PHYSICIAN,IT,131581,HIGH,N
C,20-01-2022,20-03-2022,CALIFORNIA SERVICE CENTER,INDIA,52,MASTER'S,PEDIATRICIAN,IT,187200,HIGH,N
C,31-05-2022,22-07-2022,NEBRASKA SERVICE CENTER,INDIA,33,MASTER'S,INSTRUCTOR OF BUSINESS ACCOUNTING,OTHER,45010,LOW,N
C,03-12-2022,13-01-2023,NEBRASKA SERVICE CENTER,INDIA,,BACHELOR'S,PEDIATRICIAN,MEDICAL,166982,HIGH,N
C,25-08-2022,05-10-2022,POTOMAC SERVICE CENTER,CHINA,30,BACHELOR'S,HOSPITALIST (INTERNIST),IT,41725,LOW,Y
C,02-08-2022,24-09-2022,TEXAS SERVICE CENTER,CHINA,57,MASTER'S,PEDIATRICIAN,IT,187200,HIGH,Y
CW,29-11-2022,27-12-2022,CALIFORNIA SERVICE CENTER,INDIA,24,MASTER'S,NEPHROLOGIST,FINANCE,187199,HIGH,Y
C,,,CALIFORNIA SERVICE CENTER,CHINA,53,MASTER'S,HOSPITALIST (INTERNIST),OTHER,41725,LOW,Y
C,24-04-2022,25-05-2022,VERMONT SERVICE CENTER,INDIA,44,BACHELOR'S,PODIATRIST,IT,54330,LOW,Y
CW,03-01-2022,16-02-2022,TEXAS SERVICE CENTER,PHILIPPINES,32,BACHELOR'S,INTERVENTIONAL CARDIOLOGIST,IT,326105,HIGH,Y
C,06-10-2022,07-11-2022,TEXAS SERVICE CENTER,PHILIPPINES,22,MASTER'S,PHARMACY MANAGER,FINANCE,120349,HIGH,Y
C,09-06-2022,03-07-2022,nan,INDIA,50,MASTER'S,PHYSICAL THERAPIST,IT,28.66,LOW,N
C,31-08-2022,23-09-2022,VERMONT SERVICE CENTER,INDIA,43,MASTER'S,TECHNICAL DESIGN PROGRAM INSTRUCTOR,IT,75277,MEDIUM,Y
CW,01-02-2022,15-02-2022,NEBRASKA SERVICE CENTER,INDIA,42,BACHELOR'S,RESEARCH ASSOCIATE,IT,29078,LOW,Y
C,22-05-2022,14-06-2022,CALIFORNIA SERVICE CENTER,INDIA,,MASTER'S,PHYSICAL THERAPIST,IT,32.02,LOW,Y
C,03-01-2022,17-01-2022,NEBRASKA SERVICE CENTER,SOUTH KOREA,34,BACHELOR'S,SOFTWARE DEVELOPER,ENGINEERING,48901,LOW,Y
D,29-10-2022,15-11-2022,POTOMAC SERVICE CENTER,INDIA,30,nan,ASSISTANT PROFESSOR OF NURSING,MEDICAL,60307,MEDIUM,Y
C,,,POTOMAC SERVICE CENTER,nan,,BACHELOR'S,ESL INSTRUCTIOR,IT,24340,LOW,Y
C,24-12-2022,18-01-2023,nan,nan,28,BACHELOR'S,PHYSICAL THERAPIST,FINANCE,66602,MEDIUM,Y
C,07-09-2022,03-11-2022,nan,INDIA,49,BACHELOR'S,CASE MANAGER,IT,29.21,LOW,N
C,21-05-2022,03-07-2022,TEXAS SERVICE CENTER,INDIA,26,MASTER'S,PHYSICAL THERAPIST,ENGINEERING,32.02,LOW,N
C,02-12-2022,20-12-2022,NEBRASKA SERVICE CENTER,INDIA,36,MASTER'S,FINANCE MANAGER,IT,85800,MEDIUM,Y
C,27-02-2022,10-04-2022,CALIFORNIA SERVICE CENTER,CHINA,58,BACHELOR'S,ASSISTANT PROFESSOR (PHARMACEUTICAL SCIENCES),FINANCE,40730,LOW,Y
C,06-10-2022,26-10-2022,VERMONT SERVICE CENTER,nan,52,MASTER'S,SENIOR APPLICATION DEVELOPER,ENGINEERING,70907,MEDIUM,Y
D,06-09-2022,17-09-2022,nan,MEXICO,54,MASTER'S,ESL INSTRUCTIOR,IT,24340,LOW,Y
C,10-08-2022,06-09-2022,nan,CHINA,30,MASTER'S,ACCOUNTANT,IT,24.92,LOW,Y
CW,20-06-2022,28-07-2022,TEXAS SERVICE CENTER,INDIA,22,BACHELOR'S,ACCOUNTANT,MEDICAL,24.92,LOW,Y
C,15-12-2022,08-01-2023,nan,INDIA,42,nan,QA TESTER,IT,24.64,LOW,Y
C,,,nan,INDIA,53,MASTER'S,RESEARCH ASSOCIATE,FINANCE,18.49,LOW,Y
C,07-09-2022,25-09-2022,TEXAS SERVICE CENTER,CHINA,37,MASTER'S,DENTIST,IT,56.02,LOW,N
C,30-12-2022,16-01-2023,VERMONT SERVICE CENTER,INDIA,53,BACHELOR'S,PHARMACY MANAGER,IT,44.55,LOW,Y
C,18-03-2022,10-05-2022,CALIFORNIA SERVICE CENTER,INDIA,23,MASTER'S,PHYSICAL THERAPIST,IT,66602,MEDIUM,Y
C,14-03-2022,12-04-2022,POTOMAC SERVICE CENTER,nan,,MASTER'S,ASSISTANT PROFESSOR OF NURSING,IT,60307,MEDIUM,Y
C,27-10-2022,07-12-2022,CALIFORNIA SERVICE CENTER,CANADA,24,BACHELOR'S,ASSISTANT ATHLETIC TRAINER,ENGINEERING,28930,LOW,Y
W,22-05-2022,03-06-2022,VERMONT SERVICE CENTER,CHINA,37,MASTER'S,PHYSICAL THERAPIST,IT,32.02,LOW,Y
CW,21-11-2022,12-01-2023,POTOMAC SERVICE CENTER,INDIA,44,BACHELOR'S,SENIOR RESEARCH ASSOCIATE/ SCIENTIST,IT,38875,LOW,Y
W,15-06-2022,05-08-2022,POTOMAC SERVICE CENTER,INDIA,46,MASTER'S,RESEARCH ASSOCIATE,IT,18.49,LOW,Y
C,26-10-2022,07-12-2022,NEBRASKA SERVICE CENTER,INDIA,44,DOCTORATE,DENTIST,MEDICAL,116522,HIGH,Y
CW,12-01-2022,26-01-2022,VERMONT SERVICE CENTER,CHINA,52,MASTER'S,INSTRUCTOR,MEDICAL,37149,LOW,Y
C,15-05-2022,25-06-2022,NEBRASKA SERVICE CENTER,CANADA,,MASTER'S,QUALITY CONTROL DENTIST - NON CLINICAL (CHART AUDITOR),ENGINEERING,49421,LOW,N
CW,17-08-2022,21-09-2022,VERMONT SERVICE CENTER,MEXICO,40,MASTER'S,RESEARCH ASSOCIATE,FINANCE,25979,LOW,Y
C,25-09-2022,29-10-2022,TEXAS SERVICE CENTER,CHINA,26,MASTER'S,NURSING INSTRUCTOR,IT,60307,MEDIUM,Y
C,15-01-2022,05-02-2022,TEXAS SERVICE CENTER,INDIA,45,BACHELOR'S,OCCUPATIONAL THERAPIST,IT,33.49,LOW,Y
C,19-12-2022,19-01-2023,POTOMAC SERVICE CENTER,INDIA,56,BACHELOR'S,QUALITY ASSURANCE ANALYST & TESTER,IT,65478,MEDIUM,N
C,28-06-2022,10-07-2022,CALIFORNIA SERVICE CENTER,CANADA,41,MASTER'S,PHYSICAL THERAPIST,IT,32.02,LOW,Y
C,16-06-2022,02-08-2022,POTOMAC SERVICE CENTER,SOUTH KOREA,,MASTER'S,PROCESS ENGINEER III,IT,69888,MEDIUM,Y
C,,,CALIFORNIA SERVICE CENTER,INDIA,40,nan,PHYSICAL THERAPIST,IT,32.02,LOW,Y
C,07-08-2022,02-09-2022,POTOMAC SERVICE CENTER,CHINA,38,BACHELOR'S,PROJECT ENGINEER,FINANCE,50960,LOW,Y
C,22-01-2022,11-02-2022,VERMONT SERVICE CENTER,PHILIPPINES,55,nan,ASSISTANT PROFESSOR,OTHER,41590,LOW,Y
C,26-06-2022,15-07-2022,VERMONT SERVICE CENTER,PHILIPPINES,49,MASTER'S,DENTIST,IT,116522,HIGH,Y
C,29-04-2022,08-06-2022,CALIFORNIA SERVICE CENTER,INDIA,30,DOCTORATE,PHYSICAL THERAPIST,IT,32.02,LOW,N
C,20-07-2022,01-09-2022,VERMONT SERVICE CENTER,PHILIPPINES,36,MASTER'S,NETWORK & COMPUTER SYSTEMS ADMINISTRATOR,MEDICAL,22.85,LOW,N
C,25-10-2022,25-11-2022,VERMONT SERVICE CENTER,INDIA,45,BACHELOR'S,FINANCE MANAGER,IT,105518,HIGH,Y
C,19-03-2022,05-05-2022,NEBRASKA SERVICE CENTER,INDIA,54,BACHELOR'S,HOSPITALIST,IT,163821,HIGH,Y
C,,,nan,INDIA,27,DOCTORATE,ASSOCIATE DENTIST,EDUCATION,101275,HIGH,Y
C,,,nan,PHILIPPINES,41,BACHELOR'S,"UPPER YEAR MEDICAL RESIDENT (PGY 2-3), INTERNAL MEDICINE",IT,57432,LOW,Y
C,21-12-2022,03-02-2023,NEBRASKA SERVICE CENTER,CHINA,24,BACHELOR'S,"MEDICAL INTERN (PGY 1), INTERNAL MEDICINE",IT,55630,LOW,Y
C,20-08-2022,17-10-2022,nan,INDIA,56,MASTER'S,ASSISTANT PROFESSOR,FINANCE,22410,LOW,Y
C,05-06-2022,27-06-2022,POTOMAC SERVICE CENTER,INDIA,57,BACHELOR'S,"UPPER YEAR MEDICAL RESIDENT (PGY 2-3), INTERNAL MEDICINE",IT,57432,LOW,Y
C,18-04-2022,14-06-2022,TEXAS SERVICE CENTER,PHILIPPINES,59,MASTER'S,"CHIEF RESIDENT (PGY 4), INTERNAL MEDICINE",IT,62662,MEDIUM,Y
CW,17-05-2022,28-05-2022,CALIFORNIA SERVICE CENTER,INDIA,52,DOCTORATE,"PHYSICIAN, HOSPITALIST",ENGINEERING,84302,MEDIUM,Y
C,14-12-2022,18-01-2023,nan,SOUTH KOREA,23,MASTER'S,"UPPER YEAR MEDICAL RESIDENT (PGY 2-3), INTERNAL MEDICINE",ENGINEERING,57432,LOW,Y
C,05-06-2022,20-06-2022,VERMONT SERVICE CENTER,INDIA,49,MASTER'S,ACCOUNTANT,IT,47674,LOW,Y
C,13-12-2022,25-12-2022,NEBRASKA SERVICE CENTER,nan,43,MASTER'S,"MEDICAL RESIDENT (PGY 1), INTERNAL MEDICINE",IT,55630,LOW,Y
C,14-02-2022,16-03-2022,POTOMAC SERVICE CENTER,INDIA,59,MASTER'S,PRE-DOCTORAL FELLOW,IT,26440,LOW,Y
C,16-05-2022,09-06-2022,nan,CHINA,48,BACHELOR'S,ENGINEER,ENGINEERING,58510,LOW,Y
C,22-12-2022,16-01-2023,NEBRASKA SERVICE CENTER,INDIA,49,MASTER'S,SENIOR SYSTEMS ANALYST JC60,IT,86632,MEDIUM,Y
C,03-05-2022,22-05-2022,nan,INDIA,59,BACHELOR'S,"MANAGER, ENGINEERING PROJECTS",IT,105352,HIGH,Y
CW,,,CALIFORNIA SERVICE CENTER,INDIA,38,nan,"MANAGER, ENGINEERING PROJECTS",IT,105352,HIGH,N
C,24-08-2022,17-10-2022,POTOMAC SERVICE CENTER,INDIA,48,BACHELOR'S,RESEARCH ASSISTANT PATHOLOGY,IT,50128,LOW,Y
C,29-04-2022,11-06-2022,CALIFORNIA SERVICE CENTER,INDIA,23,MASTER'S,PRACTICE MANAGER,IT,122491,HIGH,Y
C,03-04-2022,15-04-2022,TEXAS SERVICE CENTER,INDIA,30,MASTER'S,SR. CONSULTANT,EDUCATION,69888,MEDIUM,Y
C,28-07-2022,04-09-2022,TEXAS SERVICE CENTER,CHINA,,MASTER'S,COMPUTER PROGRAMMER,ENGINEERING,84053,MEDIUM,Y
C,21-02-2022,03-03-2022,NEBRASKA SERVICE CENTER,INDIA,24,BACHELOR'S,SOFTWARE ENGINEER,IT,67829,MEDIUM,Y
C,08-06-2022,07-07-2022,TEXAS SERVICE CENTER,INDIA,55,BACHELOR'S,PRACTICE MANAGER,FINANCE,94453,MEDIUM,Y
C,16-08-2022,09-10-2022,POTOMAC SERVICE CENTER,INDIA,22,nan,TECHNO-FUNCTIONAL CONSULTANT,MEDICAL,68390,MEDIUM,Y
C,26-05-2022,10-06-2022,POTOMAC SERVICE CENTER,INDIA,31,nan,"SOFTWARE DEVELOPERS, APPLICATIONS",ENGINEERING,68390,MEDIUM,Y
C,20-10-2022,04-11-2022,VERMONT SERVICE CENTER,nan,42,MASTER'S,TECHNICAL SOLUTIONS ENGINEER,IT,66123,MEDIUM,Y
C,26-12-2022,17-02-2023,TEXAS SERVICE CENTER,MEXICO,59,MASTER'S,DSP SYSTEMS SOFTWARE ENGINEER,MEDICAL,68390,MEDIUM,Y
C,10-12-2022,30-12-2022,CALIFORNIA SERVICE CENTER,INDIA,48,MASTER'S,STAFF CONSULTANT,IT,63710,MEDIUM,N
C,15-03-2022,11-05-2022,CALIFORNIA SERVICE CENTER,INDIA,48,MASTER'S,STAFF CONSULTANT,IT,78603,MEDIUM,Y
C,04-10-2022,27-10-2022,TEXAS SERVICE CENTER,INDIA,46,MASTER'S,SENIOR SOFTWARE DEVELOPER,IT,88067,MEDIUM,Y
C,20-09-2022,12-11-2022,nan,nan,35,BACHELOR'S,COMPUTER PROGRAMMER,MEDICAL,67496,MEDIUM,Y
C,23-05-2022,11-06-2022,VERMONT SERVICE CENTER,INDIA,34,BACHELOR'S,STAFF CONSULTANT,ENGINEERING,63710,MEDIUM,Y
C,21-04-2022,10-05-2022,nan,nan,41,nan,"SENIOR SOFTWARE ENGINEER, GATEWAY",IT,88067,MEDIUM,Y
C,02-01-2022,14-01-2022,POTOMAC SERVICE CENTER,nan,55,BACHELOR'S,SR. CONSULTANT,IT,69888,MEDIUM,Y
C,25-07-2022,21-08-2022,TEXAS SERVICE CENTER,CHINA,49,nan,SENIOR CONSULTANT,ENGINEERING,63710,MEDIUM,Y
C,12-12-2022,24-01-2023,CALIFORNIA SERVICE CENTER,INDIA,32,nan,SENIOR SOFTWARE ENGINEER,FINANCE,88067,MEDIUM,Y
C,09-11-2022,19-12-2022,CALIFORNIA SERVICE CENTER,INDIA,27,nan,PRINCIPLE CONSULTANT,EDUCATION,68390,MEDIUM,N
C,02-07-2022,05-08-2022,CALIFORNIA SERVICE CENTER,INDIA,34,BACHELOR'S,SENIOR CLOUD ADMIN,IT,55182,LOW,Y
C,08-06-2022,14-07-2022,NEBRASKA SERVICE CENTER,INDIA,47,MASTER'S,SOFTWARE QUALITY ASSURANCE ENGINEER,IT,74818,MEDIUM,Y
C,29-12-2022,28-01-2023,nan,INDIA,51,BACHELOR'S,VALIDATION ENGINEER,IT,68494,MEDIUM,Y
C,20-06-2022,16-08-2022,TEXAS SERVICE CENTER,INDIA,39,MASTER'S,PRINCIPLE CONSULTANT,ENGINEERING,63710,MEDIUM,N
C,09-05-2022,22-05-2022,NEBRASKA SERVICE CENTER,INDIA,46,MASTER'S,SENIOR CLOUD ADMIN,IT,55182,LOW,Y
C,16-11-2022,02-01-2023,CALIFORNIA SERVICE CENTER,CHINA,50,MASTER'S,STAFF CONSULTANT,IT,63710,MEDIUM,Y
C,11-08-2022,26-08-2022,NEBRASKA SERVICE CENTER,nan,59,nan,SENIOR TECHNICAL LEADER,IT,109075,HIGH,Y
C,20-02-2022,21-04-2022,VERMONT SERVICE CENTER,INDIA,25,MASTER'S,"SOFTWARE DEVELOPERS, APPLICATIONS",IT,68390,MEDIUM,Y
C,08-12-2022,27-01-2023,TEXAS SERVICE CENTER,INDIA,39,BACHELOR'S,STAFF CONSULTANT,IT,63710,MEDIUM,N
C,02-05-2022,18-05-2022,TEXAS SERVICE CENTER,CHINA,22,MASTER'S,SOFTWARE ENGINEER,IT,88067,MEDIUM,Y
C,16-04-2022,10-05-2022,TEXAS SERVICE CENTER,PHILIPPINES,27,nan,PROGRAMMER ANALYST,ENGINEERING,63710,MEDIUM,Y
C,23-09-2022,11-11-2022,NEBRASKA SERVICE CENTER,SOUTH KOREA,49,BACHELOR'S,SOFTWARE QUALITY ASSURANCE ENGINEER,IT,74818,MEDIUM,Y
C,09-07-2022,24-08-2022,CALIFORNIA SERVICE CENTER,INDIA,31,MASTER'S,"SOFTWARE ENGINEER, VALUE ADDED SERVICES",IT,68390,MEDIUM,Y
C,14-01-2022,04-02-2022,nan,INDIA,34,BACHELOR'S,SENIOR CONSULTANT,ENGINEERING,63710,MEDIUM,Y
C,08-10-2022,29-10-2022,POTOMAC SERVICE CENTER,CHINA,22,BACHELOR'S,IM SOFTWARE ENGINEER MANAGER,ENGINEERING,127941,HIGH,Y
D,02-11-2022,20-12-2022,NEBRASKA SERVICE CENTER,INDIA,53,BACHELOR'S,TECHNO-FUNCTIONAL CONSULTANT,IT,88067,MEDIUM,Y
C,07-01-2022,19-01-2022,TEXAS SERVICE CENTER,INDIA,48,MASTER'S,STAFF CONSULTANT,OTHER,63710,MEDIUM,Y
C,02-12-2022,08-01-2023,CALIFORNIA SERVICE CENTER,INDIA,,MASTER'S,STAFF CONSULTANT,IT,63710,MEDIUM,Y
C,27-08-2022,04-10-2022,TEXAS SERVICE CENTER,INDIA,49,MASTER'S,TECHNICAL LEADER,ENGINEERING,93475,MEDIUM,Y
C,16-04-2022,09-05-2022,POTOMAC SERVICE CENTER,CHINA,55,BACHELOR'S,SOFTWARE DEVELOPER,IT,68390,MEDIUM,Y
C,30-12-2022,16-01-2023,CALIFORNIA SERVICE CENTER,INDIA,51,BACHELOR'S,"RESEARCH, DEVELOPMENT & PRODUCTS STAFF ENGINEER",IT,58926,LOW,Y
C,09-04-2022,24-04-2022,VERMONT SERVICE CENTER,INDIA,22,BACHELOR'S,SR. CONSULTANT,IT,87859,MEDIUM,Y
C,30-07-2022,19-08-2022,NEBRASKA SERVICE CENTER,CANADA,37,MASTER'S,SENIOR BUSINESS ANALYST,ENGINEERING,104562,HIGH,Y
C,23-01-2022,16-02-2022,TEXAS SERVICE CENTER,INDIA,,MASTER'S,SENIOR SOFTWARE ENGINEER,IT,78603,MEDIUM,Y
CW,13-10-2022,18-11-2022,POTOMAC SERVICE CENTER,SOUTH KOREA,40,BACHELOR'S,SENIOR CONSULTANT,ENGINEERING,58989,LOW,Y
CW,04-08-2022,25-09-2022,POTOMAC SERVICE CENTER,INDIA,39,nan,STAFF CONSULTANT,ENGINEERING,58989,LOW,Y
C,24-06-2022,13-07-2022,nan,INDIA,32,BACHELOR'S,"SOFTWARE ENGINEER, JAVA WEB APP DEVELOPER",ENGINEERING,68390,MEDIUM,N
CW,29-01-2022,07-03-2022,CALIFORNIA SERVICE CENTER,INDIA,36,MASTER'S,STAFF CONSULTANT,IT,58989,LOW,Y
C,12-06-2022,12-07-2022,NEBRASKA SERVICE CENTER,INDIA,23,BACHELOR'S,COMPUTER PROGRAMMER,IT,67496,MEDIUM,Y
W,13-08-2022,12-10-2022,TEXAS SERVICE CENTER,CHINA,24,MASTER'S,HILL ROM INC,IT,68494,MEDIUM,Y
C,12-09-2022,20-10-2022,nan,INDIA,35,MASTER'S,PRINCIPAL SOFTWARE ENGINEER,FINANCE,107744,HIGH,Y
C,14-12-2022,11-01-2023,NEBRASKA SERVICE CENTER,INDIA,,BACHELOR'S,STAFF CONSULTANT,FINANCE,67496,MEDIUM,Y
C,23-10-2022,17-11-2022,POTOMAC SERVICE CENTER,INDIA,58,nan,SOFTWARE ENGINEER - EMS DESIGN AND DEVELOPMENT,MEDICAL,68390,MEDIUM,Y
C,27-06-2022,20-07-2022,nan,INDIA,34,MASTER'S,LEAD ANALYST,IT,78603,MEDIUM,Y
C,14-10-2022,10-12-2022,nan,CANADA,42,MASTER'S,MOBILE PERFORMANCE SOFTWARE ENGINEER,IT,68390,MEDIUM,Y
C,14-11-2022,09-01-2023,POTOMAC SERVICE CENTER,CHINA,55,MASTER'S,"SOFTWARE ENGINEER, WIRELESS WIFI",IT,81390,MEDIUM,Y
C,27-11-2022,15-12-2022,CALIFORNIA SERVICE CENTER,INDIA,24,MASTER'S,STAFF CONSULTANT,IT,63710,MEDIUM,Y
C,,,nan,INDIA,41,BACHELOR'S,PRINCIPAL SOFTWARE QUALITY ASSURANCE ENGINEER,ENGINEERING,111488,HIGH,N
C,18-06-2022,10-08-2022,CALIFORNIA SERVICE CENTER,CHINA,56,MASTER'S,COMPUTER PROGRAMMER,IT,67496,MEDIUM,Y
C,28-10-2022,07-11-2022,NEBRASKA SERVICE CENTER,INDIA,43,BACHELOR'S,SR. PRINCIPAL CONSULTANT,OTHER,107890,HIGH,N
C,01-07-2022,21-08-2022,nan,CANADA,51,MASTER'S,DATABASE ARCHITECT,IT,56472,LOW,N
C,26-01-2022,22-02-2022,POTOMAC SERVICE CENTER,INDIA,,MASTER'S,SENIOR SUSTAINING ENGINEER,IT,87859,MEDIUM,Y
C,02-08-2022,25-08-2022,VERMONT SERVICE CENTER,PHILIPPINES,56,BACHELOR'S,"SOFTWARE DEVELOPERS, APPLICATIONS",IT,68390,MEDIUM,Y
C,02-04-2022,26-05-2022,nan,INDIA,48,MASTER'S,SR. PROGRAMMER ANALYST,IT,78603,MEDIUM,Y
W,,,nan,MEXICO,22,BACHELOR'S,MECHANICAL ENGINEER,ENGINEERING,76523,MEDIUM,Y
CW,15-03-2022,19-04-2022,TEXAS SERVICE CENTER,INDIA,48,MASTER'S,MANAGING PRINCIPAL,OTHER,74402,MEDIUM,Y
C,02-09-2022,18-10-2022,VERMONT SERVICE CENTER,INDIA,54,BACHELOR'S,SR. SOFTWARE ENGINEER,IT,98093,MEDIUM,Y
C,,,TEXAS SERVICE CENTER,CHINA,25,BACHELOR'S,SOFTWARE DEVELOPER,IT,99757,MEDIUM,Y
CW,06-11-2022,01-12-2022,NEBRASKA SERVICE CENTER,INDIA,34,MASTER'S,SR. CONSULTANT,IT,58989,LOW,N
C,03-04-2022,11-05-2022,VERMONT SERVICE CENTER,CANADA,57,MASTER'S,STAFF CONSULTANT,OTHER,63710,MEDIUM,Y
CW,11-11-2022,25-12-2022,NEBRASKA SERVICE CENTER,INDIA,36,BACHELOR'S,STAFF CONSULTANT,IT,58989,LOW,Y
C,,,CALIFORNIA SERVICE CENTER,INDIA,55,DOCTORATE,"COMPUTER SOFTWARE ENGINEER, APPLICATIONS",IT,89930,MEDIUM,Y
C,07-07-2022,03-09-2022,POTOMAC SERVICE CENTER,INDIA,24,BACHELOR'S,MARKETING SPECIALIST,IT,59072,LOW,N
CW,20-07-2022,15-08-2022,nan,INDIA,38,DOCTORATE,IM SOFTWARE ENGINEER MANAGER,IT,127941,HIGH,Y
C,11-12-2022,09-02-2023,CALIFORNIA SERVICE CENTER,INDIA,58,MASTER'S,SENIOR ENGINEER,IT,92227,MEDIUM,Y
C,18-04-2022,07-05-2022,VERMONT SERVICE CENTER,CHINA,24,MASTER'S,STAFF CONSULTANT,MEDICAL,67496,MEDIUM,Y
C,14-10-2022,20-11-2022,nan,INDIA,26,BACHELOR'S,STAFF CONSULTANT,OTHER,63710,MEDIUM,Y
CW,04-01-2022,02-02-2022,POTOMAC SERVICE CENTER,INDIA,46,MASTER'S,SENIOR CONSULTANT,IT,58989,LOW,Y
C,17-06-2022,27-06-2022,CALIFORNIA SERVICE CENTER,nan,,MASTER'S,SR. CONSULTANT,IT,69888,MEDIUM,Y
CW,30-11-2022,24-12-2022,NEBRASKA SERVICE CENTER,INDIA,54,MASTER'S,SENIOR CONSULTANT,EDUCATION,58989,LOW,Y
C,22-12-2022,06-01-2023,nan,nan,54,MASTER'S,SOFTWARE DEVELOPER - APPLICATIONS,IT,88067,MEDIUM,Y
C,12-03-2022,19-04-2022,POTOMAC SERVICE CENTER,INDIA,34,MASTER'S,COMPUTER PROGRAMMER,IT,67496,MEDIUM,Y
C,11-12-2022,16-01-2023,VERMONT SERVICE CENTER,INDIA,51,MASTER'S,SENIOR DBA,IT,55182,LOW,Y
C,11-01-2022,28-01-2022,NEBRASKA SERVICE CENTER,INDIA,55,DOCTORATE,STAFF CONSULTANT,IT,63710,MEDIUM,Y
C,21-11-2022,23-12-2022,TEXAS SERVICE CENTER,INDIA,49,MASTER'S,SENIOR DBA,IT,55182,LOW,Y
C,30-06-2022,22-08-2022,nan,INDIA,34,BACHELOR'S,LEAD ANALYST,IT,78603,MEDIUM,Y
C,31-12-2022,21-02-2023,POTOMAC SERVICE CENTER,CHINA,47,MASTER'S,PRINCIPLE CONSULTANT,OTHER,68390,MEDIUM,Y
CW,28-05-2022,13-07-2022,POTOMAC SERVICE CENTER,INDIA,22,MASTER'S,STAFF CONSULTANT,FINANCE,58989,LOW,Y
CW,19-01-2022,22-02-2022,NEBRASKA SERVICE CENTER,INDIA,52,BACHELOR'S,SENIOR CONSULTANT,ENGINEERING,68390,MEDIUM,Y
C,23-03-2022,07-05-2022,nan,nan,,MASTER'S,SENIOR CONSULTANT,IT,63710,MEDIUM,Y
C,03-12-2022,17-12-2022,CALIFORNIA SERVICE CENTER,SOUTH KOREA,39,BACHELOR'S,"SOFTWARE ENGINEER, GATEWAY",IT,81390,MEDIUM,Y
C,11-05-2022,25-05-2022,NEBRASKA SERVICE CENTER,INDIA,58,MASTER'S,INDUSTRIAL ENGINEER,IT,61500,MEDIUM,Y
CW,24-08-2022,18-10-2022,NEBRASKA SERVICE CENTER,INDIA,45,MASTER'S,STAFF CONSULTANT,IT,58989,LOW,Y
CW,17-07-2022,01-09-2022,CALIFORNIA SERVICE CENTER,INDIA,40,BACHELOR'S,SENIOR CONSULTANT,OTHER,58989,LOW,Y
C,23-06-2022,08-07-2022,VERMONT SERVICE CENTER,CHINA,32,MASTER'S,STAFF CONSULTANT,ENGINEERING,67496,MEDIUM,Y
C,10-07-2022,03-09-2022,NEBRASKA SERVICE CENTER,CHINA,48,nan,COMPUTER PROGRAMMER,ENGINEERING,67496,MEDIUM,Y
C,05-05-2022,17-05-2022,VERMONT SERVICE CENTER,INDIA,41,BACHELOR'S,STAFF CONSULTANT,FINANCE,67496,MEDIUM,Y
C,07-03-2022,25-03-2022,nan,INDIA,42,BACHELOR'S,PROGRAM MANAGER,IT,96741,MEDIUM,Y
CW,14-12-2022,11-01-2023,nan,INDIA,51,nan,PROGRAMMER ANALYST,IT,89378,MEDIUM,Y
CW,14-08-2022,02-10-2022,VERMONT SERVICE CENTER,INDIA,43,MASTER'S,STAFF CONSULTANT,IT,58989,LOW,N
CW,12-11-2022,29-11-2022,nan,INDIA,44,MASTER'S,STAFF CONSULTANT,ENGINEERING,63710,MEDIUM,Y
CW,16-02-2022,17-04-2022,nan,INDIA,23,MASTER'S,PRACTICE MANAGER,IT,58926,LOW,Y
C,08-02-2022,22-02-2022,POTOMAC SERVICE CENTER,CHINA,32,nan,DATABASE ARCHITECT,IT,56472,LOW,Y
C,08-10-2022,21-10-2022,TEXAS SERVICE CENTER,PHILIPPINES,25,BACHELOR'S,PRACTICE MANAGER,IT,79186,MEDIUM,Y
C,09-04-2022,04-05-2022,CALIFORNIA SERVICE CENTER,INDIA,,BACHELOR'S,SENIOR SOFTWARE ENGINEER,IT,88067,MEDIUM,Y
CW,29-10-2022,28-12-2022,TEXAS SERVICE CENTER,INDIA,31,BACHELOR'S,SR. CONSULTANT,IT,58989,LOW,Y
C,17-05-2022,07-06-2022,nan,INDIA,35,MASTER'S,PRACTICE MANAGER,IT,79186,MEDIUM,Y
C,06-06-2022,27-06-2022,CALIFORNIA SERVICE CENTER,INDIA,42,MASTER'S,SR. CONSULTANT,IT,55182,LOW,N
CW,26-06-2022,18-08-2022,NEBRASKA SERVICE CENTER,INDIA,49,BACHELOR'S,PRACTICE MANAGER,IT,122491,HIGH,Y
C,31-01-2022,07-03-2022,NEBRASKA SERVICE CENTER,SOUTH KOREA,47,BACHELOR'S,DATABASE ARCHITECT,ENGINEERING,56472,LOW,Y
C,30-10-2022,26-11-2022,TEXAS SERVICE CENTER,INDIA,43,MASTER'S,SOFTWARE QUALITY ASSURANCE ENGINEER,FINANCE,56472,LOW,Y
C,14-09-2022,01-11-2022,TEXAS SERVICE CENTER,CANADA,58,nan,"SOFTWARE ENGINEER, VALUE ADDED SERVICES",OTHER,88067,MEDIUM,Y
C,15-06-2022,06-08-2022,nan,CHINA,24,MASTER'S,LEAD ANALYST,IT,78603,MEDIUM,Y
CW,18-06-2022,14-08-2022,VERMONT SERVICE CENTER,INDIA,38,BACHELOR'S,STAFF CONSULTANT,ENGINEERING,58989,LOW,Y
C,14-10-2022,23-11-2022,NEBRASKA SERVICE CENTER,CANADA,32,MASTER'S,SENIOR CONSULTANT,IT,55182,LOW,Y
C,08-06-2022,05-08-2022,TEXAS SERVICE CENTER,INDIA,52,MASTER'S,STAFF CONSULTANT,IT,67496,MEDIUM,Y
C,04-08-2022,18-09-2022,POTOMAC SERVICE CENTER,INDIA,56,BACHELOR'S,PRINCIPAL SOFTWARE ENGR (MEMBER OF TECH STAFF),MEDICAL,114774,HIGH,Y
C,26-03-2022,07-05-2022,NEBRASKA SERVICE CENTER,nan,25,BACHELOR'S,COMPUTER PROGRAMMER,IT,67496,MEDIUM,N
C,17-01-2022,16-02-2022,VERMONT SERVICE CENTER,INDIA,35,BACHELOR'S,TEST ENGINEER,IT,56472,LOW,Y
CW,15-04-2022,20-05-2022,TEXAS SERVICE CENTER,CHINA,45,MASTER'S,STAFF CONSULTANT,IT,58989,LOW,Y
C,14-07-2022,10-09-2022,CALIFORNIA SERVICE CENTER,MEXICO,42,BACHELOR'S,"SOFTWARE DEVELOPERS, APPLICATIONS",ENGINEERING,68390,MEDIUM,Y
CW,15-03-2022,04-05-2022,TEXAS SERVICE CENTER,CANADA,48,nan,STAFF CONSULTANT,IT,58989,LOW,Y
C,10-03-2022,24-03-2022,NEBRASKA SERVICE CENTER,CHINA,48,BACHELOR'S,SOLUTIONS ARCHITECT,ENGINEERING,98093,MEDIUM,Y
C,30-01-2022,17-03-2022,VERMONT SERVICE CENTER,INDIA,42,BACHELOR'S,STAFF CONSULTANT,IT,67496,MEDIUM,Y
CW,12-10-2022,14-11-2022,POTOMAC SERVICE CENTER,INDIA,,MASTER'S,SENIOR CONSULTANT,OTHER,68390,MEDIUM,Y
CW,20-01-2022,05-03-2022,nan,INDIA,25,nan,STAFF CONSULTANT,IT,58989,LOW,Y
C,03-10-2022,24-10-2022,TEXAS SERVICE CENTER,INDIA,23,MASTER'S,PRODUCT APPLICATIONS ENGINEER,FINANCE,95826,MEDIUM,Y
CW,,,VERMONT SERVICE CENTER,INDIA,24,MASTER'S,STAFF CONSULTANT,ENGINEERING,63710,MEDIUM,Y
D,09-09-2022,07-11-2022,POTOMAC SERVICE CENTER,INDIA,55,MASTER'S,STAFF CONSULTANT,ENGINEERING,78603,MEDIUM,Y
CW,01-11-2022,17-11-2022,VERMONT SERVICE CENTER,INDIA,56,MASTER'S,SR. CONSULTANT,FINANCE,78603,MEDIUM,Y
C,20-01-2022,19-03-2022,POTOMAC SERVICE CENTER,PHILIPPINES,57,MASTER'S,"SOFTWARE ENGINEER, VALUE ADDED SERVICES",EDUCATION,68390,MEDIUM,Y
W,22-10-2022,27-11-2022,NEBRASKA SERVICE CENTER,INDIA,38,MASTER'S,PRACTICE MANAGER,IT,122491,HIGH,Y
CW,17-07-2022,12-09-2022,VERMONT SERVICE CENTER,INDIA,29,MASTER'S,STAFF CONSULTANT,IT,58989,LOW,Y
C,28-04-2022,22-05-2022,POTOMAC SERVICE CENTER,INDIA,30,BACHELOR'S,BUSINESS SYSTEMS ANALYST,IT,79186,MEDIUM,Y
C,03-11-2022,30-11-2022,VERMONT SERVICE CENTER,INDIA,23,BACHELOR'S,SENIOR CONSULTANT,IT,55182,LOW,Y
C,,,nan,INDIA,40,MASTER'S,SENIOR CONSULTANT,IT,63710,MEDIUM,Y
C,23-12-2022,23-01-2023,CALIFORNIA SERVICE CENTER,INDIA,37,nan,TECHNICAL MANAGER,IT,68390,MEDIUM,Y
CW,24-08-2022,08-09-2022,TEXAS SERVICE CENTER,INDIA,37,MASTER'S,STAFF CONSULTANT,IT,58989,LOW,Y
C,26-04-2022,25-05-2022,TEXAS SERVICE CENTER,CANADA,55,MASTER'S,QUALITY ENGINEER,FINANCE,85426,MEDIUM,Y
C,22-09-2022,08-11-2022,VERMONT SERVICE CENTER,INDIA,42,BACHELOR'S,PRINCIPAL CONSULTANT,ENGINEERING,79186,MEDIUM,Y
CW,06-01-2022,22-02-2022,CALIFORNIA SERVICE CENTER,INDIA,44,MASTER'S,STAFF CONSULTANT,FINANCE,58989,LOW,N
C,25-03-2022,15-05-2022,NEBRASKA SERVICE CENTER,CANADA,37,MASTER'S,STAFF CONSULTANT,FINANCE,63710,MEDIUM,Y
C,25-09-2022,05-11-2022,nan,INDIA,24,MASTER'S,PRACTICE MANAGER,IT,96741,MEDIUM,Y
CW,26-11-2022,25-12-2022,NEBRASKA SERVICE CENTER,INDIA,,nan,STAFF CONSULTANT,IT,58989,LOW,Y
CW,22-02-2022,18-04-2022,POTOMAC SERVICE CENTER,INDIA,42,BACHELOR'S,SENIOR CONSULTANT,ENGINEERING,58989,LOW,Y
CW,15-01-2022,14-03-2022,NEBRASKA SERVICE CENTER,INDIA,57,MASTER'S,STAFF CONSULTANT,MEDICAL,58989,LOW,Y
C,,,VERMONT SERVICE CENTER,CHINA,38,MASTER'S,SOFTWARE ENGINEER,MEDICAL,68390,MEDIUM,N
C,28-12-2022,03-02-2023,NEBRASKA SERVICE CENTER,CANADA,37,MASTER'S,STAFF CONSULTANT,IT,67496,MEDIUM,Y
CW,21-01-2022,10-03-2022,POTOMAC SERVICE CENTER,INDIA,35,BACHELOR'S,STAFF CONSULTANT,ENGINEERING,58989,LOW,Y
C,30-06-2022,12-07-2022,NEBRASKA SERVICE CENTER,INDIA,50,BACHELOR'S,INTEGRATION TEST ENGINEER,IT,75650,MEDIUM,Y
C,24-08-2022,10-10-2022,TEXAS SERVICE CENTER,INDIA,57,MASTER'S,PRINCIPAL CONSULTANT,FINANCE,68390,MEDIUM,Y
C,29-06-2022,07-08-2022,TEXAS SERVICE CENTER,INDIA,43,MASTER'S,IT CONSULTANT,IT,68390,MEDIUM,Y
C,07-04-2022,30-05-2022,TEXAS SERVICE CENTER,INDIA,53,MASTER'S,DATABASE ARCHITECT,FINANCE,56472,LOW,Y
C,01-03-2022,22-04-2022,nan,INDIA,,MASTER'S,SYSTEMS CONSULTING SENIOR ANALYST,IT,74818,MEDIUM,Y
C,23-08-2022,23-09-2022,TEXAS SERVICE CENTER,INDIA,53,MASTER'S,SENIOR CONSULTANT,OTHER,107744,HIGH,Y
CW,10-06-2022,10-07-2022,nan,CHINA,,MASTER'S,STAFF CONSULTANT,IT,58989,LOW,N
C,24-02-2022,04-04-2022,TEXAS SERVICE CENTER,CHINA,33,MASTER'S,STAFF CONSULTANT,ENGINEERING,67496,MEDIUM,N
CW,01-09-2022,26-09-2022,CALIFORNIA SERVICE CENTER,INDIA,48,nan,LABORATORY GEOTECHNICAL ENGINEER,IT,62982,MEDIUM,Y
C,23-11-2022,13-12-2022,POTOMAC SERVICE CENTER,CHINA,52,BACHELOR'S,SENIOR FIELD ENGINEER,IT,108368,HIGH,Y
C,06-06-2022,06-07-2022,NEBRASKA SERVICE CENTER,INDIA,44,MASTER'S,STAFF CONSULTANT,IT,63710,MEDIUM,Y
C,,,VERMONT SERVICE CENTER,INDIA,22,MASTER'S,STAFF CONSULTANT,IT,78603,MEDIUM,Y
C,28-05-2022,27-07-2022,NEBRASKA SERVICE CENTER,INDIA,24,nan,CLOUD SERVICES CONSULTANT,OTHER,107744,HIGH,Y
CW,10-03-2022,11-04-2022,TEXAS SERVICE CENTER,nan,,BACHELOR'S,STAFF CONSULTANT,IT,58989,LOW,N
C,03-12-2022,24-12-2022,TEXAS SERVICE CENTER,INDIA,42,MASTER'S,PRINCIPAL SOFTWARE ENGINEER (MEMBER OF TECHNICAL STAFF),IT,105539,HIGH,Y
C,05-12-2022,01-01-2023,CALIFORNIA SERVICE CENTER,INDIA,32,BACHELOR'S,MARKET RESEARCH ANALYST,ENGINEERING,16.46,LOW,Y
C,11-02-2022,20-03-2022,POTOMAC SERVICE CENTER,CANADA,54,MASTER'S,SERVICE ENGINEER,IT,61630,MEDIUM,N
C,22-07-2022,12-09-2022,NEBRASKA SERVICE CENTER,CHINA,54,BACHELOR'S,MARKET RESEARCH ANALYST,IT,34237,LOW,Y
C,28-11-2022,18-12-2022,TEXAS SERVICE CENTER,INDIA,51,MASTER'S,GLOBAL SALES OPERATIONS SPECIALIST,ENGINEERING,69056,MEDIUM,Y
C,05-05-2022,11-06-2022,POTOMAC SERVICE CENTER,CHINA,,MASTER'S,PROJECT ENGINEER,MEDICAL,75525,MEDIUM,Y
C,07-03-2022,08-04-2022,nan,INDIA,55,BACHELOR'S,COMPUTER PROGRAMMER,IT,55390,LOW,Y
C,,,NEBRASKA SERVICE CENTER,INDIA,36,MASTER'S,ASSISTANT PROFESSOR OF MATHEMATICS,IT,42730,LOW,Y
C,12-09-2022,04-10-2022,CALIFORNIA SERVICE CENTER,CHINA,39,nan,INSTRUCTOR OF TECHNOLOGY,ENGINEERING,33310,LOW,Y
C,,,POTOMAC SERVICE CENTER,INDIA,29,MASTER'S,ASSISTANT PROFESSOR OF MARKETING,IT,39580,LOW,Y
C,01-04-2022,17-05-2022,POTOMAC SERVICE CENTER,CHINA,28,BACHELOR'S,ASSISTANT PROFESSOR OF COMPUTER SCIENCE,ENGINEERING,44160,LOW,Y
C,14-07-2022,24-07-2022,VERMONT SERVICE CENTER,INDIA,23,MASTER'S,PROGRAM MANAGER / PROJECT MANAGER,IT,56326,LOW,Y
C,22-10-2022,19-11-2022,VERMONT SERVICE CENTER,CHINA,50,BACHELOR'S,ASSISTANT PROFESSOR,IT,36800,LOW,Y
C,13-12-2022,07-01-2023,NEBRASKA SERVICE CENTER,CHINA,46,BACHELOR'S,NETWORK ENGINEER,MEDICAL,34778,LOW,Y
C,31-03-2022,21-04-2022,TEXAS SERVICE CENTER,INDIA,56,MASTER'S,GENERAL SURGEON,IT,187200,HIGH,N
C,04-08-2022,16-08-2022,NEBRASKA SERVICE CENTER,INDIA,47,BACHELOR'S,GENERAL MANAGER,IT,85280,MEDIUM,Y
W,20-06-2022,16-07-2022,nan,INDIA,28,BACHELOR'S,PROJECT COORDINATOR,IT,28725,LOW,N
C,03-07-2022,08-08-2022,NEBRASKA SERVICE CENTER,INDIA,52,MASTER'S,SOFTWARE ENGINEER,IT,47174,LOW,Y
C,08-04-2022,21-05-2022,TEXAS SERVICE CENTER,CHINA,54,MASTER'S,COMPUTER PROGRAMMER/CONFIGURER 2,FINANCE,36442,LOW,N
C,14-02-2022,22-03-2022,nan,PHILIPPINES,32,MASTER'S,TECHNICAL ARCHITECT,OTHER,53352,LOW,Y
C,20-09-2022,14-10-2022,CALIFORNIA SERVICE CENTER,CANADA,27,MASTER'S,PULMONOLOGY/CRITICAL CARE PHYSICIAN,ENGINEERING,200658,HIGH,Y
C,28-09-2022,17-10-2022,TEXAS SERVICE CENTER,INDIA,31,nan,COMPUTER PROGRAMMER,ENGINEERING,35090,LOW,Y
C,10-12-2022,03-02-2023,VERMONT SERVICE CENTER,INDIA,40,MASTER'S,SOFTWARE ENGINEER,IT,47174,LOW,Y
C,05-10-2022,24-10-2022,POTOMAC SERVICE CENTER,INDIA,41,MASTER'S,TECHNICAL ARCHITECT,EDUCATION,41038,LOW,Y
C,02-02-2022,12-02-2022,nan,INDIA,,MASTER'S,PROGRAM MANAGER/ PROJECT MANAGER,IT,58926,LOW,Y
C,27-12-2022,21-02-2023,nan,INDIA,25,MASTER'S,DENTIST,IT,42.95,LOW,Y
C,10-11-2022,30-11-2022,NEBRASKA SERVICE CENTER,INDIA,,MASTER'S,MEDICAL TECHNOLOGIST,IT,18.24,LOW,Y
C,17-02-2022,31-03-2022,nan,INDIA,56,MASTER'S,HEMATOLOGIST/ONCOLOGIST,ENGINEERING,200658,HIGH,Y
C,,,POTOMAC SERVICE CENTER,INDIA,,BACHELOR'S,NETWORK ENGINEER,IT,61630,MEDIUM,Y
C,10-11-2022,25-12-2022,TEXAS SERVICE CENTER,CHINA,42,MASTER'S,LOGISTICS SPECIALIST,IT,41205,LOW,Y
C,14-09-2022,01-10-2022,POTOMAC SERVICE CENTER,CHINA,25,MASTER'S,CROP CARE SPECIALIST ADVISOR,IT,14.35,LOW,Y
C,31-10-2022,09-12-2022,CALIFORNIA SERVICE CENTER,CHINA,44,BACHELOR'S,FACULTY RESEARCH ASSISTANT,IT,19.21,LOW,N
C,22-04-2022,20-05-2022,NEBRASKA SERVICE CENTER,INDIA,52,MASTER'S,JUNIOR JAVA DEVELOPER,IT,52166,LOW,N
CW,12-03-2022,19-04-2022,TEXAS SERVICE CENTER,nan,30,MASTER'S,SR. DEVELOPMENT ENGINEER,IT,111218,HIGH,N
C,26-12-2022,05-01-2023,POTOMAC SERVICE CENTER,INDIA,41,MASTER'S,DEVELOPMENT ENGINEER,IT,71843,MEDIUM,Y
W,12-06-2022,23-06-2022,NEBRASKA SERVICE CENTER,INDIA,,MASTER'S,SENIOR SCIENTIST,IT,62254,MEDIUM,Y
C,24-05-2022,12-07-2022,CALIFORNIA SERVICE CENTER,nan,38,MASTER'S,SENIOR SCIENTIST,IT,62254,MEDIUM,Y
C,19-02-2022,06-03-2022,nan,CANADA,,nan,ORACLE APPLICATIONS ENGINEER,IT,111218,HIGH,Y
C,31-08-2022,21-10-2022,VERMONT SERVICE CENTER,INDIA,45,BACHELOR'S,SOFTWARE ENGINEER,IT,52166,LOW,Y
CW,21-06-2022,10-08-2022,CALIFORNIA SERVICE CENTER,INDIA,,MASTER'S,BUSINESS INTELLIGENCE ANALYST,IT,87027,MEDIUM,Y
C,12-04-2022,14-05-2022,CALIFORNIA SERVICE CENTER,INDIA,52,MASTER'S,SR. DEVELOPMENT ENGINEER,IT,111218,HIGH,Y
C,20-04-2022,23-05-2022,CALIFORNIA SERVICE CENTER,INDIA,38,MASTER'S,ELECTRICAL ENGINEER,IT,81515,MEDIUM,Y
C,18-08-2022,03-09-2022,CALIFORNIA SERVICE CENTER,CHINA,52,MASTER'S,SOFTWARE ENGINEER,IT,52166,LOW,Y
W,18-06-2022,03-08-2022,TEXAS SERVICE CENTER,INDIA,37,BACHELOR'S,SENIOR SUPPLY PLANNING ANALYST,OTHER,64043,MEDIUM,Y
C,16-10-2022,29-10-2022,TEXAS SERVICE CENTER,INDIA,28,MASTER'S,DATABASE SOLUTION SYSTEMS ARCHITECT,ENGINEERING,111218,HIGH,Y
C,15-12-2022,10-01-2023,TEXAS SERVICE CENTER,INDIA,46,MASTER'S,MECHANICAL ENGINEER,IT,77002,MEDIUM,Y
CW,05-05-2022,29-05-2022,TEXAS SERVICE CENTER,CHINA,49,MASTER'S,LEAD ORACLE APPLICATIONS DEVELOPER,IT,87027,MEDIUM,N
CW,08-02-2022,09-04-2022,VERMONT SERVICE CENTER,CHINA,37,DOCTORATE,ORACLE APPLICATIONS DEVELOPER,IT,84906,MEDIUM,Y
C,20-10-2022,03-12-2022,VERMONT SERVICE CENTER,INDIA,51,BACHELOR'S,PLANT MANAGER,ENGINEERING,118851,HIGH,N
CW,01-05-2022,20-06-2022,POTOMAC SERVICE CENTER,INDIA,40,BACHELOR'S,DEVOPS MANAGER,IT,111218,HIGH,Y
CW,15-09-2022,02-11-2022,VERMONT SERVICE CENTER,INDIA,45,BACHELOR'S,SOFTWARE ENGINEER,IT,52166,LOW,Y
CW,03-01-2022,15-02-2022,VERMONT SERVICE CENTER,SOUTH KOREA,32,BACHELOR'S,PROGRAMMER ANALYST,IT,50211,LOW,Y
D,18-12-2022,22-01-2023,NEBRASKA SERVICE CENTER,nan,29,MASTER'S,ELECTRICAL ENGINEER,IT,81515,MEDIUM,Y
C,03-08-2022,26-09-2022,POTOMAC SERVICE CENTER,CHINA,52,MASTER'S,ORACLE DATABASE APPLICATION ADMINISTRATOR,OTHER,111218,HIGH,Y
C,23-07-2022,19-09-2022,CALIFORNIA SERVICE CENTER,INDIA,53,BACHELOR'S,SENIOR SCIENTIST,IT,54413,LOW,Y
CW,,,POTOMAC SERVICE CENTER,CHINA,26,MASTER'S,ETL/INFORMATICA DEVELOPER,IT,50856,LOW,Y
C,11-03-2022,29-03-2022,POTOMAC SERVICE CENTER,CANADA,54,MASTER'S,DATABASE ADMINISTRATOR,IT,54350,LOW,Y
C,01-05-2022,14-06-2022,CALIFORNIA SERVICE CENTER,MEXICO,23,BACHELOR'S,BIOSTATISTICIAN,IT,50128,LOW,Y
C,28-09-2022,12-11-2022,CALIFORNIA SERVICE CENTER,INDIA,43,BACHELOR'S,SALESFORCE DEVELOPER,IT,90646,MEDIUM,Y
C,27-03-2022,18-04-2022,TEXAS SERVICE CENTER,INDIA,51,BACHELOR'S,DIRECTOR OF INFRASTRUCTURE ENGINEERING,ENGINEERING,101566,HIGH,Y
C,15-01-2022,25-02-2022,POTOMAC SERVICE CENTER,INDIA,,BACHELOR'S,BUSINESS ANALYST II,ENGINEERING,95160,MEDIUM,Y
C,09-09-2022,04-11-2022,NEBRASKA SERVICE CENTER,CHINA,,MASTER'S,TECHNOLOGY ANALYST - US - PROFESSIONAL,ENGINEERING,62754,MEDIUM,Y
C,13-11-2022,07-12-2022,nan,SOUTH KOREA,34,MASTER'S,BUSINESS SYSTEM ANALYST,ENGINEERING,78957,MEDIUM,Y
C,24-12-2022,08-01-2023,nan,CHINA,57,DOCTORATE,DATA MANAGEMENT ARCHITECT,IT,76586,MEDIUM,Y
C,29-09-2022,28-11-2022,POTOMAC SERVICE CENTER,INDIA,39,nan,SOLUTION ARCHITECT,IT,116875,HIGH,Y
C,02-06-2022,05-07-2022,nan,INDIA,54,BACHELOR'S,SR. MARKETING SCIENCE ANALYST,IT,80933,MEDIUM,Y
C,04-05-2022,29-06-2022,nan,INDIA,53,BACHELOR'S,DEVELOPER,IT,67891,MEDIUM,N
C,16-11-2022,15-01-2023,POTOMAC SERVICE CENTER,INDIA,46,BACHELOR'S,RISK ANALYST,FINANCE,54538,LOW,Y
C,23-04-2022,06-06-2022,VERMONT SERVICE CENTER,INDIA,25,BACHELOR'S,ORACLE APPLICATIONS CONSULTANT - II,OTHER,85197,MEDIUM,Y
C,13-06-2022,03-08-2022,POTOMAC SERVICE CENTER,INDIA,43,MASTER'S,PROGRAMMER ANALYST,MEDICAL,62754,MEDIUM,Y
C,02-10-2022,05-11-2022,VERMONT SERVICE CENTER,nan,59,BACHELOR'S,CREDIT/SALES ANALYST,IT,49358,LOW,Y
C,06-10-2022,26-11-2022,POTOMAC SERVICE CENTER,PHILIPPINES,27,MASTER'S,JAVA DEVELOPER,EDUCATION,68827,MEDIUM,Y
C,28-10-2022,07-11-2022,NEBRASKA SERVICE CENTER,INDIA,48,MASTER'S,SAP BI DEVELOPER,IT,85197,MEDIUM,Y
C,22-11-2022,11-01-2023,POTOMAC SERVICE CENTER,INDIA,45,MASTER'S,LOGISTICS ENGINEER/SUPPLY CHAIN ANALYST,IT,49941,LOW,Y
C,,,NEBRASKA SERVICE CENTER,INDIA,49,BACHELOR'S,BUSINESS DEVELOPMENT SPECIALIST,ENGINEERING,63939,MEDIUM,Y
C,,,TEXAS SERVICE CENTER,INDIA,40,MASTER'S,DOMAIN CONSULTANT-L4,IT,91395,MEDIUM,N
C,17-02-2022,23-03-2022,TEXAS SERVICE CENTER,INDIA,42,MASTER'S,AERIAL MAP TECHNICIAN,IT,16.03,LOW,Y
C,08-09-2022,04-10-2022,CALIFORNIA SERVICE CENTER,CHINA,53,DOCTORATE,RESOURCING MANAGER,IT,60000,MEDIUM,Y
CW,06-02-2022,20-03-2022,VERMONT SERVICE CENTER,INDIA,36,BACHELOR'S,IT PROJECT MANAGER AND DELIVERY MANAGER,FINANCE,81515,MEDIUM,Y
C,03-10-2022,19-11-2022,POTOMAC SERVICE CENTER,INDIA,31,MASTER'S,BI CONSULTANT - II,IT,79498,MEDIUM,Y
C,18-01-2022,01-03-2022,CALIFORNIA SERVICE CENTER,CANADA,59,BACHELOR'S,SOFTWARE SYSTEMS ANALYST II,IT,78957,MEDIUM,Y
C,,,NEBRASKA SERVICE CENTER,INDIA,24,nan,AVP; LEAD CONSULTANT - TECH APPLICATIONS ENGINEERING,IT,101566,HIGH,Y
C,04-12-2022,15-12-2022,NEBRASKA SERVICE CENTER,CHINA,38,MASTER'S,SOFTWARE ARCHITECT ENGINEER II,IT,85197,MEDIUM,Y
CW,26-04-2022,12-06-2022,VERMONT SERVICE CENTER,MEXICO,40,BACHELOR'S,.NET DEVELOPER,EDUCATION,48.83,LOW,Y
C,22-05-2022,27-06-2022,VERMONT SERVICE CENTER,INDIA,56,MASTER'S,SR DEVOPS ENGINEER,IT,90646,MEDIUM,Y
C,,,VERMONT SERVICE CENTER,INDIA,24,BACHELOR'S,DOT NET DEVELOPER,OTHER,46301,LOW,Y
C,03-11-2022,23-12-2022,CALIFORNIA SERVICE CENTER,INDIA,,BACHELOR'S,PROGRAMMER ANALYST,IT,62754,MEDIUM,Y
C,05-04-2022,24-05-2022,CALIFORNIA SERVICE CENTER,INDIA,30,MASTER'S,SOFTWARE DEVELOPER,IT,85197,MEDIUM,N
C,13-05-2022,02-06-2022,nan,CANADA,32,BACHELOR'S,PROGRAMMER ANALYST,IT,62858,MEDIUM,Y
C,24-05-2022,05-07-2022,POTOMAC SERVICE CENTER,CANADA,47,BACHELOR'S,PROJECT MANAGER (ENVIRONMENTAL ENGINEER),IT,79123,MEDIUM,Y
C,13-09-2022,04-11-2022,NEBRASKA SERVICE CENTER,INDIA,34,BACHELOR'S,BUSINESS SYSTEMS ANALYST,IT,79414,MEDIUM,N
C,15-09-2022,22-10-2022,POTOMAC SERVICE CENTER,INDIA,45,BACHELOR'S,SENIOR CONSULTANT,OTHER,62754,MEDIUM,Y
C,09-08-2022,28-08-2022,TEXAS SERVICE CENTER,INDIA,29,BACHELOR'S,BUSINESS DEVELOPMENT MANAGER,IT,98821,MEDIUM,Y
C,31-01-2022,11-02-2022,NEBRASKA SERVICE CENTER,CANADA,,MASTER'S,SUPPLY PLANNING MANAGER,FINANCE,74506,MEDIUM,Y
C,16-03-2022,23-04-2022,POTOMAC SERVICE CENTER,INDIA,29,MASTER'S,APPLICATIONS DEVELOPER - I,ENGINEERING,68827,MEDIUM,Y
C,05-03-2022,04-04-2022,POTOMAC SERVICE CENTER,SOUTH KOREA,47,MASTER'S,VICE PRESIDENT,IT,103854,HIGH,Y
C,05-01-2022,05-02-2022,POTOMAC SERVICE CENTER,INDIA,59,DOCTORATE,PROGRAMMER ANALYST,ENGINEERING,46301,LOW,Y
C,10-08-2022,15-09-2022,nan,INDIA,45,BACHELOR'S,"VICE PRESIDENT, TECH MANAGER - APPS PROG",IT,95160,MEDIUM,Y
C,27-12-2022,19-01-2023,TEXAS SERVICE CENTER,nan,49,MASTER'S,MICROSOFT BI - II,ENGINEERING,79498,MEDIUM,Y
CW,13-06-2022,20-07-2022,nan,INDIA,,MASTER'S,ORACLE DATABASE DEVELOPER,IT,90646,MEDIUM,N
C,05-04-2022,11-05-2022,POTOMAC SERVICE CENTER,INDIA,53,BACHELOR'S,ARCHITECT,IT,90646,MEDIUM,Y
CW,13-09-2022,05-10-2022,TEXAS SERVICE CENTER,INDIA,33,nan,PROGRAMMER ANALYST,ENGINEERING,46301,LOW,Y
CW,10-10-2022,05-11-2022,VERMONT SERVICE CENTER,INDIA,44,MASTER'S,TECHNICAL LEAD,ENGINEERING,96678,MEDIUM,Y
C,15-06-2022,27-06-2022,TEXAS SERVICE CENTER,INDIA,54,MASTER'S,JAVA DEVELOPER - I,MEDICAL,68827,MEDIUM,N
C,29-09-2022,15-10-2022,TEXAS SERVICE CENTER,INDIA,53,BACHELOR'S,PEGA ARCHITECT,ENGINEERING,64938,MEDIUM,Y
C,17-12-2022,30-01-2023,VERMONT SERVICE CENTER,INDIA,40,MASTER'S,BUSINESS ANALYST - I,OTHER,62754,MEDIUM,Y
C,31-08-2022,13-10-2022,NEBRASKA SERVICE CENTER,INDIA,25,BACHELOR'S,PEGA ARCHITECT,FINANCE,64938,MEDIUM,Y
C,,,TEXAS SERVICE CENTER,INDIA,29,BACHELOR'S,PROGRAMMER ANALYST,ENGINEERING,62754,MEDIUM,Y
CW,29-05-2022,15-06-2022,nan,INDIA,,DOCTORATE,IT PROJECT MANAGER AND DELIVERY MANAGER,IT,81515,MEDIUM,Y
C,10-03-2022,21-03-2022,POTOMAC SERVICE CENTER,INDIA,25,BACHELOR'S,DEVELOPER,IT,67891,MEDIUM,Y
C,05-10-2022,05-11-2022,POTOMAC SERVICE CENTER,INDIA,41,MASTER'S,ASSOCIATE SPECIALIST-TECHNOLOGY/SOFTWARE DEVELOPER,OTHER,101566,HIGH,N
C,26-08-2022,05-10-2022,nan,nan,55,BACHELOR'S,"ENGINEER II, RM & CM",FINANCE,87651,MEDIUM,Y
C,05-04-2022,22-04-2022,POTOMAC SERVICE CENTER,INDIA,24,MASTER'S,SOLUTION ARCHITECT,EDUCATION,101566,HIGH,Y
C,24-02-2022,08-04-2022,CALIFORNIA SERVICE CENTER,INDIA,,BACHELOR'S,LEAD-QUALITY CONTROL/QUALITY ASSURANCE ANALYST,ENGINEERING,76586,MEDIUM,Y
C,02-03-2022,23-03-2022,nan,INDIA,47,MASTER'S,SOFTWARE DEVELOPER,EDUCATION,68827,MEDIUM,Y
C,10-07-2022,05-08-2022,NEBRASKA SERVICE CENTER,INDIA,26,nan,TECHNICAL SALES SUPPORT SPECIALIST,IT,93683,MEDIUM,Y
C,29-01-2022,18-03-2022,NEBRASKA SERVICE CENTER,INDIA,32,MASTER'S,DATA SCIENTIST,EDUCATION,49088,LOW,Y
C,,,POTOMAC SERVICE CENTER,CHINA,49,BACHELOR'S,SOFTWARE ENGINEER,FINANCE,68827,MEDIUM,Y
W,17-05-2022,03-07-2022,CALIFORNIA SERVICE CENTER,MEXICO,44,MASTER'S,SENIOR HADOOP ADMINISTRATOR,IT,86819,MEDIUM,N
C,,,VERMONT SERVICE CENTER,MEXICO,47,BACHELOR'S,DATA WAREHOUSING SPECIALIST,IT,79498,MEDIUM,N
C,23-01-2022,08-03-2022,nan,CHINA,55,MASTER'S,TECHNICAL SALES SUPPORT SPECIALIST,IT,71386,MEDIUM,Y
C,17-05-2022,30-05-2022,TEXAS SERVICE CENTER,INDIA,31,MASTER'S,DEVELOPER II,MEDICAL,90646,MEDIUM,Y
C,13-07-2022,05-08-2022,CALIFORNIA SERVICE CENTER,INDIA,38,nan,SENIOR SOFTWARE DEVELOPER,IT,85197,MEDIUM,Y
C,15-09-2022,11-10-2022,POTOMAC SERVICE CENTER,INDIA,,nan,ACCOUNTING ANALYST,ENGINEERING,47715,LOW,Y
C,10-09-2022,02-10-2022,POTOMAC SERVICE CENTER,SOUTH KOREA,53,DOCTORATE,MANAGER,OTHER,101566,HIGH,Y
C,29-12-2022,09-01-2023,TEXAS SERVICE CENTER,INDIA,34,MASTER'S,SECURITY ENGINEER,ENGINEERING,71386,MEDIUM,Y
C,06-04-2022,26-05-2022,TEXAS SERVICE CENTER,SOUTH KOREA,50,MASTER'S,TECHNOLOGY OPERATIONS MANAGER,IT,103854,HIGH,Y
C,29-11-2022,17-01-2023,nan,CANADA,36,MASTER'S,BI CONSULTANT II,MEDICAL,101566,HIGH,Y
C,20-04-2022,28-05-2022,NEBRASKA SERVICE CENTER,INDIA,41,BACHELOR'S,APPLICATION PROGRAMMER SPECIALIST,OTHER,85197,MEDIUM,Y
C,08-07-2022,04-08-2022,POTOMAC SERVICE CENTER,CHINA,28,nan,APPLICATION ARCHITECT,MEDICAL,40.96,LOW,Y
CW,11-06-2022,11-07-2022,CALIFORNIA SERVICE CENTER,CHINA,26,MASTER'S,INFORMATION SECURITY ANALYST,EDUCATION,77605,MEDIUM,Y
C,17-01-2022,15-02-2022,POTOMAC SERVICE CENTER,INDIA,22,MASTER'S,SOFTWARE DEVELOPER,IT,117936,HIGH,Y
C,31-05-2022,29-06-2022,CALIFORNIA SERVICE CENTER,CHINA,31,MASTER'S,PROGRAMMER ANALYST,IT,70554,MEDIUM,Y
C,17-03-2022,28-03-2022,nan,MEXICO,,BACHELOR'S,PROGRAMMER ANALYST,IT,62754,MEDIUM,Y
CW,27-10-2022,04-12-2022,NEBRASKA SERVICE CENTER,INDIA,46,MASTER'S,IT PROJECT MANAGER AND DELIVERY MANAGER,IT,81515,MEDIUM,Y
C,09-10-2022,31-10-2022,CALIFORNIA SERVICE CENTER,INDIA,43,MASTER'S,SOFTWARE DEVELOPER,EDUCATION,85197,MEDIUM,Y
CW,11-08-2022,11-09-2022,CALIFORNIA SERVICE CENTER,INDIA,34,DOCTORATE,NETWORK AND COMPUTER SYSTEM ADMINISTRATOR,IT,72301,MEDIUM,Y
C,06-05-2022,08-06-2022,POTOMAC SERVICE CENTER,CHINA,24,BACHELOR'S,BUSINESS SYSTEMS ANALYST,FINANCE,60798,MEDIUM,Y
C,01-01-2022,01-02-2022,POTOMAC SERVICE CENTER,INDIA,40,BACHELOR'S,GRADUATE INTERN,IT,51688,LOW,Y
C,,,TEXAS SERVICE CENTER,INDIA,34,MASTER'S,COMPUTER NETWORK ARCHITECT,IT,96574,MEDIUM,Y
C,01-04-2022,22-04-2022,nan,MEXICO,28,MASTER'S,TECHNICAL LEAD,IT,60798,MEDIUM,Y
C,,,CALIFORNIA SERVICE CENTER,INDIA,45,MASTER'S,ORACLE APPLICATIONS CONSULTANT - II,IT,85197,MEDIUM,Y
C,,,POTOMAC SERVICE CENTER,CANADA,59,BACHELOR'S,TECHNOLOGY ANALYST - US - PROFESSIONAL,IT,62754,MEDIUM,Y
C,,,CALIFORNIA SERVICE CENTER,INDIA,55,MASTER'S,INTERNATIONAL BUSINESS DEVELOPMENT DIRECTOR,ENGINEERING,95139,MEDIUM,Y
C,30-03-2022,21-04-2022,CALIFORNIA SERVICE CENTER,INDIA,42,MASTER'S,PROGRAMMER ANALYST,FINANCE,62754,MEDIUM,Y
C,11-11-2022,25-11-2022,VERMONT SERVICE CENTER,CHINA,46,MASTER'S,COMPUTER PROGRAMMER,OTHER,67891,MEDIUM,Y
C,31-07-2022,17-08-2022,TEXAS SERVICE CENTER,INDIA,23,MASTER'S,PROGRAMMER ANALYST,IT,62754,MEDIUM,N
C,01-02-2022,28-02-2022,POTOMAC SERVICE CENTER,INDIA,46,MASTER'S,PROGRAMMER ANALYST,ENGINEERING,46301,LOW,Y
W,20-01-2022,26-02-2022,CALIFORNIA SERVICE CENTER,nan,31,BACHELOR'S,BI CONSULTANT- II,FINANCE,85197,MEDIUM,Y
C,04-07-2022,29-08-2022,CALIFORNIA SERVICE CENTER,INDIA,51,MASTER'S,ORACLE APPLICATIONS CONSULTANT - I,ENGINEERING,68827,MEDIUM,Y
C,28-05-2022,25-07-2022,CALIFORNIA SERVICE CENTER,INDIA,28,DOCTORATE,PROGRAMMER ANALYST,MEDICAL,46301,LOW,Y
C,15-03-2022,01-05-2022,nan,nan,26,BACHELOR'S,IT BUSINESS SYSTEM ANALYST,IT,62754,MEDIUM,Y
C,22-03-2022,13-04-2022,POTOMAC SERVICE CENTER,INDIA,59,MASTER'S,BUSINESS SYSTEMS ANALYST,IT,78957,MEDIUM,Y
C,12-01-2022,11-03-2022,CALIFORNIA SERVICE CENTER,INDIA,33,DOCTORATE,COMPUTER SPECIALIST/TESTING AND QUALITY ANALYST 2,FINANCE,79498,MEDIUM,Y
C,09-11-2022,23-12-2022,nan,CHINA,59,BACHELOR'S,PROGRAMMER ANALYST,IT,62754,MEDIUM,Y
C,,,nan,INDIA,,MASTER'S,SOLUTION ARCHITECT,IT,101566,HIGH,Y
C,,,VERMONT SERVICE CENTER,INDIA,49,MASTER'S,FINANCIAL ANALYST,IT,68519,MEDIUM,Y
C,,,POTOMAC SERVICE CENTER,MEXICO,29,BACHELOR'S,ORACLE APPLICATIONS CONSULTANT - I,IT,68827,MEDIUM,Y
C,01-07-2022,03-08-2022,POTOMAC SERVICE CENTER,INDIA,23,BACHELOR'S,SOFTWARE DEVELOPMENT ANALYST II,ENGINEERING,85197,MEDIUM,N
C,24-03-2022,05-05-2022,nan,PHILIPPINES,57,BACHELOR'S,COMPUTER SPECIALIST/TESTING AND QUALITY ANALYST 2,ENGINEERING,79498,MEDIUM,Y
C,19-07-2022,16-08-2022,NEBRASKA SERVICE CENTER,PHILIPPINES,59,MASTER'S,TECHNOLOGY ANALYST - US - PROFESSIONAL,MEDICAL,62754,MEDIUM,Y
C,26-03-2022,09-05-2022,nan,INDIA,56,MASTER'S,RADIO FREQUENCY NETWORK ENGINEER,EDUCATION,73050,MEDIUM,Y
C,25-08-2022,12-10-2022,VERMONT SERVICE CENTER,CANADA,,BACHELOR'S,ASSOCIATE AUDITOR,IT,47715,LOW,Y
C,18-02-2022,25-03-2022,NEBRASKA SERVICE CENTER,INDIA,30,MASTER'S,ORACLE DBA - II,IT,71323,MEDIUM,Y
CW,05-07-2022,19-07-2022,POTOMAC SERVICE CENTER,INDIA,28,MASTER'S,DEVOPS ENGINEER,OTHER,85883,MEDIUM,Y
D,19-08-2022,14-09-2022,TEXAS SERVICE CENTER,INDIA,45,BACHELOR'S,PROJECT ENGINEER,FINANCE,62130,MEDIUM,Y
C,16-04-2022,08-05-2022,nan,INDIA,50,nan,SENIOR SOFTWARE ENGINEER,IT,85197,MEDIUM,Y
C,13-11-2022,14-12-2022,NEBRASKA SERVICE CENTER,INDIA,28,DOCTORATE,ORACLE APPLICATIONS CONSULTANT - I,IT,68827,MEDIUM,Y
C,05-12-2022,02-02-2023,nan,CHINA,58,MASTER'S,TECHNOLOGY ANALYST - US - PROFESSIONAL,IT,62754,MEDIUM,Y
C,03-11-2022,28-11-2022,CALIFORNIA SERVICE CENTER,INDIA,33,MASTER'S,PROGRAMMER ANALYST,IT,46301,LOW,Y
C,28-01-2022,05-03-2022,NEBRASKA SERVICE CENTER,CHINA,22,DOCTORATE,BUSINESS INTELLIGENCE DEVELOPER,IT,98176,MEDIUM,Y
C,15-08-2022,07-09-2022,TEXAS SERVICE CENTER,INDIA,57,BACHELOR'S,SALES ENGINEER,FINANCE,71386,MEDIUM,Y
C,,,VERMONT SERVICE CENTER,INDIA,25,BACHELOR'S,CUSTOMER INSIGHTS AND EXPECTATIONS SPECIALIST,IT,54059,LOW,Y
C,15-12-2022,27-01-2023,CALIFORNIA SERVICE CENTER,CANADA,53,MASTER'S,BI CONSULTANT - II,ENGINEERING,85197,MEDIUM,Y
C,10-03-2022,14-04-2022,POTOMAC SERVICE CENTER,INDIA,46,MASTER'S,Q&A ANALYST,IT,60798,MEDIUM,Y
C,17-12-2022,06-02-2023,nan,INDIA,44,nan,DATABASE ARCHITECT,IT,71323,MEDIUM,N
C,27-07-2022,12-08-2022,VERMONT SERVICE CENTER,INDIA,53,BACHELOR'S,BI CONSULTANT - II,OTHER,85197,MEDIUM,Y
C,11-06-2022,26-06-2022,TEXAS SERVICE CENTER,CHINA,50,MASTER'S,SOFTWARE DEVELOPER APPLICATION,IT,85197,MEDIUM,Y
C,,,VERMONT SERVICE CENTER,INDIA,37,MASTER'S,SENIOR SOFTWARE DEVELOPER,IT,107806,HIGH,Y
C,09-06-2022,06-07-2022,CALIFORNIA SERVICE CENTER,INDIA,25,MASTER'S,SR. PROGRAMMER ANALYST,IT,79414,MEDIUM,Y
C,03-09-2022,18-09-2022,NEBRASKA SERVICE CENTER,INDIA,34,MASTER'S,SOLUTION ARCHITECT,MEDICAL,101566,HIGH,Y
W,,,NEBRASKA SERVICE CENTER,INDIA,23,MASTER'S,SR DEVOPS ENGINEER,IT,68827,MEDIUM,Y
C,30-01-2022,10-03-2022,TEXAS SERVICE CENTER,CHINA,57,BACHELOR'S,SENIOR SOFTWARE DEVELOPER,IT,107806,HIGH,Y
C,10-05-2022,18-06-2022,POTOMAC SERVICE CENTER,INDIA,45,MASTER'S,ORACLE APPLICATIONS CONSULTANT - I,IT,68827,MEDIUM,Y
C,19-08-2022,04-09-2022,POTOMAC SERVICE CENTER,MEXICO,22,BACHELOR'S,SENIOR DEVELOPER,IT,114712,HIGH,Y
C,21-01-2022,07-03-2022,POTOMAC SERVICE CENTER,INDIA,36,MASTER'S,QA ANALYST - I,IT,60798,MEDIUM,Y
C,,,NEBRASKA SERVICE CENTER,INDIA,59,MASTER'S,BUSINESS INTELLIGENCE DEVELOPER,OTHER,68827,MEDIUM,Y
C,23-11-2022,11-12-2022,NEBRASKA SERVICE CENTER,CHINA,29,nan,SOFTWARE ENGINEER,IT,101566,HIGH,Y
C,20-02-2022,21-04-2022,CALIFORNIA SERVICE CENTER,INDIA,32,MASTER'S,BUSINESS ANALYST,IT,78957,MEDIUM,Y
C,,,nan,CHINA,26,MASTER'S,COMPUTER PROGRAMMER/CONFIGURER 2,IT,67891,MEDIUM,Y
W,08-01-2022,10-02-2022,POTOMAC SERVICE CENTER,INDIA,46,BACHELOR'S,RECRUITER,IT,25.58,LOW,Y
C,23-11-2022,13-01-2023,POTOMAC SERVICE CENTER,INDIA,30,BACHELOR'S,SENIOR SOFTWARE DEVELOPER,ENGINEERING,90646,MEDIUM,Y
C,31-07-2022,11-09-2022,NEBRASKA SERVICE CENTER,INDIA,46,BACHELOR'S,COMPUTER SPECIALIST/SYSTEM SUPPORT AND DEVELOPMENT ADMIN 2,MEDICAL,79498,MEDIUM,Y
C,02-07-2022,26-07-2022,VERMONT SERVICE CENTER,INDIA,32,nan,SR. CONSULTANT PROFESSIONAL SERVICES (15-1199.01),IT,60798,MEDIUM,Y
CW,03-11-2022,22-11-2022,nan,INDIA,56,MASTER'S,SENIOR PROGRAMMER ANALYST,OTHER,67891,MEDIUM,N
C,25-08-2022,04-10-2022,POTOMAC SERVICE CENTER,INDIA,34,MASTER'S,SOFTWARE TEST ENGINEER,IT,60798,MEDIUM,Y
C,,,TEXAS SERVICE CENTER,PHILIPPINES,52,MASTER'S,SOFTWARE DEVELOPER,ENGINEERING,85197,MEDIUM,Y
CW,19-09-2022,14-11-2022,CALIFORNIA SERVICE CENTER,CHINA,29,MASTER'S,NETWORK AND COMPUTER SYSTEM ADMINISTRATOR,IT,72301,MEDIUM,N
C,,,nan,INDIA,53,BACHELOR'S,SENIOR SOFTWARE DEVELOPER (PEGA DEVELOPER),IT,107806,HIGH,Y
C,16-07-2022,08-08-2022,nan,INDIA,48,MASTER'S,SOFTWARE ENGINEER,ENGINEERING,22.26,LOW,Y
C,17-06-2022,04-07-2022,CALIFORNIA SERVICE CENTER,INDIA,27,nan,PROGRAMMER,IT,67891,MEDIUM,Y
C,16-03-2022,17-04-2022,VERMONT SERVICE CENTER,INDIA,55,BACHELOR'S,RF ENGINEER,FINANCE,71843,MEDIUM,Y
C,27-10-2022,09-12-2022,nan,INDIA,26,nan,PEOPLESOFT SPECIALIST,IT,90646,MEDIUM,Y
CW,25-01-2022,26-02-2022,NEBRASKA SERVICE CENTER,MEXICO,31,DOCTORATE,DEVOPS ENGINEER,IT,85883,MEDIUM,Y
CW,,,VERMONT SERVICE CENTER,CHINA,53,MASTER'S,DEVOPS ENGINEER,IT,72717,MEDIUM,Y
C,27-12-2022,10-02-2023,TEXAS SERVICE CENTER,INDIA,27,MASTER'S,LOANBEAM PRODUCT MANAGER,IT,140670,HIGH,Y
C,26-10-2022,10-12-2022,CALIFORNIA SERVICE CENTER,CHINA,34,nan,LEAD ENGINEER I,FINANCE,101566,HIGH,N
C,16-11-2022,05-12-2022,TEXAS SERVICE CENTER,CANADA,31,BACHELOR'S,SOFTWARE DEVELOPER,IT,85197,MEDIUM,Y
C,08-05-2022,31-05-2022,NEBRASKA SERVICE CENTER,INDIA,53,MASTER'S,SOFTWARE DEVLEOPER - APPLICATIONS,ENGINEERING,43.58,LOW,Y
C,31-12-2022,27-01-2023,NEBRASKA SERVICE CENTER,CHINA,48,MASTER'S,SENIOR APPLICATION SUPPORT ANALYST,IT,78957,MEDIUM,Y
C,28-02-2022,14-04-2022,VERMONT SERVICE CENTER,INDIA,26,MASTER'S,ORACLE APPLICATIONS CONSULTANT - I,IT,68827,MEDIUM,Y
C,02-03-2022,29-03-2022,nan,CHINA,40,BACHELOR'S,MARKET RESEARCH ANALYST AND MARKETING SPECIALIST,IT,45136,LOW,Y
C,07-05-2022,17-06-2022,TEXAS SERVICE CENTER,INDIA,44,nan,PROJECT MANAGER,EDUCATION,79498,MEDIUM,Y
C,01-01-2023,25-02-2023,TEXAS SERVICE CENTER,INDIA,38,MASTER'S,VICE PRESIDENT; CNSLT - SYSTEMS ENG,OTHER,87651,MEDIUM,Y
C,02-09-2022,18-09-2022,CALIFORNIA SERVICE CENTER,INDIA,29,BACHELOR'S,APPLICATION PROGRAMMER SPECIALIST,IT,90646,MEDIUM,Y
CW,05-08-2022,18-08-2022,nan,INDIA,34,BACHELOR'S,IT PROJECT MANAGER AND DELIVERY MANAGER,IT,81515,MEDIUM,Y
CW,16-11-2022,08-01-2023,NEBRASKA SERVICE CENTER,INDIA,,DOCTORATE,"DIRECTOR, DATA MANAGEMENT",IT,116875,HIGH,Y
C,23-04-2022,16-06-2022,VERMONT SERVICE CENTER,CHINA,57,nan,PRODUCTION ENGINEER,IT,61568,MEDIUM,Y
C,14-02-2022,28-03-2022,VERMONT SERVICE CENTER,nan,26,MASTER'S,SENIOR PROJECT MANAGER - US - PRACTITIONER,OTHER,110365,HIGH,Y
C,23-10-2022,13-12-2022,VERMONT SERVICE CENTER,CANADA,40,MASTER'S,SR. PROGRAMMER ANALYST,FINANCE,107806,HIGH,Y
C,31-10-2022,21-11-2022,VERMONT SERVICE CENTER,INDIA,36,BACHELOR'S,PROGRAMMER ANALYST,IT,62754,MEDIUM,Y
C,17-09-2022,27-09-2022,CALIFORNIA SERVICE CENTER,INDIA,55,MASTER'S,STAFF GEOLOGIST,IT,130790,HIGH,Y
CW,08-12-2022,31-12-2022,TEXAS SERVICE CENTER,INDIA,,MASTER'S,NETWORK ARCHITECT,EDUCATION,85634,MEDIUM,Y
C,06-01-2022,25-02-2022,CALIFORNIA SERVICE CENTER,nan,,MASTER'S,BI CONSULTANT - II,FINANCE,85197,MEDIUM,Y
C,02-02-2022,06-03-2022,CALIFORNIA SERVICE CENTER,INDIA,24,MASTER'S,ATG DEVELOPER,IT,90646,MEDIUM,Y
C,28-10-2022,19-12-2022,VERMONT SERVICE CENTER,INDIA,,BACHELOR'S,PROGRAMMER ANALYST,IT,46301,LOW,Y
C,17-02-2022,02-04-2022,nan,CHINA,,BACHELOR'S,BI CONSULTANT - II,IT,85197,MEDIUM,Y
C,14-05-2022,15-06-2022,NEBRASKA SERVICE CENTER,nan,51,MASTER'S,QUALITY  ASSURANCE ANALYST,IT,62754,MEDIUM,Y
W,29-09-2022,16-11-2022,CALIFORNIA SERVICE CENTER,INDIA,,BACHELOR'S,SOFTWARE DEVELOPER,FINANCE,113755,HIGH,Y
C,25-12-2022,05-02-2023,NEBRASKA SERVICE CENTER,INDIA,56,BACHELOR'S,ACCOUNTANT,IT,22.94,LOW,Y
C,14-06-2022,24-07-2022,nan,INDIA,32,BACHELOR'S,SOFTWARE ENGINEER,IT,101566,HIGH,Y
C,05-07-2022,18-08-2022,POTOMAC SERVICE CENTER,INDIA,57,DOCTORATE,VICE PRESIDENT OF MERGERS & ACQUISITIONS,MEDICAL,152693,HIGH,Y
C,26-01-2022,05-02-2022,POTOMAC SERVICE CENTER,CHINA,,MASTER'S,ACCOUNTING ANALYST,IT,47715,LOW,Y
C,22-07-2022,28-08-2022,nan,INDIA,50,BACHELOR'S,CHIEF OPERATING OFFICER,ENGINEERING,186056,HIGH,Y
C,17-03-2022,10-05-2022,POTOMAC SERVICE CENTER,INDIA,,BACHELOR'S,JAVA DEVELOPER - II,MEDICAL,85197,MEDIUM,Y
C,12-12-2022,02-01-2023,TEXAS SERVICE CENTER,INDIA,,BACHELOR'S,PROGRAMMER ANALYST,IT,62754,MEDIUM,Y
C,,,CALIFORNIA SERVICE CENTER,INDIA,48,nan,SOFTWARE ENGINEER,FINANCE,68827,MEDIUM,Y
C,03-07-2022,12-08-2022,POTOMAC SERVICE CENTER,CHINA,40,BACHELOR'S,IT BUSINESS ANALYST,IT,62754,MEDIUM,Y
C,25-01-2022,25-03-2022,VERMONT SERVICE CENTER,CHINA,27,MASTER'S,WEB DEVELOPER,MEDICAL,46155,LOW,Y
C,26-07-2022,12-09-2022,nan,INDIA,42,BACHELOR'S,PROGRAMMER ANALYST,IT,62754,MEDIUM,Y
CW,24-02-2022,09-04-2022,POTOMAC SERVICE CENTER,INDIA,25,BACHELOR'S,REVENUE RECOVERY ANALYST,IT,52624,LOW,Y
C,08-05-2022,10-06-2022,VERMONT SERVICE CENTER,PHILIPPINES,30,MASTER'S,PROJECT ENGINEER,IT,63690,MEDIUM,Y
C,29-01-2022,16-02-2022,NEBRASKA SERVICE CENTER,INDIA,30,BACHELOR'S,BUSINESS INTELLIGENCE DEVELOPER,IT,78957,MEDIUM,Y
C,08-02-2022,18-03-2022,VERMONT SERVICE CENTER,INDIA,39,BACHELOR'S,SOFTWARE ENGINEER,IT,85197,MEDIUM,Y
C,03-12-2022,15-01-2023,POTOMAC SERVICE CENTER,INDIA,58,MASTER'S,PROGRAMMER ANALYST,IT,46301,LOW,Y
C,11-10-2022,22-10-2022,POTOMAC SERVICE CENTER,SOUTH KOREA,51,MASTER'S,DIRECTOR OF REAL ESTATE,IT,77792,MEDIUM,Y
C,07-12-2022,26-12-2022,POTOMAC SERVICE CENTER,INDIA,28,MASTER'S,DATABASE ADMINISTRATOR,IT,55474,LOW,Y
C,14-01-2022,02-03-2022,TEXAS SERVICE CENTER,INDIA,43,BACHELOR'S,AUDIENCE MANAGEMENT ANALYST,IT,62754,MEDIUM,Y
C,28-04-2022,18-05-2022,POTOMAC SERVICE CENTER,INDIA,52,BACHELOR'S,E-COMMERCE LEAD,IT,107806,HIGH,Y
C,13-02-2022,29-03-2022,TEXAS SERVICE CENTER,INDIA,51,BACHELOR'S,BUSINESS ANALYST,EDUCATION,54059,LOW,Y
C,20-01-2022,10-02-2022,CALIFORNIA SERVICE CENTER,INDIA,,MASTER'S,TECHNICAL CONSULTANT,IT,103367,HIGH,Y
CW,08-09-2022,05-10-2022,POTOMAC SERVICE CENTER,INDIA,59,MASTER'S,SENIOR PROGRAMMER ANALYST,ENGINEERING,67891,MEDIUM,Y
C,19-07-2022,02-09-2022,nan,INDIA,,BACHELOR'S,VICE PRESIDENT OF RISK MANAGEMENT (11-3031.02),FINANCE,158496,HIGH,Y
C,16-12-2022,09-01-2023,TEXAS SERVICE CENTER,CANADA,23,MASTER'S,ASSISTANT PROJECT MANAGER,ENGINEERING,76523,MEDIUM,Y
C,17-03-2022,03-04-2022,POTOMAC SERVICE CENTER,INDIA,36,BACHELOR'S,BUSINESS INTELLIGENCE/DATABASE SOLUTION ARCHITECT,FINANCE,98176,MEDIUM,Y
W,,,TEXAS SERVICE CENTER,INDIA,36,BACHELOR'S,DATABASE ADMINISTRATOR,IT,71323,MEDIUM,Y
C,,,TEXAS SERVICE CENTER,CANADA,,BACHELOR'S,PROGRAMMER ANALYST,FINANCE,46301,LOW,Y
C,17-03-2022,14-05-2022,NEBRASKA SERVICE CENTER,INDIA,36,nan,SOFTWARE DEVELOPER,IT,85197,MEDIUM,Y
C,23-04-2022,08-06-2022,POTOMAC SERVICE CENTER,INDIA,,MASTER'S,AVP; CONSULTANT - APPS PROG,IT,101566,HIGH,N
C,12-02-2022,15-03-2022,POTOMAC SERVICE CENTER,INDIA,24,MASTER'S,"DEVELOPER II, AUTOMATION (15-1199.01)",ENGINEERING,76586,MEDIUM,Y
C,14-03-2022,28-03-2022,CALIFORNIA SERVICE CENTER,INDIA,48,BACHELOR'S,SYSTEM ADMINISTRATOR,IT,75941,MEDIUM,Y
C,31-08-2022,13-09-2022,VERMONT SERVICE CENTER,INDIA,59,MASTER'S,DEVELOPMENT MANAGER SENIOR,ENGINEERING,99590,MEDIUM,Y
C,17-09-2022,18-10-2022,NEBRASKA SERVICE CENTER,INDIA,58,MASTER'S,ETL DEVELOPER,IT,116875,HIGH,Y
C,20-01-2022,15-02-2022,TEXAS SERVICE CENTER,INDIA,50,MASTER'S,BUSINESS ANALYST,IT,62754,MEDIUM,Y
C,12-08-2022,25-09-2022,NEBRASKA SERVICE CENTER,INDIA,51,MASTER'S,DATABASE ADMINISTRATOR,IT,87173,MEDIUM,Y
C,12-06-2022,10-07-2022,VERMONT SERVICE CENTER,PHILIPPINES,31,MASTER'S,SOFTWARE ENGINEER,IT,68827,MEDIUM,N
C,30-11-2022,07-01-2023,NEBRASKA SERVICE CENTER,INDIA,33,DOCTORATE,SUPPLY CHAIN ANALYST,IT,25.99,LOW,Y
C,12-06-2022,29-06-2022,nan,INDIA,56,nan,SENIOR FULL-STACK .NET DEVELOPER,IT,117936,HIGH,Y
D,,,VERMONT SERVICE CENTER,MEXICO,50,nan,PRINCIPAL APPLICATIONS DEVELOPER,OTHER,117936,HIGH,Y
C,06-09-2022,28-10-2022,nan,CANADA,40,BACHELOR'S,LEAD-SOFTWARE/SOFTWARE DEVELOPER,IT,101566,HIGH,Y
C,30-12-2022,08-02-2023,nan,CANADA,29,nan,BI CONSULTANT - I,IT,68827,MEDIUM,Y
C,15-02-2022,31-03-2022,POTOMAC SERVICE CENTER,INDIA,39,BACHELOR'S,DATA SCIENTIST,IT,66560,MEDIUM,Y
C,24-06-2022,10-07-2022,CALIFORNIA SERVICE CENTER,SOUTH KOREA,,MASTER'S,COMPUTER SYSTEMS ANALYST,IT,78957,MEDIUM,Y
C,19-03-2022,04-04-2022,CALIFORNIA SERVICE CENTER,SOUTH KOREA,59,MASTER'S,PROGRAMMER ANALYST,FINANCE,62754,MEDIUM,Y
C,21-07-2022,27-08-2022,TEXAS SERVICE CENTER,INDIA,,MASTER'S,TECHNOLOGY ANALYST - US,FINANCE,62754,MEDIUM,Y
C,10-04-2022,02-06-2022,POTOMAC SERVICE CENTER,CANADA,40,MASTER'S,ORACLE APPLICATIONS CONSULTANT II,FINANCE,117936,HIGH,Y
C,17-11-2022,08-12-2022,CALIFORNIA SERVICE CENTER,INDIA,41,MASTER'S,SOFTWARE ENGINEER,IT,68827,MEDIUM,Y
CW,02-05-2022,13-06-2022,NEBRASKA SERVICE CENTER,INDIA,54,MASTER'S,ASSOCIATE VETERINARIAN,ENGINEERING,77376,MEDIUM,Y
C,13-02-2022,10-04-2022,VERMONT SERVICE CENTER,CHINA,41,BACHELOR'S,TECHNOLOGY LEAD - US - PRACTITIONER,ENGINEERING,78957,MEDIUM,Y
C,16-07-2022,25-08-2022,TEXAS SERVICE CENTER,INDIA,55,BACHELOR'S,OFFICER; SPECIALIST - SYS/DATA SECURITY,MEDICAL,69139,MEDIUM,Y
C,11-08-2022,26-09-2022,nan,INDIA,27,MASTER'S,ORACLE DBA - II,FINANCE,71323,MEDIUM,Y
C,06-10-2022,18-10-2022,TEXAS SERVICE CENTER,INDIA,54,MASTER'S,HADOOP ADMINISTRATOR,IT,86819,MEDIUM,N
C,09-01-2022,05-02-2022,NEBRASKA SERVICE CENTER,INDIA,25,MASTER'S,LEAD-TECHNOLOGY/APPLICATION PROGRAMMER,IT,79414,MEDIUM,Y
C,18-10-2022,27-11-2022,VERMONT SERVICE CENTER,INDIA,47,BACHELOR'S,PROGRAMMER ANALYST,ENGINEERING,62754,MEDIUM,Y
C,31-01-2022,05-03-2022,POTOMAC SERVICE CENTER,INDIA,45,MASTER'S,CONSULTANT,IT,69139,MEDIUM,Y
C,,,VERMONT SERVICE CENTER,INDIA,25,MASTER'S,SENIOR SOLUTIONS ARCHITECT,IT,114712,HIGH,Y
C,17-10-2022,19-11-2022,CALIFORNIA SERVICE CENTER,INDIA,59,MASTER'S,ATG DEVELOPER,EDUCATION,124946,HIGH,Y
C,01-07-2022,27-08-2022,TEXAS SERVICE CENTER,CHINA,38,MASTER'S,BUSINESS CONSULTANT,IT,80887,MEDIUM,Y
C,05-04-2022,04-06-2022,POTOMAC SERVICE CENTER,SOUTH KOREA,54,nan,SENIOR SOFTWARE AUTOMATION TEST ENGINEER,MEDICAL,103875,HIGH,Y
C,15-08-2022,05-10-2022,TEXAS SERVICE CENTER,INDIA,29,MASTER'S,LEAD ENGINEER I,IT,85197,MEDIUM,Y
C,19-05-2022,13-06-2022,VERMONT SERVICE CENTER,CHINA,32,BACHELOR'S,CONSULTANT - US,IT,78957,MEDIUM,Y
C,20-11-2022,12-12-2022,VERMONT SERVICE CENTER,SOUTH KOREA,35,MASTER'S,SYSTEMS ENGINEER,IT,68827,MEDIUM,Y
C,12-02-2022,09-03-2022,nan,MEXICO,37,BACHELOR'S,FINANCIAL ANALYST,MEDICAL,54538,LOW,Y
C,31-03-2022,14-04-2022,POTOMAC SERVICE CENTER,INDIA,52,MASTER'S,PROGRAMMER ANALYST,FINANCE,46301,LOW,Y
C,22-01-2022,07-02-2022,CALIFORNIA SERVICE CENTER,INDIA,52,nan,TECHNICAL TEST LEAD - US - PRACTITIONER,IT,79498,MEDIUM,Y
C,25-10-2022,16-11-2022,TEXAS SERVICE CENTER,CHINA,45,BACHELOR'S,SR. CONSULTANT PROFESSIONAL SERVICES (15-1199.01),OTHER,60798,MEDIUM,Y
C,26-06-2022,21-08-2022,POTOMAC SERVICE CENTER,INDIA,38,BACHELOR'S,ORACLE APPLICATIONS LEAD,IT,101566,HIGH,Y
C,19-05-2022,29-05-2022,VERMONT SERVICE CENTER,INDIA,33,MASTER'S,ORACLE APPLICATIONS CONSULTANT - II,MEDICAL,85197,MEDIUM,Y
C,17-07-2022,29-08-2022,TEXAS SERVICE CENTER,CHINA,45,MASTER'S,TECHNICAL TEST LEAD - US - PROFESSIONAL,IT,79498,MEDIUM,Y
C,18-02-2022,16-03-2022,VERMONT SERVICE CENTER,INDIA,33,MASTER'S,JAVA DEVELOPER - II,IT,85197,MEDIUM,Y
C,17-05-2022,21-06-2022,nan,INDIA,33,BACHELOR'S,PROJECT MANAGER,FINANCE,60798,MEDIUM,Y
C,09-04-2022,12-05-2022,TEXAS SERVICE CENTER,INDIA,40,BACHELOR'S,BIG DATA ARCHITECT,ENGINEERING,74776,MEDIUM,Y
CW,08-12-2022,03-01-2023,nan,nan,40,DOCTORATE,"SENIOR CONSULTANT - MANAGEMENT, TRAINING, AND DEVELOPMENT",ENGINEERING,52270,LOW,Y
C,10-12-2022,10-01-2023,nan,INDIA,57,nan,TECHNOLOGY LEAD - US,IT,78957,MEDIUM,Y
C,22-12-2022,02-01-2023,CALIFORNIA SERVICE CENTER,INDIA,44,MASTER'S,SOLUTION ARCHITECT,IT,101566,HIGH,Y
C,14-08-2022,14-09-2022,CALIFORNIA SERVICE CENTER,INDIA,53,MASTER'S,QA ANALYST - II,IT,79498,MEDIUM,Y
C,06-10-2022,19-10-2022,NEBRASKA SERVICE CENTER,SOUTH KOREA,56,MASTER'S,DEVELOPER USER INTERFACE,IT,78395,MEDIUM,Y
C,04-12-2022,07-01-2023,TEXAS SERVICE CENTER,INDIA,44,nan,PROGRAMMER ANALYST,IT,62754,MEDIUM,N
C,,,TEXAS SERVICE CENTER,INDIA,22,BACHELOR'S,SENIOR SOFTWARE AUTOMATION TEST ENGINEER,MEDICAL,90646,MEDIUM,Y
CW,22-09-2022,11-10-2022,TEXAS SERVICE CENTER,INDIA,56,MASTER'S,SOFTWARE DEVELOPER,MEDICAL,85197,MEDIUM,Y
C,,,CALIFORNIA SERVICE CENTER,CHINA,51,BACHELOR'S,SOFTWARE ENGINEER,IT,68827,MEDIUM,Y
C,01-03-2022,18-03-2022,CALIFORNIA SERVICE CENTER,INDIA,45,BACHELOR'S,VMWARE/SYSTEMS ADMINISTRATOR,ENGINEERING,59592,LOW,Y
C,26-05-2022,18-07-2022,nan,PHILIPPINES,58,MASTER'S,LEAD ENGINEER I,IT,68827,MEDIUM,Y
C,20-02-2022,17-03-2022,TEXAS SERVICE CENTER,CHINA,32,nan,JAVA DEVELOPER - I,ENGINEERING,68827,MEDIUM,Y
C,13-12-2022,14-01-2023,TEXAS SERVICE CENTER,INDIA,,BACHELOR'S,SENIOR SOFTWARE DEVELOPER,IT,85197,MEDIUM,Y
C,12-11-2022,22-11-2022,nan,PHILIPPINES,,MASTER'S,COMPUTER SPECIALIST/TESTING AND QUALITY ANALYST 2,FINANCE,79498,MEDIUM,Y
C,17-04-2022,01-05-2022,nan,INDIA,31,BACHELOR'S,HADOOP ARCHITECT,IT,116875,HIGH,Y
C,,,VERMONT SERVICE CENTER,INDIA,43,MASTER'S,VICE PRESIDENT - BUSINESS DEVELOPMENT,IT,140670,HIGH,Y
C,13-11-2022,07-12-2022,TEXAS SERVICE CENTER,INDIA,,MASTER'S,PEOPLESOFT RELEASE MANAGER & INFRASTRUCTURE LEAD,IT,99590,MEDIUM,Y
C,19-04-2022,05-06-2022,TEXAS SERVICE CENTER,INDIA,25,MASTER'S,COMPUTER SYSTEMS ANALYST,EDUCATION,78957,MEDIUM,Y
C,27-12-2022,10-01-2023,POTOMAC SERVICE CENTER,nan,47,MASTER'S,SENIOR SOFTWARE DEVELOPER,ENGINEERING,90646,MEDIUM,Y
C,06-07-2022,29-08-2022,TEXAS SERVICE CENTER,INDIA,,BACHELOR'S,SOFTWARE ENGINEER,FINANCE,68827,MEDIUM,Y
C,21-06-2022,31-07-2022,POTOMAC SERVICE CENTER,INDIA,56,BACHELOR'S,COMPUTER SYSTEMS ANALYST/ARCHITECT,ENGINEERING,79414,MEDIUM,Y
C,04-03-2022,23-03-2022,nan,INDIA,,MASTER'S,SENIOR PROJECT MANAGER,IT,79498,MEDIUM,Y
CW,31-08-2022,24-10-2022,VERMONT SERVICE CENTER,INDIA,38,MASTER'S,JAVA DEVELOPER,IT,68827,MEDIUM,Y
C,23-02-2022,16-03-2022,NEBRASKA SERVICE CENTER,INDIA,31,MASTER'S,TECHNOLOGY ARCHITECT - US,IT,98176,MEDIUM,Y
C,04-01-2022,30-01-2022,NEBRASKA SERVICE CENTER,INDIA,39,nan,DATA WAREHOUSING SPECIALIST,MEDICAL,116875,HIGH,Y
C,30-08-2022,22-09-2022,CALIFORNIA SERVICE CENTER,INDIA,,nan,SALES ENGINEER,MEDICAL,71386,MEDIUM,Y
C,11-01-2022,11-03-2022,CALIFORNIA SERVICE CENTER,INDIA,51,BACHELOR'S,PROGRAMMER ANALYST,MEDICAL,62754,MEDIUM,Y
C,26-07-2022,29-08-2022,TEXAS SERVICE CENTER,PHILIPPINES,53,BACHELOR'S,DESIGN INTERN,IT,54309,LOW,Y
C,12-12-2022,21-01-2023,VERMONT SERVICE CENTER,SOUTH KOREA,52,BACHELOR'S,QA LEAD,IT,70554,MEDIUM,Y
C,12-12-2022,03-01-2023,NEBRASKA SERVICE CENTER,SOUTH KOREA,30,BACHELOR'S,SALES ENGINEER,IT,71386,MEDIUM,Y
C,07-04-2022,22-05-2022,TEXAS SERVICE CENTER,INDIA,22,MASTER'S,ENGINEERING ANALYST,EDUCATION,68827,MEDIUM,Y
C,11-01-2022,03-03-2022,NEBRASKA SERVICE CENTER,CHINA,27,BACHELOR'S,PROGRAMMER ANALYST - II,IT,67891,MEDIUM,Y
C,17-11-2022,24-12-2022,NEBRASKA SERVICE CENTER,INDIA,29,MASTER'S,SENIOR SOFTWARE ENGINEER,IT,117936,HIGH,N
C,16-01-2022,27-01-2022,nan,INDIA,38,BACHELOR'S,DESIGN INTERN,IT,51667,LOW,Y
C,05-06-2022,10-07-2022,NEBRASKA SERVICE CENTER,INDIA,23,MASTER'S,FINANCIAL ACCOUNTANT,IT,22.94,LOW,Y
C,03-05-2022,30-06-2022,nan,CHINA,30,MASTER'S,PROGRAMMER ANALYST,IT,62754,MEDIUM,N
C,15-12-2022,14-01-2023,CALIFORNIA SERVICE CENTER,CHINA,54,BACHELOR'S,DATA ANALYST,OTHER,60798,MEDIUM,Y
C,18-04-2022,31-05-2022,CALIFORNIA SERVICE CENTER,CHINA,22,MASTER'S,PROGRAMMER ANALYST,IT,62754,MEDIUM,N
C,13-02-2022,22-03-2022,NEBRASKA SERVICE CENTER,INDIA,49,MASTER'S,PROGRAMMER ANALYST,IT,62754,MEDIUM,N
C,,,CALIFORNIA SERVICE CENTER,INDIA,42,nan,SENIOR SOFTWARE DEVELOPER,ENGINEERING,90646,MEDIUM,Y
CW,27-12-2022,29-01-2023,VERMONT SERVICE CENTER,INDIA,40,nan,QA ANALYST,IT,60133,MEDIUM,Y
C,15-12-2022,04-01-2023,NEBRASKA SERVICE CENTER,INDIA,22,MASTER'S,SENIOR CONSULTANT,ENGINEERING,74131,MEDIUM,Y
C,22-08-2022,18-10-2022,nan,INDIA,49,MASTER'S,SENIOR SOFTWARE AUTOMATION TEST ENGINEER,IT,107806,HIGH,Y
C,08-06-2022,25-07-2022,nan,SOUTH KOREA,47,MASTER'S,SOFTWARE DEVELOPER,IT,68827,MEDIUM,Y
C,05-11-2022,29-11-2022,CALIFORNIA SERVICE CENTER,CHINA,31,MASTER'S,SYSTEM ADMINISTRATOR - II,IT,73195,MEDIUM,Y
C,06-11-2022,25-11-2022,CALIFORNIA SERVICE CENTER,INDIA,24,DOCTORATE,PROGRAMMER ANALYST,IT,60798,MEDIUM,Y
C,05-12-2022,20-12-2022,NEBRASKA SERVICE CENTER,INDIA,37,nan,SOFTWARE SYSTEMS ANALYST II,IT,79414,MEDIUM,Y
C,06-04-2022,16-04-2022,CALIFORNIA SERVICE CENTER,INDIA,39,nan,BI CONSULTANT - II,FINANCE,79498,MEDIUM,Y
C,27-09-2022,08-11-2022,VERMONT SERVICE CENTER,INDIA,37,MASTER'S,SENIOR CONSULTANT,IT,74131,MEDIUM,Y
C,04-08-2022,26-09-2022,nan,INDIA,43,BACHELOR'S,SOLUTION ARCHITECT,IT,101566,HIGH,Y
C,30-05-2022,19-07-2022,NEBRASKA SERVICE CENTER,CHINA,49,nan,PROGRAMMER ANALYST,IT,62754,MEDIUM,N
C,16-05-2022,30-06-2022,POTOMAC SERVICE CENTER,INDIA,,BACHELOR'S,SENIOR QUALITY ASSURANCE TESTER,IT,93475,MEDIUM,Y
CW,04-10-2022,28-10-2022,nan,INDIA,44,MASTER'S,LEAD ENGINEER II,IT,81952,MEDIUM,Y
W,23-07-2022,03-08-2022,POTOMAC SERVICE CENTER,INDIA,52,BACHELOR'S,VISTARAIT INC,IT,85197,MEDIUM,Y
C,07-10-2022,03-12-2022,NEBRASKA SERVICE CENTER,INDIA,,MASTER'S,SYSTEMS DEVELOPER -II,ENGINEERING,85197,MEDIUM,Y
C,24-07-2022,10-08-2022,CALIFORNIA SERVICE CENTER,SOUTH KOREA,50,MASTER'S,SOFTWARE ENGINEER III,IT,101566,HIGH,Y
C,,,nan,INDIA,44,MASTER'S,AVP; LEAD CONSULTANT - TECH APPLICATIONS ENGINEERING,IT,101566,HIGH,Y
C,15-09-2022,01-10-2022,nan,INDIA,30,MASTER'S,ORACLE APPLICATIONS CONSULTANT - II,IT,85197,MEDIUM,Y
CW,30-09-2022,08-11-2022,CALIFORNIA SERVICE CENTER,INDIA,35,BACHELOR'S,PROGRMMER ANALYST,IT,52499,LOW,N
C,15-03-2022,28-04-2022,CALIFORNIA SERVICE CENTER,INDIA,51,DOCTORATE,PRODUCTION SERVICES LEAD,IT,98176,MEDIUM,N
C,16-02-2022,21-03-2022,VERMONT SERVICE CENTER,CHINA,32,nan,TECHNICAL RECRUITER,ENGINEERING,53206,LOW,N
CW,29-04-2022,21-06-2022,TEXAS SERVICE CENTER,INDIA,53,MASTER'S,SR. CONSULTANT,IT,99258,MEDIUM,N
C,08-03-2022,06-05-2022,POTOMAC SERVICE CENTER,INDIA,37,BACHELOR'S,ORACLE APPLICATIONS CONSULTANT - II,ENGINEERING,85197,MEDIUM,Y
C,19-01-2022,12-02-2022,NEBRASKA SERVICE CENTER,INDIA,55,MASTER'S,PROGRAMMER ANALYST,OTHER,46301,LOW,Y
C,17-12-2022,12-01-2023,NEBRASKA SERVICE CENTER,SOUTH KOREA,44,MASTER'S,STORAGE SYSTEMS ADMINISTRATOR,IT,86819,MEDIUM,Y
W,13-01-2022,09-03-2022,VERMONT SERVICE CENTER,INDIA,29,MASTER'S,SALES ENGINEER,FINANCE,71386,MEDIUM,Y
C,20-03-2022,13-05-2022,POTOMAC SERVICE CENTER,nan,49,MASTER'S,JAVA DEVELOPER - I,IT,68827,MEDIUM,Y
C,,,nan,INDIA,39,MASTER'S,APPLICATION PROGRAMMER,IT,68827,MEDIUM,Y
C,26-12-2022,19-02-2023,POTOMAC SERVICE CENTER,INDIA,47,MASTER'S,SOFTWARE ENGINEER,IT,33.09,LOW,Y
C,01-02-2022,07-03-2022,nan,INDIA,44,MASTER'S,ETL DEVELOPER,IT,116875,HIGH,N
C,13-12-2022,11-01-2023,NEBRASKA SERVICE CENTER,INDIA,24,nan,BUSINESS ANALYST,IT,55931,LOW,Y
C,08-10-2022,27-11-2022,TEXAS SERVICE CENTER,INDIA,46,nan,PROGRAMMER ANALYST,IT,46301,LOW,Y
C,05-07-2022,24-08-2022,NEBRASKA SERVICE CENTER,INDIA,,MASTER'S,HUMAN RESOURCES SPECIALIST,IT,25.58,LOW,Y
CW,28-02-2022,03-04-2022,TEXAS SERVICE CENTER,INDIA,,MASTER'S,PROGRAMMER ANALYST,IT,45011,LOW,Y
C,01-06-2022,20-06-2022,nan,INDIA,59,BACHELOR'S,TECHNOLOGY ANALYST - US,ENGINEERING,62754,MEDIUM,Y
C,16-06-2022,10-07-2022,NEBRASKA SERVICE CENTER,nan,58,BACHELOR'S,PROGRAMMER ANALYST,MEDICAL,62754,MEDIUM,N
C,15-06-2022,05-07-2022,VERMONT SERVICE CENTER,INDIA,35,BACHELOR'S,SENIOR SOFTWARE DEVELOPER,OTHER,90646,MEDIUM,Y
C,12-07-2022,04-08-2022,POTOMAC SERVICE CENTER,INDIA,,MASTER'S,SOFTWARE ENGINEER,ENGINEERING,68827,MEDIUM,Y
C,14-06-2022,03-07-2022,TEXAS SERVICE CENTER,INDIA,,BACHELOR'S,DIRECTOR OF PRODUCT MANAGEMENT,IT,110700,HIGH,Y
C,20-06-2022,18-07-2022,VERMONT SERVICE CENTER,PHILIPPINES,38,BACHELOR'S,SOFTWARE DEVELOPER,ENGINEERING,68827,MEDIUM,Y
C,26-09-2022,16-10-2022,NEBRASKA SERVICE CENTER,INDIA,,MASTER'S,PROGRAMMER ANALYST,OTHER,46301,LOW,Y
C,26-02-2022,08-03-2022,nan,nan,57,MASTER'S,SENIOR SOLUTION ARCHITECT,MEDICAL,79498,MEDIUM,Y
C,,,CALIFORNIA SERVICE CENTER,INDIA,53,BACHELOR'S,DATA MANAGEMENT ARCHITECT,FINANCE,76586,MEDIUM,Y
C,18-09-2022,12-11-2022,VERMONT SERVICE CENTER,INDIA,43,MASTER'S,GRADUATE INTERN,FINANCE,51688,LOW,Y
C,07-08-2022,31-08-2022,POTOMAC SERVICE CENTER,MEXICO,,nan,"COMPUTER SOFTWARE ENGINEER, APPLICATIONS",IT,80023,MEDIUM,Y
C,03-12-2022,30-01-2023,NEBRASKA SERVICE CENTER,CANADA,34,BACHELOR'S,PROGRAMMER ANALYST,ENGINEERING,67891,MEDIUM,Y
C,24-11-2022,15-12-2022,NEBRASKA SERVICE CENTER,INDIA,55,MASTER'S,COMPUTER SYSTEMS ANALYST,EDUCATION,62754,MEDIUM,Y
C,22-08-2022,11-09-2022,CALIFORNIA SERVICE CENTER,INDIA,44,BACHELOR'S,JAVA DEVELOPER - II,MEDICAL,85197,MEDIUM,Y
C,06-05-2022,02-07-2022,CALIFORNIA SERVICE CENTER,INDIA,33,MASTER'S,SOFTWARE DEVELOPER,MEDICAL,107806,HIGH,Y
C,,,VERMONT SERVICE CENTER,INDIA,23,MASTER'S,SOFTWARE ARCHITECT,ENGINEERING,107806,HIGH,N
C,21-03-2022,21-04-2022,NEBRASKA SERVICE CENTER,INDIA,30,MASTER'S,FINANCIAL ANALYST,IT,54538,LOW,Y
C,09-07-2022,07-08-2022,CALIFORNIA SERVICE CENTER,INDIA,39,BACHELOR'S,APPLICATION ARCHITECT,IT,40.96,LOW,Y
C,25-06-2022,30-07-2022,NEBRASKA SERVICE CENTER,INDIA,23,MASTER'S,BI CONSULTANT - II,EDUCATION,79498,MEDIUM,Y
C,26-02-2022,16-04-2022,TEXAS SERVICE CENTER,INDIA,27,MASTER'S,SENIOR PROGRAMMER ANALYST,FINANCE,95160,MEDIUM,Y
C,27-01-2022,16-02-2022,POTOMAC SERVICE CENTER,INDIA,54,MASTER'S,"VICE PRESIDENT, TECH MANAGER - APPS PROG",IT,98176,MEDIUM,Y
C,25-02-2022,13-04-2022,NEBRASKA SERVICE CENTER,INDIA,53,BACHELOR'S,SOFTWARE DESIGNER,IT,85197,MEDIUM,Y
C,13-06-2022,08-08-2022,TEXAS SERVICE CENTER,INDIA,47,MASTER'S,PROGRAMMER ANALYST,FINANCE,78957,MEDIUM,Y
C,25-11-2022,24-01-2023,NEBRASKA SERVICE CENTER,PHILIPPINES,44,BACHELOR'S,PROGRAMMER ANALYST,EDUCATION,46301,LOW,Y
D,24-12-2022,10-01-2023,NEBRASKA SERVICE CENTER,INDIA,48,MASTER'S,ATTORNEY,IT,39.22,LOW,Y
C,09-07-2022,21-07-2022,nan,INDIA,57,BACHELOR'S,SOFTWARE ENGINEER,ENGINEERING,68827,MEDIUM,Y
C,,,NEBRASKA SERVICE CENTER,INDIA,29,MASTER'S,SOFTWARE ENGINEER,IT,68827,MEDIUM,Y
C,14-07-2022,02-08-2022,CALIFORNIA SERVICE CENTER,INDIA,33,MASTER'S,TECHNOLOGY LEAD - US - PROFESSIONAL,IT,78957,MEDIUM,Y
C,28-07-2022,22-09-2022,NEBRASKA SERVICE CENTER,INDIA,,MASTER'S,RESOURCING MANAGER,ENGINEERING,60000,MEDIUM,Y
C,04-11-2022,19-11-2022,POTOMAC SERVICE CENTER,INDIA,37,BACHELOR'S,LAWYER,ENGINEERING,39.22,LOW,Y
C,26-02-2022,26-03-2022,VERMONT SERVICE CENTER,INDIA,55,nan,SENIOR SOFTWARE QUALITY ASSURANCE ANALYST,ENGINEERING,79414,MEDIUM,Y
C,21-12-2022,06-01-2023,TEXAS SERVICE CENTER,SOUTH KOREA,30,nan,TECHNICAL SALES SUPPORT SPECIALIST,IT,71386,MEDIUM,Y
W,19-08-2022,06-09-2022,POTOMAC SERVICE CENTER,INDIA,32,MASTER'S,BUSINESS ANALYST,IT,62754,MEDIUM,Y
C,29-11-2022,25-12-2022,VERMONT SERVICE CENTER,PHILIPPINES,32,MASTER'S,PROGRAMMER ANALYST,FINANCE,79414,MEDIUM,Y
C,24-02-2022,30-03-2022,VERMONT SERVICE CENTER,CHINA,48,MASTER'S,PROGRAMMER ANALYST,MEDICAL,62754,MEDIUM,Y
C,15-04-2022,05-06-2022,NEBRASKA SERVICE CENTER,CHINA,,MASTER'S,DEVELOPER USER INTERFACE,ENGINEERING,59530,LOW,Y
C,01-09-2022,02-10-2022,NEBRASKA SERVICE CENTER,INDIA,55,BACHELOR'S,LEAD - SOFTWARE,IT,79000,MEDIUM,Y
C,13-10-2022,29-11-2022,NEBRASKA SERVICE CENTER,SOUTH KOREA,30,BACHELOR'S,SR. CONSULTANT PROFESSIONAL SERVICES,IT,76586,MEDIUM,Y
C,20-02-2022,18-04-2022,VERMONT SERVICE CENTER,INDIA,26,MASTER'S,PERFORMANCE ENGINEER,ENGINEERING,88700,MEDIUM,Y
C,,,VERMONT SERVICE CENTER,INDIA,52,MASTER'S,SOFTWARE ENGINEER II,ENGINEERING,68827,MEDIUM,Y
C,12-07-2022,08-08-2022,nan,PHILIPPINES,44,MASTER'S,SENIOR SOFTWARE DEVELOPER,ENGINEERING,90646,MEDIUM,Y
C,20-03-2022,11-04-2022,TEXAS SERVICE CENTER,INDIA,38,BACHELOR'S,QUALITY SOFTWARE ENGINEER,IT,60798,MEDIUM,Y
C,15-10-2022,29-11-2022,POTOMAC SERVICE CENTER,INDIA,44,MASTER'S,DEVELOPER USER INTERFACE,IT,59530,LOW,Y
C,12-03-2022,20-04-2022,NEBRASKA SERVICE CENTER,CANADA,43,MASTER'S,RISK ANALYST,IT,43.58,LOW,Y
C,20-02-2022,16-04-2022,POTOMAC SERVICE CENTER,INDIA,56,MASTER'S,PROGRAMMER ANALYST,ENGINEERING,62754,MEDIUM,Y
C,30-04-2022,02-06-2022,POTOMAC SERVICE CENTER,INDIA,32,BACHELOR'S,PROGRAMMER ANALYST,IT,67891,MEDIUM,Y
C,27-02-2022,23-04-2022,nan,CHINA,23,MASTER'S,STAFF ACCOUNTANT,IT,22.94,LOW,N
C,22-03-2022,03-05-2022,VERMONT SERVICE CENTER,nan,45,MASTER'S,SENIOR PROJECT MANAGER - US,MEDICAL,110365,HIGH,Y
C,18-03-2022,08-04-2022,VERMONT SERVICE CENTER,INDIA,31,MASTER'S,TECHNOLOGY ANALYST - US,IT,62754,MEDIUM,Y
C,27-01-2022,07-02-2022,CALIFORNIA SERVICE CENTER,CHINA,47,MASTER'S,SR. IT ANALYST,FINANCE,62754,MEDIUM,N
CW,08-07-2022,25-07-2022,nan,INDIA,47,BACHELOR'S,INTERNAL AUDITOR,IT,61152,MEDIUM,Y
C,24-05-2022,08-06-2022,CALIFORNIA SERVICE CENTER,nan,,BACHELOR'S,MANAGEMENT ANALYST,MEDICAL,55931,LOW,Y
C,28-01-2022,15-02-2022,CALIFORNIA SERVICE CENTER,INDIA,43,MASTER'S,USER EXPERIENCE (UX) ARCHITECT,IT,85197,MEDIUM,Y
C,08-11-2022,16-12-2022,NEBRASKA SERVICE CENTER,CHINA,28,MASTER'S,PROGRAMMER ANALYST,IT,46301,LOW,Y
C,,,CALIFORNIA SERVICE CENTER,CANADA,48,BACHELOR'S,SOFTWARE DEVELOPER,IT,85197,MEDIUM,Y
C,03-08-2022,14-09-2022,CALIFORNIA SERVICE CENTER,INDIA,52,MASTER'S,PROGRAMMER ANALYST,ENGINEERING,67891,MEDIUM,N
C,,,VERMONT SERVICE CENTER,INDIA,49,MASTER'S,SENIOR QUALITY ASSURANCE TESTER,IT,93475,MEDIUM,Y
C,04-11-2022,26-12-2022,VERMONT SERVICE CENTER,INDIA,36,MASTER'S,SENIOR SOFTWARE DEVELOPER,IT,65042,MEDIUM,Y
W,29-03-2022,17-04-2022,POTOMAC SERVICE CENTER,INDIA,32,nan,STAFF ACCOUNTANT,IT,47715,LOW,Y
C,16-02-2022,07-04-2022,TEXAS SERVICE CENTER,CANADA,41,MASTER'S,SENIOR GEOPHYSICIST,FINANCE,130790,HIGH,Y
C,19-06-2022,05-07-2022,VERMONT SERVICE CENTER,INDIA,47,nan,JAVA DEVELOPER - I,IT,68827,MEDIUM,Y
C,03-10-2022,18-10-2022,VERMONT SERVICE CENTER,INDIA,23,MASTER'S,PARTNER MANAGER,EDUCATION,73466,MEDIUM,Y
C,24-12-2022,26-01-2023,NEBRASKA SERVICE CENTER,INDIA,22,BACHELOR'S,SR DEVOPS ENGINEER,IT,85197,MEDIUM,Y
C,08-03-2022,04-04-2022,TEXAS SERVICE CENTER,INDIA,38,MASTER'S,ASSISTANT PROJECT MANAGER,IT,60798,MEDIUM,Y
C,10-06-2022,06-07-2022,nan,INDIA,47,MASTER'S,ASSISTANT MANAGER-SOFTWARE/APPLICATION PROGRAMMER,IT,80400,MEDIUM,Y
CW,10-11-2022,16-12-2022,CALIFORNIA SERVICE CENTER,INDIA,,BACHELOR'S,PRINCIPAL CONSULTANT,MEDICAL,60133,MEDIUM,Y
C,10-11-2022,30-12-2022,VERMONT SERVICE CENTER,INDIA,28,MASTER'S,JAVA DEVELOPER - II,OTHER,85197,MEDIUM,Y
C,09-03-2022,28-03-2022,POTOMAC SERVICE CENTER,INDIA,46,MASTER'S,CHIEF OPERATING OFFICER,IT,186056,HIGH,Y
C,,,CALIFORNIA SERVICE CENTER,CANADA,,MASTER'S,SOLUTION ARCHITECT,IT,98176,MEDIUM,N
C,30-03-2022,10-05-2022,VERMONT SERVICE CENTER,INDIA,28,BACHELOR'S,FINANCIAL ANALYST II,ENGINEERING,63900,MEDIUM,Y
C,15-03-2022,30-03-2022,VERMONT SERVICE CENTER,CHINA,41,MASTER'S,SOFTWARE ENGINEER,IT,68827,MEDIUM,Y
C,31-03-2022,14-04-2022,nan,INDIA,57,nan,SOFTWARE DEVELOPER,ENGINEERING,85197,MEDIUM,N
C,05-02-2022,01-03-2022,TEXAS SERVICE CENTER,INDIA,56,BACHELOR'S,COMPUTER PROGRAMMER,ENGINEERING,46301,LOW,N
C,01-01-2022,26-02-2022,TEXAS SERVICE CENTER,INDIA,57,MASTER'S,SENIOR BUSINESS ANALYST,OTHER,62754,MEDIUM,Y
C,28-01-2022,20-03-2022,CALIFORNIA SERVICE CENTER,CHINA,32,MASTER'S,SENIOR SOFTWARE AUTOMATION TEST ENGINEER,IT,107806,HIGH,Y
C,26-03-2022,10-04-2022,nan,CHINA,33,MASTER'S,JAVA DEVELOPER - II,IT,85197,MEDIUM,Y
C,25-11-2022,21-12-2022,TEXAS SERVICE CENTER,INDIA,27,MASTER'S,SOFTWARE DESIGNER,FINANCE,101566,HIGH,Y
C,05-11-2022,06-12-2022,nan,INDIA,35,MASTER'S,SOFTWARE DEVELOPER APPLICATION,IT,90646,MEDIUM,Y
C,28-02-2022,06-04-2022,NEBRASKA SERVICE CENTER,PHILIPPINES,48,BACHELOR'S,JAVA DEVELOPER - II,IT,90646,MEDIUM,Y
C,30-04-2022,08-06-2022,VERMONT SERVICE CENTER,CANADA,37,MASTER'S,E-COMMERCE SYSTEMS ANALYST/STRATEGIEST,IT,92893,MEDIUM,Y
C,17-05-2022,04-06-2022,VERMONT SERVICE CENTER,INDIA,38,MASTER'S,SOFTWARE DEVELOPER,IT,68827,MEDIUM,N
C,01-03-2022,24-04-2022,POTOMAC SERVICE CENTER,CANADA,34,BACHELOR'S,SOFTWARE DEVELOPER,IT,90646,MEDIUM,Y
C,07-05-2022,01-06-2022,NEBRASKA SERVICE CENTER,INDIA,48,MASTER'S,BUSINESS INTELLIGENCE DEVELOPER,IT,98176,MEDIUM,Y
W,12-12-2022,06-01-2023,NEBRASKA SERVICE CENTER,INDIA,58,MASTER'S,SR DEVOPS ENGINEER,OTHER,68827,MEDIUM,Y
C,11-12-2022,28-01-2023,NEBRASKA SERVICE CENTER,INDIA,36,MASTER'S,PROGRAMMER ANALYST,ENGINEERING,62754,MEDIUM,Y
C,04-11-2022,18-12-2022,CALIFORNIA SERVICE CENTER,INDIA,54,MASTER'S,ASSOCIATE SPECIALIST-TECHNOLOGY/APPLICATION ARCHITECT,IT,96700,MEDIUM,Y
C,21-09-2022,05-10-2022,TEXAS SERVICE CENTER,CHINA,55,MASTER'S,SOFTWARE SYSTEMS ANALYST II,IT,78957,MEDIUM,Y
C,29-09-2022,18-11-2022,TEXAS SERVICE CENTER,INDIA,,BACHELOR'S,PROGRAMMER ANALYST,IT,62754,MEDIUM,Y
C,17-07-2022,06-08-2022,VERMONT SERVICE CENTER,CHINA,25,MASTER'S,TECHNOLOGY ANALYST - US,IT,62754,MEDIUM,Y
C,23-12-2022,14-01-2023,TEXAS SERVICE CENTER,INDIA,28,MASTER'S,DEVELOPER USER INTERFACE,IT,59530,LOW,Y
C,28-08-2022,18-10-2022,NEBRASKA SERVICE CENTER,INDIA,,MASTER'S,PROGRAMMER ANALYST,IT,62858,MEDIUM,Y
C,08-06-2022,07-08-2022,NEBRASKA SERVICE CENTER,INDIA,42,MASTER'S,DEVELOPER USER INTERFACE,IT,59530,LOW,Y
C,24-12-2022,23-01-2023,CALIFORNIA SERVICE CENTER,INDIA,25,MASTER'S,SOFTWARE DEVELOPMENT SPECIALIST,ENGINEERING,68827,MEDIUM,Y
C,24-07-2022,31-08-2022,POTOMAC SERVICE CENTER,INDIA,43,BACHELOR'S,TEST ANALYST - US - PROFESSIONAL,ENGINEERING,60798,MEDIUM,Y
C,03-05-2022,26-06-2022,CALIFORNIA SERVICE CENTER,INDIA,44,MASTER'S,RESEARCH ENGINEER,IT,49088,LOW,Y
C,,,nan,INDIA,31,BACHELOR'S,JAVA DEVELOPER - II,IT,85197,MEDIUM,Y
C,07-08-2022,12-09-2022,nan,MEXICO,53,MASTER'S,APPLICATIONS SYSTEM ENGINEER 5,IT,117936,HIGH,Y
C,27-05-2022,28-06-2022,POTOMAC SERVICE CENTER,CHINA,36,nan,JAVA DEVELOPER - I,IT,68827,MEDIUM,Y
C,25-02-2022,23-04-2022,POTOMAC SERVICE CENTER,CHINA,,BACHELOR'S,SOFTWARE DEVELOPER,FINANCE,101566,HIGH,N
C,28-08-2022,28-09-2022,VERMONT SERVICE CENTER,INDIA,48,MASTER'S,SOFTWARE ENGINEER,IT,67891,MEDIUM,Y
C,10-07-2022,23-08-2022,POTOMAC SERVICE CENTER,INDIA,58,MASTER'S,BI CONSULTANT - I,IT,68827,MEDIUM,Y
C,09-05-2022,10-06-2022,CALIFORNIA SERVICE CENTER,INDIA,59,MASTER'S,PROGRAMMER ANALYST,IT,78957,MEDIUM,Y
C,23-04-2022,20-06-2022,CALIFORNIA SERVICE CENTER,nan,47,MASTER'S,SOFTWARE ENGINEER,IT,101566,HIGH,Y
C,,,VERMONT SERVICE CENTER,INDIA,26,nan,PROGRAMMER ANALYST,IT,62754,MEDIUM,Y
C,09-04-2022,06-06-2022,nan,INDIA,,MASTER'S,SOFTWARE ENGINEER,MEDICAL,101566,HIGH,Y
C,18-11-2022,15-01-2023,nan,nan,53,BACHELOR'S,INTERNAL SALES ASSOCIATE,IT,38813,LOW,Y
C,18-07-2022,07-09-2022,NEBRASKA SERVICE CENTER,INDIA,27,MASTER'S,PROGRAMMER ANALYST,FINANCE,62754,MEDIUM,Y
C,23-05-2022,14-06-2022,TEXAS SERVICE CENTER,INDIA,49,BACHELOR'S,DEVELOPER,OTHER,67891,MEDIUM,Y
C,22-01-2022,03-03-2022,nan,INDIA,34,MASTER'S,AUDIENCE MANAGEMENT ANALYST,IT,45136,LOW,Y
C,08-01-2022,17-02-2022,nan,INDIA,22,MASTER'S,IT BUSINESS SYSTEM ANALYST,FINANCE,62754,MEDIUM,Y
C,22-06-2022,16-08-2022,POTOMAC SERVICE CENTER,PHILIPPINES,48,MASTER'S,PROGRAMMER ANALYST,IT,46301,LOW,Y
C,18-05-2022,09-07-2022,CALIFORNIA SERVICE CENTER,CHINA,23,MASTER'S,SOLUTION ARCHITECT,IT,101566,HIGH,Y
C,31-12-2022,16-01-2023,NEBRASKA SERVICE CENTER,PHILIPPINES,46,MASTER'S,APPLICATION PROGRAMMER SPECIALIST,FINANCE,48.83,LOW,Y
C,,,NEBRASKA SERVICE CENTER,INDIA,48,MASTER'S,QA ANALYST - I,IT,60798,MEDIUM,Y
C,24-07-2022,09-09-2022,CALIFORNIA SERVICE CENTER,INDIA,34,MASTER'S,SOFTWARE APPLICATIONS DEVELOPER,MEDICAL,68827,MEDIUM,Y
C,27-08-2022,14-09-2022,CALIFORNIA SERVICE CENTER,SOUTH KOREA,50,BACHELOR'S,SOFTWARE DEVELOPER,IT,85197,MEDIUM,Y
C,07-08-2022,04-09-2022,CALIFORNIA SERVICE CENTER,INDIA,34,MASTER'S,TECHNICAL CONSULTANT,ENGINEERING,93475,MEDIUM,Y
C,06-06-2022,22-06-2022,VERMONT SERVICE CENTER,SOUTH KOREA,37,DOCTORATE,TECHNICAL RECRUITER AND ACCOUNTING SPECIALIST,IT,38480,LOW,Y
CW,16-10-2022,28-11-2022,VERMONT SERVICE CENTER,INDIA,41,MASTER'S,BUSINESS INTELLIGENCE MANAGER,EDUCATION,107203,HIGH,Y
C,26-01-2022,20-03-2022,POTOMAC SERVICE CENTER,CHINA,51,MASTER'S,SOFTWARE DEVELOPER APPLICATION,FINANCE,101566,HIGH,Y
C,08-10-2022,30-10-2022,POTOMAC SERVICE CENTER,INDIA,,BACHELOR'S,TECHNICAL CONSULTANT - II,IT,85197,MEDIUM,N
C,13-02-2022,14-04-2022,NEBRASKA SERVICE CENTER,PHILIPPINES,41,BACHELOR'S,PROGRAMMER ANALYST,FINANCE,46301,LOW,Y
C,30-06-2022,25-08-2022,NEBRASKA SERVICE CENTER,INDIA,51,MASTER'S,PROGRAMMER ANALYST,IT,62754,MEDIUM,Y
C,12-06-2022,13-07-2022,POTOMAC SERVICE CENTER,INDIA,42,MASTER'S,SENIOR SOFTWARE DEVELOPER,IT,85197,MEDIUM,Y
C,10-11-2022,09-01-2023,CALIFORNIA SERVICE CENTER,INDIA,58,BACHELOR'S,PROGRAMMER ANALYST,IT,78957,MEDIUM,Y
C,03-02-2022,19-02-2022,POTOMAC SERVICE CENTER,nan,59,DOCTORATE,JAVA DEVELOPER - I,ENGINEERING,68827,MEDIUM,Y
C,16-08-2022,07-10-2022,CALIFORNIA SERVICE CENTER,INDIA,55,BACHELOR'S,SOFTWARE DEVELOPER,IT,85197,MEDIUM,Y
C,05-09-2022,25-09-2022,CALIFORNIA SERVICE CENTER,INDIA,,MASTER'S,CONSULTANT LEVEL 3,IT,98176,MEDIUM,Y
C,17-06-2022,02-08-2022,VERMONT SERVICE CENTER,CHINA,52,BACHELOR'S,"VICE PRESIDENT, ENGINEERING",IT,180336,HIGH,Y
C,06-07-2022,02-09-2022,NEBRASKA SERVICE CENTER,SOUTH KOREA,39,nan,LEAD ATG DEVELOPER,FINANCE,107806,HIGH,Y
C,08-09-2022,14-10-2022,POTOMAC SERVICE CENTER,nan,43,MASTER'S,SALES ENGINEER,FINANCE,71386,MEDIUM,Y
C,03-09-2022,30-10-2022,VERMONT SERVICE CENTER,INDIA,29,MASTER'S,MANAGEMENT ANALYST (QUANTITATIVE MARKETS),IT,60195,MEDIUM,Y
C,18-09-2022,06-10-2022,nan,CANADA,37,MASTER'S,SOFTWARE DEVELOPER,FINANCE,90646,MEDIUM,Y
C,,,nan,INDIA,22,BACHELOR'S,COMPUTER SPECIALIST/TESTING AND QUALITY ANALYST 2,ENGINEERING,79498,MEDIUM,Y
C,,,CALIFORNIA SERVICE CENTER,INDIA,55,nan,E-COMMERCE JAVA DEVELOPER,MEDICAL,90646,MEDIUM,Y
C,,,nan,MEXICO,34,BACHELOR'S,COMPUTER PROGRAMMER ANALYST,IT,67891,MEDIUM,Y
C,25-07-2022,06-09-2022,POTOMAC SERVICE CENTER,CHINA,38,MASTER'S,TECHNOLOGY LEAD - US - PROFESSIONAL,IT,78957,MEDIUM,N
C,01-06-2022,03-07-2022,nan,INDIA,51,nan,COMPUTER SYSTEMS ANALSYT,FINANCE,79414,MEDIUM,N
C,18-05-2022,23-06-2022,CALIFORNIA SERVICE CENTER,INDIA,47,BACHELOR'S,JAVA DEVELOPER - II,IT,85197,MEDIUM,Y
C,20-02-2022,10-03-2022,NEBRASKA SERVICE CENTER,CHINA,53,MASTER'S,LEAD-SOFTWARE/APPLICATION ARCHITECT,IT,79498,MEDIUM,Y
C,13-03-2022,14-04-2022,POTOMAC SERVICE CENTER,CHINA,27,BACHELOR'S,SECURITY ENGINEER,MEDICAL,71386,MEDIUM,Y
C,08-01-2022,22-01-2022,TEXAS SERVICE CENTER,CHINA,44,nan,PRINCIPAL APPLICATIONS DEVELOPER,IT,117936,HIGH,Y
C,17-07-2022,27-07-2022,VERMONT SERVICE CENTER,INDIA,,MASTER'S,PROGRAMMER ANALYST,OTHER,62754,MEDIUM,Y
C,26-01-2022,18-03-2022,CALIFORNIA SERVICE CENTER,CHINA,41,MASTER'S,MARKETING ANALYST,IT,60798,MEDIUM,Y
C,,,CALIFORNIA SERVICE CENTER,INDIA,46,MASTER'S,SALESFORCE SOLUTION ARCHITECT,FINANCE,79498,MEDIUM,Y
C,15-07-2022,06-08-2022,POTOMAC SERVICE CENTER,CANADA,,MASTER'S,GRADUATE INTERN,FINANCE,51688,LOW,Y
C,04-04-2022,26-04-2022,nan,INDIA,57,MASTER'S,BUSINESS ANALYST,IT,62858,MEDIUM,Y
CW,01-06-2022,19-06-2022,VERMONT SERVICE CENTER,INDIA,46,MASTER'S,SOFTWARE ENGINEER,IT,65042,MEDIUM,N
C,08-05-2022,08-06-2022,CALIFORNIA SERVICE CENTER,CHINA,,BACHELOR'S,AVP; CNSLT - SYSTEMS ENG,IT,79498,MEDIUM,Y
C,17-01-2022,11-02-2022,TEXAS SERVICE CENTER,INDIA,45,nan,PRODUCTION ENGINEER,FINANCE,61568,MEDIUM,N
C,23-03-2022,05-05-2022,VERMONT SERVICE CENTER,PHILIPPINES,31,BACHELOR'S,UNIX APPLICATION SERVICES ENGINEER,IT,85197,MEDIUM,Y
C,23-10-2022,16-12-2022,TEXAS SERVICE CENTER,INDIA,41,MASTER'S,RISK ANALYST,FINANCE,54538,LOW,Y
C,27-10-2022,12-11-2022,CALIFORNIA SERVICE CENTER,CANADA,25,DOCTORATE,"SENIOR MANAGER, CONSULTING",FINANCE,124301,HIGH,Y
CW,06-01-2022,25-01-2022,TEXAS SERVICE CENTER,INDIA,42,BACHELOR'S,SENIOR SOFTWARE AUTOMATION TEST ENGINEER,IT,85197,MEDIUM,Y
C,,,TEXAS SERVICE CENTER,CHINA,24,BACHELOR'S,PROGRAMMER ANALYST,IT,62754,MEDIUM,Y
C,02-10-2022,05-11-2022,NEBRASKA SERVICE CENTER,INDIA,43,BACHELOR'S,DEVELOPER USER INTERFACE,IT,59530,LOW,N
C,31-05-2022,27-06-2022,nan,nan,28,BACHELOR'S,SYSTEMS ANALYST,FINANCE,62754,MEDIUM,Y
C,21-02-2022,17-03-2022,nan,INDIA,41,BACHELOR'S,PROGRAMMER ANALYST,EDUCATION,62754,MEDIUM,Y
C,10-10-2022,29-10-2022,NEBRASKA SERVICE CENTER,INDIA,47,nan,ORACLE APPLICATIONS CONSULTANT - II,IT,85197,MEDIUM,Y
CW,01-03-2022,03-04-2022,CALIFORNIA SERVICE CENTER,INDIA,52,MASTER'S,JAVA DEVELOPER,ENGINEERING,62754,MEDIUM,Y
C,02-08-2022,24-09-2022,POTOMAC SERVICE CENTER,INDIA,31,DOCTORATE,SOFTWARE ENGINEER,FINANCE,85197,MEDIUM,Y
C,17-04-2022,05-06-2022,nan,INDIA,38,MASTER'S,DOT NET DEVELOPER,IT,68827,MEDIUM,N
C,07-02-2022,25-02-2022,VERMONT SERVICE CENTER,INDIA,52,MASTER'S,DATA WAREHOUSING SPECIALIST,ENGINEERING,98176,MEDIUM,N
C,06-07-2022,05-08-2022,nan,CHINA,25,MASTER'S,PROJECT MANAGER,ENGINEERING,79498,MEDIUM,Y
C,04-12-2022,31-01-2023,TEXAS SERVICE CENTER,INDIA,43,nan,SOFTWARE DEVELOPER,EDUCATION,101566,HIGH,N
C,21-05-2022,07-07-2022,NEBRASKA SERVICE CENTER,INDIA,36,MASTER'S,PROGRAMMER ANALYST,ENGINEERING,62754,MEDIUM,Y
C,,,CALIFORNIA SERVICE CENTER,INDIA,57,DOCTORATE,SENIOR SOFTWARE DEVELOPER,IT,90646,MEDIUM,Y
C,11-05-2022,28-06-2022,NEBRASKA SERVICE CENTER,INDIA,28,MASTER'S,STAFF ACCOUNTANT,IT,64064,MEDIUM,Y
C,18-05-2022,09-07-2022,nan,INDIA,36,MASTER'S,SYSTEMS DEVELOPER -II,IT,85197,MEDIUM,Y
C,03-02-2022,02-04-2022,POTOMAC SERVICE CENTER,INDIA,43,BACHELOR'S,ORACLE APPLICATIONS DBA - II,OTHER,85197,MEDIUM,Y
C,31-08-2022,29-10-2022,NEBRASKA SERVICE CENTER,INDIA,32,MASTER'S,JAVA DEVELOPER - II,OTHER,85197,MEDIUM,Y
C,11-11-2022,21-11-2022,TEXAS SERVICE CENTER,INDIA,48,BACHELOR'S,BUSINESS ANALYST - I,EDUCATION,62754,MEDIUM,Y
C,28-02-2022,28-03-2022,NEBRASKA SERVICE CENTER,CANADA,,MASTER'S,SOFTWARE DEVELOPER,IT,65042,MEDIUM,Y
C,08-08-2022,25-09-2022,TEXAS SERVICE CENTER,CHINA,22,BACHELOR'S,BUSINESS SYSTEM ANALYST,FINANCE,79414,MEDIUM,Y
C,28-11-2022,26-01-2023,TEXAS SERVICE CENTER,INDIA,46,MASTER'S,PROJECT MANAGER,IT,79498,MEDIUM,N
C,,,TEXAS SERVICE CENTER,CANADA,35,MASTER'S,SYSTEMS ENGINEER,IT,85197,MEDIUM,Y
C,03-10-2022,18-11-2022,POTOMAC SERVICE CENTER,INDIA,38,BACHELOR'S,AVP; SPECIALIST - INFO SECURITY ENGINEER,IT,78957,MEDIUM,Y
C,01-09-2022,17-10-2022,NEBRASKA SERVICE CENTER,INDIA,28,MASTER'S,PROGRAMMER ANALYST,IT,30.17,LOW,Y
C,18-01-2022,01-02-2022,CALIFORNIA SERVICE CENTER,SOUTH KOREA,43,MASTER'S,ORACLE APPLICATIONS CONSULTANT - II,IT,85197,MEDIUM,Y
C,06-01-2022,27-01-2022,TEXAS SERVICE CENTER,INDIA,33,MASTER'S,QA ANALYST - II,MEDICAL,79498,MEDIUM,Y
C,18-03-2022,26-04-2022,VERMONT SERVICE CENTER,INDIA,36,BACHELOR'S,SOFTWARE ENGINEER,FINANCE,68827,MEDIUM,Y
C,,,TEXAS SERVICE CENTER,MEXICO,44,MASTER'S,BI CONSULTANT- II,IT,85197,MEDIUM,Y
C,13-02-2022,09-03-2022,TEXAS SERVICE CENTER,INDIA,56,MASTER'S,SENIOR PROJECT MANAGER - US - PRACTITIONER,IT,116875,HIGH,Y
CW,23-07-2022,14-08-2022,nan,nan,35,MASTER'S,SENIOR SOFTWARE DEVELOPER,IT,85197,MEDIUM,Y
C,28-05-2022,04-07-2022,POTOMAC SERVICE CENTER,INDIA,40,BACHELOR'S,QA ANALYST - II,IT,79498,MEDIUM,Y
C,10-12-2022,03-01-2023,VERMONT SERVICE CENTER,CANADA,35,nan,PROGRAMMER ANALYST,ENGINEERING,46301,LOW,Y
C,30-05-2022,12-06-2022,NEBRASKA SERVICE CENTER,INDIA,42,MASTER'S,SOFTWARE DEVELOPMENT ENGINEER,IT,117936,HIGH,Y
C,26-10-2022,11-11-2022,nan,INDIA,24,MASTER'S,BI CONSULTANT - II,IT,79498,MEDIUM,Y
C,26-01-2022,22-02-2022,CALIFORNIA SERVICE CENTER,INDIA,51,MASTER'S,BI CONSULTANT - II,ENGINEERING,85197,MEDIUM,Y
C,13-07-2022,17-08-2022,POTOMAC SERVICE CENTER,INDIA,31,MASTER'S,FINANCIAL QUANTITATIVE ANALYST,IT,42557,LOW,Y
C,29-08-2022,27-10-2022,POTOMAC SERVICE CENTER,CANADA,47,MASTER'S,BUSINESS SYSTEMS ANALYST,IT,62754,MEDIUM,Y
C,25-11-2022,24-12-2022,CALIFORNIA SERVICE CENTER,INDIA,26,MASTER'S,"ICS CONSULTANT, PRINCIPAL",MEDICAL,85197,MEDIUM,Y
C,20-11-2022,03-01-2023,TEXAS SERVICE CENTER,INDIA,,DOCTORATE,IT BUSINESS ANALYST,IT,46.14,LOW,Y
C,20-11-2022,12-01-2023,nan,INDIA,48,BACHELOR'S,INTERNAL SALES ASSOCIATE,EDUCATION,38813,LOW,Y
CW,,,nan,INDIA,39,MASTER'S,SYSTEM ADMIN,IT,58386,LOW,Y
C,10-02-2022,20-03-2022,POTOMAC SERVICE CENTER,INDIA,,BACHELOR'S,SENIOR CONSULTANT,IT,68474,MEDIUM,Y
C,05-01-2022,09-02-2022,NEBRASKA SERVICE CENTER,INDIA,29,MASTER'S,SR. DEVELOPMENT DBA,ENGINEERING,117936,HIGH,Y
C,23-12-2022,11-01-2023,VERMONT SERVICE CENTER,INDIA,38,nan,SOFTWARE ENGINEER,IT,85197,MEDIUM,Y
C,,,TEXAS SERVICE CENTER,CHINA,35,nan,PROGRAMMER ANALYST,IT,62754,MEDIUM,N
C,11-09-2022,15-10-2022,nan,INDIA,52,nan,SECURITY ENGINEER,IT,71386,MEDIUM,Y
C,07-06-2022,22-06-2022,VERMONT SERVICE CENTER,CHINA,56,MASTER'S,SOFTWARE ENGINEER,IT,70221,MEDIUM,Y
C,29-03-2022,05-05-2022,POTOMAC SERVICE CENTER,INDIA,,BACHELOR'S,PROGRAMMER,IT,46301,LOW,Y
C,12-05-2022,02-07-2022,nan,INDIA,25,MASTER'S,SECURITY ENGINEER,IT,71386,MEDIUM,Y
C,11-03-2022,26-04-2022,POTOMAC SERVICE CENTER,INDIA,40,BACHELOR'S,BUSINESS SYSTEM ANALYST,IT,78957,MEDIUM,Y
C,21-08-2022,26-09-2022,CALIFORNIA SERVICE CENTER,SOUTH KOREA,56,BACHELOR'S,SOFTWARE DEVELOPER APPLICATION,ENGINEERING,90646,MEDIUM,Y
CW,27-09-2022,26-11-2022,TEXAS SERVICE CENTER,CHINA,,MASTER'S,SOFTWARE ENGINEER,IT,68827,MEDIUM,Y
C,31-03-2022,26-05-2022,NEBRASKA SERVICE CENTER,INDIA,57,BACHELOR'S,SYSTEMS DEVELOPER -III,FINANCE,101566,HIGH,N
C,16-07-2022,13-09-2022,TEXAS SERVICE CENTER,CHINA,29,BACHELOR'S,PROGRAMMER ANALYST,IT,78957,MEDIUM,N
C,09-04-2022,25-05-2022,CALIFORNIA SERVICE CENTER,CHINA,33,nan,SYSTEMS ADMINISTRATOR,IT,86819,MEDIUM,Y
C,06-10-2022,08-11-2022,POTOMAC SERVICE CENTER,INDIA,32,MASTER'S,PROGRAMMER ANALYST,ENGINEERING,70554,MEDIUM,Y
W,21-03-2022,17-04-2022,VERMONT SERVICE CENTER,INDIA,49,BACHELOR'S,JAVA DEVELOPER - I,ENGINEERING,68827,MEDIUM,Y
C,,,VERMONT SERVICE CENTER,INDIA,58,BACHELOR'S,SALES ENGINEER,IT,71386,MEDIUM,Y
C,15-05-2022,04-06-2022,nan,PHILIPPINES,50,MASTER'S,ELECTROMECHANICAL ENGINEERING TECHNOLOGISTS,IT,46176,LOW,Y
C,14-02-2022,12-04-2022,CALIFORNIA SERVICE CENTER,CHINA,44,BACHELOR'S,BUSINESS DEVELOPMENT REPRESENTATIVE,IT,93683,MEDIUM,Y
C,08-10-2022,02-11-2022,CALIFORNIA SERVICE CENTER,INDIA,27,BACHELOR'S,TEST ANALYST - US - PROFESSIONAL,IT,60798,MEDIUM,N
C,18-10-2022,12-12-2022,nan,INDIA,58,MASTER'S,SOFTWARE DEVELOPER APPLICATION,IT,107806,HIGH,Y
C,16-05-2022,03-07-2022,CALIFORNIA SERVICE CENTER,INDIA,22,nan,SOFTWARE ENGINEER,ENGINEERING,107806,HIGH,Y
C,27-03-2022,13-04-2022,NEBRASKA SERVICE CENTER,CHINA,54,MASTER'S,JAVA DEVELOPER - II,IT,85197,MEDIUM,Y
C,26-09-2022,01-11-2022,TEXAS SERVICE CENTER,INDIA,22,MASTER'S,SOFTWARE DEVELOPER,OTHER,101566,HIGH,Y
C,23-03-2022,17-04-2022,TEXAS SERVICE CENTER,CHINA,30,MASTER'S,SYSTEMS  ANALYST,ENGINEERING,62754,MEDIUM,Y
C,24-08-2022,30-09-2022,CALIFORNIA SERVICE CENTER,INDIA,50,BACHELOR'S,SENIOR CONSULTANT,FINANCE,62754,MEDIUM,Y
C,26-09-2022,07-10-2022,NEBRASKA SERVICE CENTER,INDIA,29,MASTER'S,DEVELOPER USER INTERFACE,IT,59530,LOW,Y
C,23-03-2022,01-05-2022,nan,INDIA,31,MASTER'S,SYSTEMS ANALYST,IT,79414,MEDIUM,Y
C,21-07-2022,20-08-2022,nan,CANADA,38,BACHELOR'S,TECHNOLOGY ANALYST - US - PRACTITIONER,IT,62754,MEDIUM,Y
C,10-10-2022,01-12-2022,TEXAS SERVICE CENTER,INDIA,52,BACHELOR'S,TECHNICAL SALES SUPPORT SPECIALIST,IT,71386,MEDIUM,Y
C,21-01-2022,18-03-2022,VERMONT SERVICE CENTER,CHINA,48,MASTER'S,SENIOR SOLUTIONS ARCHITECT,IT,79498,MEDIUM,Y
C,08-10-2022,01-11-2022,nan,INDIA,43,MASTER'S,BI CONSULTANT - I,ENGINEERING,68827,MEDIUM,N
C,,,CALIFORNIA SERVICE CENTER,nan,49,MASTER'S,SENIOR SOFTWARE ENGINEER,OTHER,68827,MEDIUM,N
W,21-12-2022,08-01-2023,VERMONT SERVICE CENTER,INDIA,53,MASTER'S,SR DEVOPS ENGINEER,IT,68827,MEDIUM,Y
C,16-04-2022,13-05-2022,CALIFORNIA SERVICE CENTER,PHILIPPINES,58,MASTER'S,SOLUTIONS ARCHITECT,IT,95160,MEDIUM,Y
C,14-07-2022,08-08-2022,nan,INDIA,25,BACHELOR'S,.NET DEVELOPER,IT,85197,MEDIUM,Y
C,,,NEBRASKA SERVICE CENTER,INDIA,33,BACHELOR'S,SENIOR SOFTWARE AUTOMATION TEST ENGINEER,IT,85197,MEDIUM,Y
C,19-05-2022,01-07-2022,TEXAS SERVICE CENTER,MEXICO,36,nan,ATG DEVELOPER,ENGINEERING,90646,MEDIUM,Y
C,07-06-2022,04-07-2022,CALIFORNIA SERVICE CENTER,INDIA,39,BACHELOR'S,VICE PRESIDENT; TEAM MANAGER - SYS ENG,OTHER,116875,HIGH,N
C,25-10-2022,21-11-2022,POTOMAC SERVICE CENTER,INDIA,52,DOCTORATE,PROJECT MANAGER,FINANCE,98176,MEDIUM,Y
C,08-11-2022,18-11-2022,CALIFORNIA SERVICE CENTER,CHINA,,MASTER'S,SENIOR SOFTWARE DEVELOPER,IT,107806,HIGH,N
C,25-11-2022,15-12-2022,nan,INDIA,42,MASTER'S,SYSTEMS ANALYST,IT,95160,MEDIUM,Y
C,30-08-2022,25-10-2022,CALIFORNIA SERVICE CENTER,INDIA,51,BACHELOR'S,SOFTWARE ENGINEER,IT,101566,HIGH,N
C,04-10-2022,04-11-2022,TEXAS SERVICE CENTER,INDIA,38,MASTER'S,SENIOR SOFTWARE DEVELOPER,IT,85197,MEDIUM,Y
C,23-09-2022,10-11-2022,nan,INDIA,40,MASTER'S,AVP; CNSLT - APPS PROG,IT,107806,HIGH,Y
C,05-10-2022,29-10-2022,NEBRASKA SERVICE CENTER,INDIA,55,MASTER'S,SENIOR SOFTWARE DEVELOPER,IT,90646,MEDIUM,Y
C,,,CALIFORNIA SERVICE CENTER,INDIA,52,MASTER'S,SENIOR SOFTWARE AUTOMATION TEST ENGINEER,IT,85197,MEDIUM,Y
C,28-11-2022,25-12-2022,CALIFORNIA SERVICE CENTER,CANADA,37,MASTER'S,COMPUTER PROGRAMMER,ENGINEERING,46301,LOW,Y
C,28-07-2022,17-09-2022,CALIFORNIA SERVICE CENTER,INDIA,22,BACHELOR'S,TECHNOLOGY ARCHITECT - US,OTHER,98176,MEDIUM,Y
C,23-10-2022,08-12-2022,POTOMAC SERVICE CENTER,INDIA,31,BACHELOR'S,"SENIOR MANAGER, TECHNICAL SERVICES",IT,124301,HIGH,Y
C,12-04-2022,29-04-2022,POTOMAC SERVICE CENTER,INDIA,,BACHELOR'S,SOLUTIONS ARCHITECT-VISTARA IMPLEMENTATION,IT,79498,MEDIUM,Y
C,01-04-2022,27-04-2022,VERMONT SERVICE CENTER,CHINA,34,nan,ASSISTANT VICE PRESIDENT; PRODUCTION SERVICES LEAD,ENGINEERING,85197,MEDIUM,Y
W,28-01-2022,23-02-2022,TEXAS SERVICE CENTER,INDIA,28,nan,PROJECT MANAGER,IT,98176,MEDIUM,Y
C,02-11-2022,24-12-2022,VERMONT SERVICE CENTER,INDIA,36,BACHELOR'S,SENIOR SOFTWARE QUALITY ASSURANCE TESTER,ENGINEERING,93475,MEDIUM,Y
C,11-06-2022,31-07-2022,TEXAS SERVICE CENTER,INDIA,55,BACHELOR'S,IT BUSINESS ANALYST,EDUCATION,60798,MEDIUM,Y
C,02-02-2022,25-02-2022,nan,INDIA,26,BACHELOR'S,SR. CONSULTANT PROFESSIONAL SERVICES,FINANCE,59696,LOW,Y
C,,,NEBRASKA SERVICE CENTER,INDIA,43,BACHELOR'S,SR. WEB SITE OPTIMIZATION MANAGER,IT,79498,MEDIUM,Y
CW,,,CALIFORNIA SERVICE CENTER,INDIA,23,MASTER'S,STORAGE SYSTEMS ADMINISTRATOR,ENGINEERING,86819,MEDIUM,Y
C,16-02-2022,10-04-2022,TEXAS SERVICE CENTER,INDIA,47,MASTER'S,ASSOCIATE SPECIALIST-TECHNOLOGY/APPLICATION PROGRAMMER,FINANCE,90646,MEDIUM,Y
C,06-09-2022,25-09-2022,nan,INDIA,53,MASTER'S,PROGRAMMER ANALYST,OTHER,62754,MEDIUM,Y
C,,,POTOMAC SERVICE CENTER,CHINA,25,MASTER'S,SOFTWARE ENGINEER,ENGINEERING,90646,MEDIUM,Y
C,26-10-2022,19-12-2022,NEBRASKA SERVICE CENTER,INDIA,47,MASTER'S,SOLUTION ARCHITECT,IT,101566,HIGH,Y
C,05-10-2022,15-10-2022,TEXAS SERVICE CENTER,CHINA,32,MASTER'S,PROGRAMMER ANALYST,MEDICAL,46301,LOW,N
C,12-06-2022,27-07-2022,NEBRASKA SERVICE CENTER,MEXICO,36,MASTER'S,WINDOWS ADMINISTRATOR,IT,73195,MEDIUM,Y
C,21-05-2022,19-07-2022,CALIFORNIA SERVICE CENTER,CHINA,45,MASTER'S,AVP; BUSINESS SOLUTION CONSULTANT - TECH,FINANCE,101566,HIGH,Y
C,02-06-2022,22-07-2022,TEXAS SERVICE CENTER,INDIA,,MASTER'S,SPECIALIST MASTER,FINANCE,101192,HIGH,Y
C,11-10-2022,05-11-2022,VERMONT SERVICE CENTER,PHILIPPINES,56,MASTER'S,SENIOR SOFTWARE AUTOMATION TEST ENGINEER,IT,90646,MEDIUM,Y
C,11-10-2022,27-10-2022,TEXAS SERVICE CENTER,PHILIPPINES,30,DOCTORATE,BUYER/PURCHASING AGENT,ENGINEERING,19.55,LOW,Y
C,12-07-2022,17-08-2022,POTOMAC SERVICE CENTER,CANADA,40,MASTER'S,SOFTWARE ENGINEER,EDUCATION,68827,MEDIUM,Y
C,03-07-2022,30-07-2022,POTOMAC SERVICE CENTER,INDIA,59,BACHELOR'S,SENIOR SOFTWARE CONSULTANT (.NET CONSULTANT),FINANCE,90646,MEDIUM,Y
C,19-06-2022,07-07-2022,POTOMAC SERVICE CENTER,INDIA,28,MASTER'S,BUSINESS ANALYST,FINANCE,54059,LOW,Y
C,19-09-2022,18-10-2022,NEBRASKA SERVICE CENTER,nan,40,MASTER'S,BI CONSULTANT - I,IT,60798,MEDIUM,Y
C,30-04-2022,12-06-2022,nan,nan,31,MASTER'S,BI CONSULTANT - I,IT,68827,MEDIUM,Y
C,09-01-2022,03-02-2022,NEBRASKA SERVICE CENTER,INDIA,59,MASTER'S,SENIOR SYSTEMS ANALYST,ENGINEERING,78957,MEDIUM,Y
C,16-11-2022,09-01-2023,CALIFORNIA SERVICE CENTER,INDIA,51,BACHELOR'S,SYSTEMS ANALYST-QA,IT,62754,MEDIUM,Y
C,22-10-2022,22-11-2022,NEBRASKA SERVICE CENTER,INDIA,25,BACHELOR'S,SYSTEMS DEVELOPER -II,ENGINEERING,85197,MEDIUM,Y
C,,,CALIFORNIA SERVICE CENTER,INDIA,47,MASTER'S,PROGRAMMER ANALYST,IT,62754,MEDIUM,N
C,12-11-2022,08-01-2023,VERMONT SERVICE CENTER,CANADA,49,MASTER'S,QA ANALYST - II,IT,76586,MEDIUM,N
C,17-06-2022,13-07-2022,TEXAS SERVICE CENTER,INDIA,37,nan,SOFTWARE DEVELOPER- VISTARA PLATFORM ENGINEERING,IT,85197,MEDIUM,N
C,,,CALIFORNIA SERVICE CENTER,INDIA,29,MASTER'S,"TEAM LEAD, DATA SCIENCE",FINANCE,65978,MEDIUM,Y
C,19-10-2022,08-12-2022,VERMONT SERVICE CENTER,CHINA,42,MASTER'S,JAVA DEVELOPER - I,IT,68827,MEDIUM,Y
C,18-05-2022,09-07-2022,TEXAS SERVICE CENTER,INDIA,57,BACHELOR'S,PROGRAMMER ANALYST,FINANCE,62754,MEDIUM,Y
C,04-04-2022,10-05-2022,POTOMAC SERVICE CENTER,INDIA,47,MASTER'S,DEVELOPER,IT,67891,MEDIUM,Y
C,16-01-2022,05-03-2022,POTOMAC SERVICE CENTER,INDIA,26,BACHELOR'S,SYSTEMS DEVELOPER -II,IT,85197,MEDIUM,Y
C,14-02-2022,05-04-2022,NEBRASKA SERVICE CENTER,CHINA,26,MASTER'S,SENIOR SOFTWARE DEVELOPER,OTHER,107806,HIGH,Y
C,,,VERMONT SERVICE CENTER,INDIA,37,DOCTORATE,PROGRAMMER ANALYST,IT,62754,MEDIUM,Y
C,24-08-2022,02-10-2022,VERMONT SERVICE CENTER,CHINA,56,BACHELOR'S,PRODUCTION SERVICES LEAD,IT,79498,MEDIUM,Y
C,29-09-2022,06-11-2022,CALIFORNIA SERVICE CENTER,INDIA,44,nan,BI CONSULTANT - II,IT,85197,MEDIUM,Y
C,08-06-2022,27-06-2022,TEXAS SERVICE CENTER,PHILIPPINES,29,nan,BI CONSULTANT - II,MEDICAL,85197,MEDIUM,Y
C,09-12-2022,11-01-2023,NEBRASKA SERVICE CENTER,INDIA,58,BACHELOR'S,SOLUTION ARCHITECT,IT,101566,HIGH,N
C,18-10-2022,12-12-2022,NEBRASKA SERVICE CENTER,INDIA,26,BACHELOR'S,COMPUTER SYSTEMS ANALYST,MEDICAL,111363,HIGH,Y
C,04-01-2022,07-02-2022,nan,INDIA,42,MASTER'S,APPLICATION PROGRAMMER/.NET DEVELOPER,MEDICAL,51.83,LOW,Y
C,16-10-2022,28-10-2022,nan,INDIA,37,BACHELOR'S,SOFTWARE ENGINEER,IT,68827,MEDIUM,Y
C,07-09-2022,20-09-2022,VERMONT SERVICE CENTER,INDIA,41,BACHELOR'S,BI CONSULTANT - II,IT,85197,MEDIUM,Y
C,23-06-2022,11-07-2022,POTOMAC SERVICE CENTER,INDIA,26,BACHELOR'S,MANAGER-SOFTWARE/APPLICATION ARCHITECT,ENGINEERING,101566,HIGH,Y
C,26-05-2022,24-06-2022,nan,CHINA,57,MASTER'S,JAVA DEVELOPER - II,IT,85197,MEDIUM,Y
C,24-02-2022,25-03-2022,nan,CHINA,44,nan,TECHNOLOGY LEAD - US,IT,78957,MEDIUM,Y
C,,,nan,INDIA,48,DOCTORATE,BI CONSULTANT - II,IT,85197,MEDIUM,Y
C,24-07-2022,03-09-2022,POTOMAC SERVICE CENTER,INDIA,48,MASTER'S,AVP; TECH PROG ASSOCIATE,IT,68827,MEDIUM,N
C,08-12-2022,15-01-2023,CALIFORNIA SERVICE CENTER,CANADA,36,BACHELOR'S,NETWORK/SYSTEM ENGINEER IV,EDUCATION,58.67,LOW,Y
C,01-06-2022,23-06-2022,NEBRASKA SERVICE CENTER,MEXICO,49,BACHELOR'S,SENIOR SOFTWARE DEVELOPER,IT,98883,MEDIUM,Y
C,31-03-2022,15-04-2022,TEXAS SERVICE CENTER,INDIA,35,BACHELOR'S,SALESFORCE DEVELOPER,IT,85197,MEDIUM,Y
C,09-05-2022,06-07-2022,nan,CHINA,40,MASTER'S,DEVELOPER,IT,68827,MEDIUM,Y
C,18-11-2022,09-12-2022,nan,INDIA,24,MASTER'S,JAVA DEVELOPER - II,IT,85197,MEDIUM,Y
C,18-07-2022,04-08-2022,TEXAS SERVICE CENTER,PHILIPPINES,23,MASTER'S,COMPUTER PROGRAMMER ANALYST,FINANCE,78957,MEDIUM,Y
C,02-09-2022,05-10-2022,TEXAS SERVICE CENTER,CHINA,28,MASTER'S,BI CONSULTANT - II,IT,85197,MEDIUM,N
C,11-05-2022,30-05-2022,nan,INDIA,56,MASTER'S,ENGINEERING ANALYST,IT,62754,MEDIUM,Y
C,09-07-2022,25-08-2022,NEBRASKA SERVICE CENTER,INDIA,,MASTER'S,OFFICER; TECHNOLOGY ASSOCIATE,IT,62754,MEDIUM,Y
C,,,CALIFORNIA SERVICE CENTER,CHINA,35,MASTER'S,RISK ANALYST,IT,54538,LOW,Y
C,14-12-2022,03-02-2023,TEXAS SERVICE CENTER,PHILIPPINES,51,MASTER'S,BUSINESS ANALYST - ANALYTICS,IT,54059,LOW,N
CW,26-05-2022,18-07-2022,nan,INDIA,38,MASTER'S,QA ANALYST,IT,76586,MEDIUM,Y
C,29-08-2022,06-10-2022,CALIFORNIA SERVICE CENTER,INDIA,42,BACHELOR'S,SENIOR SOFTWARE DEVELOPER,IT,90646,MEDIUM,Y
C,10-10-2022,04-11-2022,nan,nan,,DOCTORATE,OFFICER; TECHNOLOGY ASSOCIATE,MEDICAL,68827,MEDIUM,Y
W,02-06-2022,07-07-2022,TEXAS SERVICE CENTER,INDIA,42,MASTER'S,ORACLE APPLICATIONS CONSULTANT II,IT,117936,HIGH,Y
C,,,TEXAS SERVICE CENTER,INDIA,57,nan,SOFTWARE ENGINEER II,ENGINEERING,68827,MEDIUM,Y
C,13-06-2022,19-07-2022,CALIFORNIA SERVICE CENTER,INDIA,25,MASTER'S,SENIOR SOLUTION ENGINEER,IT,83304,MEDIUM,Y
C,15-06-2022,01-08-2022,nan,CHINA,22,BACHELOR'S,SOFTWARE ENGINEER,IT,90646,MEDIUM,Y
C,20-02-2022,06-03-2022,NEBRASKA SERVICE CENTER,CHINA,24,BACHELOR'S,RF ENGINEER,IT,71843,MEDIUM,Y
C,19-07-2022,12-09-2022,POTOMAC SERVICE CENTER,CANADA,37,BACHELOR'S,SOFTWARE ENGINEER,IT,70554,MEDIUM,Y
C,03-07-2022,20-08-2022,TEXAS SERVICE CENTER,INDIA,24,BACHELOR'S,TECHNOLOGY ANALYST - US - PRACTITIONER,IT,62754,MEDIUM,Y
C,,,VERMONT SERVICE CENTER,MEXICO,32,BACHELOR'S,PROGRAMMER ANALYST,IT,62754,MEDIUM,Y
C,03-07-2022,15-07-2022,POTOMAC SERVICE CENTER,SOUTH KOREA,,MASTER'S,SR. MARKETING ANALYST (15-1199.08 BUSINESS INTELLIGENCE AN),FINANCE,79498,MEDIUM,Y
C,20-08-2022,04-09-2022,CALIFORNIA SERVICE CENTER,INDIA,47,DOCTORATE,SENIOR DEVELOPER,ENGINEERING,40.96,LOW,Y
C,09-10-2022,03-12-2022,TEXAS SERVICE CENTER,INDIA,53,MASTER'S,SENIOR SOFTWARE DEVELOPER (PEGA ARCHITECT),ENGINEERING,90646,MEDIUM,Y
C,02-10-2022,24-10-2022,CALIFORNIA SERVICE CENTER,INDIA,33,MASTER'S,VP; CONSULTANT II - DB ANLT/ADM,IT,71323,MEDIUM,Y
C,15-05-2022,03-07-2022,CALIFORNIA SERVICE CENTER,INDIA,37,BACHELOR'S,COMPUTER AND INFORMATION RESEARCH SCIENTIST,IT,45469,LOW,Y
C,06-09-2022,07-10-2022,CALIFORNIA SERVICE CENTER,INDIA,29,MASTER'S,DATA ANALYST,IT,54059,LOW,Y
C,20-02-2022,28-03-2022,TEXAS SERVICE CENTER,INDIA,55,MASTER'S,ORACLE APPLICATIONS DBA - II,IT,85197,MEDIUM,Y
W,02-02-2022,09-03-2022,NEBRASKA SERVICE CENTER,INDIA,57,BACHELOR'S,COMPUTER PROGRAMMER,IT,46301,LOW,Y
C,07-06-2022,22-06-2022,CALIFORNIA SERVICE CENTER,CHINA,,BACHELOR'S,SR.PROGRAMMER ANALYST,IT,79414,MEDIUM,Y
C,14-07-2022,09-08-2022,NEBRASKA SERVICE CENTER,INDIA,50,DOCTORATE,DEVELOPER,IT,67891,MEDIUM,Y
C,,,VERMONT SERVICE CENTER,INDIA,29,MASTER'S,SENIOR CONSULTANT,ENGINEERING,62754,MEDIUM,Y
C,15-01-2022,27-01-2022,nan,INDIA,37,MASTER'S,COMPUTER PROGRAMMER,EDUCATION,89502,MEDIUM,Y
C,31-10-2022,29-12-2022,TEXAS SERVICE CENTER,INDIA,38,MASTER'S,FAMILY MEDICINE PRACTITIONER,MEDICAL,187200,HIGH,Y
W,11-04-2022,01-05-2022,nan,INDIA,40,BACHELOR'S,FAMILY MEDICINE PRACTITIONER,IT,187200,HIGH,Y
C,13-12-2022,08-02-2023,CALIFORNIA SERVICE CENTER,MEXICO,46,DOCTORATE,COMPUTER PROGRAMMER,IT,63669,MEDIUM,Y
C,28-03-2022,24-04-2022,CALIFORNIA SERVICE CENTER,CHINA,51,MASTER'S,.NET DEVELOPER,IT,72987,MEDIUM,Y
C,26-12-2022,23-02-2023,nan,CANADA,29,BACHELOR'S,SENIOR .NET DEVELOPER,MEDICAL,58718,LOW,N
C,24-03-2022,09-04-2022,NEBRASKA SERVICE CENTER,CHINA,31,MASTER'S,BUSINESS ANALYST,MEDICAL,63315,MEDIUM,Y
C,,,TEXAS SERVICE CENTER,INDIA,46,MASTER'S,PROGRAMMER ANALYST,ENGINEERING,66518,MEDIUM,N
CW,11-12-2022,03-02-2023,VERMONT SERVICE CENTER,CANADA,32,MASTER'S,PROGRAMMER ANALYST,IT,66518,MEDIUM,Y
C,22-04-2022,10-05-2022,POTOMAC SERVICE CENTER,CHINA,39,MASTER'S,SENIOR PEOPLESOFT SPECIALIST,IT,103272,HIGH,Y
C,06-01-2022,18-02-2022,POTOMAC SERVICE CENTER,CHINA,37,nan,SOFTWARE ENGINEER,IT,44.24,LOW,Y
C,03-12-2022,24-01-2023,TEXAS SERVICE CENTER,INDIA,24,MASTER'S,SENIOR PROGRAMMER ANALYST,IT,106100,HIGH,Y
C,04-12-2022,28-01-2023,VERMONT SERVICE CENTER,INDIA,58,MASTER'S,SENIOR SOFTWARE DEVELOPER,OTHER,110490,HIGH,Y
C,27-07-2022,25-08-2022,CALIFORNIA SERVICE CENTER,CHINA,28,BACHELOR'S,SOFTWARE ENGINEER,MEDICAL,90646,MEDIUM,Y
C,17-06-2022,18-07-2022,VERMONT SERVICE CENTER,INDIA,58,BACHELOR'S,SENIOR SOFTWARE DEVELOPER,IT,53.12,LOW,Y
C,08-07-2022,12-08-2022,CALIFORNIA SERVICE CENTER,nan,40,BACHELOR'S,COLD FUSION APPLICATION DEVELOPER,IT,70803,MEDIUM,Y
C,14-11-2022,26-11-2022,TEXAS SERVICE CENTER,INDIA,,nan,WORKDAY CONSULTANT,IT,83304,MEDIUM,Y
C,03-06-2022,06-07-2022,POTOMAC SERVICE CENTER,INDIA,,BACHELOR'S,PROGRAMMER ANALYST,IT,43.58,LOW,Y
W,30-12-2022,10-02-2023,VERMONT SERVICE CENTER,INDIA,33,MASTER'S,PROGRAMMER ANALYST,FINANCE,66518,MEDIUM,Y
C,10-03-2022,02-05-2022,VERMONT SERVICE CENTER,INDIA,49,MASTER'S,PEOPLESOFT SPECIALIST,IT,83304,MEDIUM,Y
C,29-05-2022,27-06-2022,VERMONT SERVICE CENTER,CANADA,43,nan,SOFTWARE ENGINEER,ENGINEERING,34.04,LOW,Y
C,13-03-2022,26-04-2022,NEBRASKA SERVICE CENTER,PHILIPPINES,38,BACHELOR'S,RESEARCH FELLOW,ENGINEERING,26.69,LOW,Y
C,22-06-2022,05-08-2022,VERMONT SERVICE CENTER,INDIA,27,BACHELOR'S,SYSTEMS ADMINISTRATOR,IT,85280,MEDIUM,Y
CW,15-12-2022,07-02-2023,VERMONT SERVICE CENTER,INDIA,42,MASTER'S,BUSINESS ANALYST,ENGINEERING,83304,MEDIUM,Y
CW,02-10-2022,04-11-2022,TEXAS SERVICE CENTER,INDIA,26,BACHELOR'S,SOFTWARE ENGINEER,IT,34.04,LOW,Y
C,25-12-2022,10-01-2023,VERMONT SERVICE CENTER,CANADA,46,MASTER'S,PROGRAMMER ANALYST,IT,34.04,LOW,Y
C,14-05-2022,13-07-2022,nan,INDIA,51,MASTER'S,SOFTWARE ENGINEER,EDUCATION,34.04,LOW,Y
C,19-02-2022,27-03-2022,CALIFORNIA SERVICE CENTER,INDIA,25,BACHELOR'S,GENERAL DENTIST,EDUCATION,32.1,LOW,N
C,07-12-2022,25-12-2022,NEBRASKA SERVICE CENTER,INDIA,23,BACHELOR'S,PHYSICAL THERAPIST,IT,31.11,LOW,Y
C,14-05-2022,30-06-2022,POTOMAC SERVICE CENTER,PHILIPPINES,42,DOCTORATE,BUSINESS ANALYST,OTHER,42474,LOW,Y
C,,,CALIFORNIA SERVICE CENTER,nan,,MASTER'S,R&D SCIENTIST,ENGINEERING,73944,MEDIUM,Y
C,06-05-2022,24-05-2022,VERMONT SERVICE CENTER,nan,24,MASTER'S,PHYSICAL THERAPIST,IT,64709,MEDIUM,Y
W,14-02-2022,07-03-2022,nan,INDIA,29,MASTER'S,HEAT TRANSFER PROD DEVPMT ENGINEER,IT,67621,MEDIUM,Y
C,23-10-2022,08-12-2022,VERMONT SERVICE CENTER,INDIA,48,DOCTORATE,HEAT TRANSFER PROD DEVPMT ENGINEER,EDUCATION,67621,MEDIUM,Y
C,17-05-2022,04-07-2022,nan,INDIA,24,nan,FAMILY PRACTICE PHYSICIAN,IT,134202,HIGH,Y
C,04-12-2022,13-01-2023,POTOMAC SERVICE CENTER,CANADA,27,BACHELOR'S,INSTRUCTOR - DEPT. OF COMMUNICATION ARTS & SCIENCES,IT,37610,LOW,Y
CW,02-09-2022,08-10-2022,POTOMAC SERVICE CENTER,INDIA,56,BACHELOR'S,PHYSICAL THERAPIST,IT,77958,MEDIUM,Y
C,08-11-2022,23-11-2022,POTOMAC SERVICE CENTER,INDIA,35,BACHELOR'S,MERCHANDISER I,EDUCATION,58864,LOW,N
C,26-07-2022,31-08-2022,NEBRASKA SERVICE CENTER,INDIA,42,MASTER'S,BUSINESS ANALYST,ENGINEERING,60000,MEDIUM,Y
C,27-08-2022,01-10-2022,NEBRASKA SERVICE CENTER,nan,,MASTER'S,PROGRAMMER ANALYST,IT,78624,MEDIUM,Y
C,08-07-2022,28-08-2022,POTOMAC SERVICE CENTER,INDIA,27,MASTER'S,PROGRAMMER  ANALYST,IT,58906,LOW,Y
C,06-09-2022,04-11-2022,TEXAS SERVICE CENTER,PHILIPPINES,46,BACHELOR'S,PROGRAMMER ANALYST,ENGINEERING,61859,MEDIUM,Y
C,03-08-2022,14-09-2022,VERMONT SERVICE CENTER,INDIA,32,MASTER'S,PROGRAMMER ANALYST,IT,78624,MEDIUM,Y
C,06-02-2022,31-03-2022,CALIFORNIA SERVICE CENTER,INDIA,,BACHELOR'S,COMPUTER PROGRAMMER,IT,69971,MEDIUM,Y
C,24-06-2022,18-08-2022,nan,INDIA,50,MASTER'S,QUALITY SUPERVISOR,MEDICAL,43493,LOW,Y
C,,,nan,CHINA,35,BACHELOR'S,MEDICAL DIRECTOR,IT,40.91,LOW,Y
C,18-11-2022,14-12-2022,VERMONT SERVICE CENTER,CHINA,25,MASTER'S,PRINCIPAL CONSULTANT - US - PRACTITIONER,IT,99403,MEDIUM,Y
C,18-10-2022,28-10-2022,CALIFORNIA SERVICE CENTER,INDIA,34,BACHELOR'S,NETWORK ENGINEER,IT,97302,MEDIUM,Y
C,07-12-2022,11-01-2023,VERMONT SERVICE CENTER,CHINA,47,MASTER'S,ASSOCIATE CONSULTANT - US,IT,60528,MEDIUM,Y
C,26-02-2022,15-03-2022,NEBRASKA SERVICE CENTER,INDIA,51,MASTER'S,SENIOR .NET APPLICATION DEVELOPER,IT,83387,MEDIUM,Y
W,17-04-2022,07-06-2022,CALIFORNIA SERVICE CENTER,INDIA,53,BACHELOR'S,DENTIST,IT,118498,HIGH,Y
C,22-03-2022,12-04-2022,TEXAS SERVICE CENTER,INDIA,32,MASTER'S,SOFTWARE DEVELOPER,IT,75941,MEDIUM,Y
C,15-02-2022,18-03-2022,TEXAS SERVICE CENTER,INDIA,57,MASTER'S,DEVELOPER USER INTERFACE,FINANCE,70429,MEDIUM,Y
C,16-02-2022,02-04-2022,TEXAS SERVICE CENTER,INDIA,27,nan,SOFTWARE DEVELOPER,ENGINEERING,75941,MEDIUM,Y
C,10-12-2022,23-12-2022,CALIFORNIA SERVICE CENTER,INDIA,24,MASTER'S,PROGRAMMER ANALYST,IT,79019,MEDIUM,Y
C,01-12-2022,24-12-2022,TEXAS SERVICE CENTER,INDIA,48,MASTER'S,SEMICONDUCTOR DESIGN ENGINEER,OTHER,79248,MEDIUM,Y
C,29-08-2022,09-10-2022,VERMONT SERVICE CENTER,INDIA,,MASTER'S,SOFTWARE ENGINEER,IT,73882,MEDIUM,Y
C,,,NEBRASKA SERVICE CENTER,INDIA,,BACHELOR'S,"MANAGER, BUSINESS SYSTEMS ANALYSIS",IT,57574,LOW,Y
C,06-02-2022,05-03-2022,TEXAS SERVICE CENTER,INDIA,25,MASTER'S,CONSULTANT - APPLICATIONS PROGRAMMING,IT,97365,MEDIUM,N
C,09-07-2022,23-08-2022,CALIFORNIA SERVICE CENTER,INDIA,54,MASTER'S,SOFTWARE DEVELOPER,OTHER,75941,MEDIUM,Y
C,07-10-2022,24-11-2022,NEBRASKA SERVICE CENTER,INDIA,44,MASTER'S,VP; BUSINESS SOLUTION CNSLT - TECH,ENGINEERING,93163,MEDIUM,Y
C,09-09-2022,10-10-2022,CALIFORNIA SERVICE CENTER,INDIA,53,MASTER'S,SOFTWARE DEVELOPER,MEDICAL,75941,MEDIUM,Y
C,28-09-2022,19-11-2022,nan,INDIA,48,MASTER'S,CHANGE CONTROL MANAGER,FINANCE,79477,MEDIUM,Y
C,28-01-2022,11-03-2022,CALIFORNIA SERVICE CENTER,CANADA,,BACHELOR'S,SENIOR QA ANALYST,IT,61610,MEDIUM,Y
C,07-04-2022,12-05-2022,TEXAS SERVICE CENTER,INDIA,23,BACHELOR'S,TECHNOLOGY ANALYST - US - PROFESSIONAL,IT,57533,LOW,Y
C,15-01-2022,05-03-2022,NEBRASKA SERVICE CENTER,nan,58,MASTER'S,QUALITY ANALYST,FINANCE,97365,MEDIUM,Y
C,26-08-2022,11-09-2022,TEXAS SERVICE CENTER,INDIA,26,BACHELOR'S,SOFTWARE DEVELOPER,IT,89232,MEDIUM,Y
C,12-06-2022,05-08-2022,NEBRASKA SERVICE CENTER,INDIA,24,MASTER'S,AVP; CNSLT- APPS PROG,IT,93163,MEDIUM,Y
C,09-05-2022,01-06-2022,CALIFORNIA SERVICE CENTER,CANADA,27,MASTER'S,SOFTWARE DEVELOPER,IT,137010,HIGH,Y
C,01-04-2022,15-05-2022,VERMONT SERVICE CENTER,CHINA,,BACHELOR'S,COMPUTER PROGRAMMER,IT,112278,HIGH,Y
C,17-04-2022,11-06-2022,NEBRASKA SERVICE CENTER,INDIA,35,MASTER'S,TECHNOLOGY ANALYST - US,IT,57533,LOW,Y
C,,,NEBRASKA SERVICE CENTER,INDIA,,MASTER'S,LEAD-TECHNOLOGY/APPLICATION ARCHITECT,IT,89232,MEDIUM,N
C,04-01-2022,17-01-2022,VERMONT SERVICE CENTER,nan,59,DOCTORATE,MECHANICAL ENGINEERS - II,IT,81203,MEDIUM,N
C,27-07-2022,27-08-2022,POTOMAC SERVICE CENTER,CANADA,58,MASTER'S,VICE PRESIDENT; CONSULTANT - APPS PROG,IT,79477,MEDIUM,Y
W,14-05-2022,05-06-2022,VERMONT SERVICE CENTER,INDIA,34,MASTER'S,APPLICATION DESIGNER,IT,72342,MEDIUM,Y
C,05-08-2022,31-08-2022,VERMONT SERVICE CENTER,INDIA,42,MASTER'S,TECHNOLOGY ANALYST - US,ENGINEERING,57533,LOW,Y
C,21-08-2022,04-10-2022,POTOMAC SERVICE CENTER,INDIA,29,MASTER'S,AVP; CONSULTANT - SYSTEM ENG,IT,104125,HIGH,Y
CW,08-04-2022,29-04-2022,VERMONT SERVICE CENTER,INDIA,49,MASTER'S,SEMICONDUCTOR DESIGN ENGINEER,FINANCE,99882,MEDIUM,Y
C,18-07-2022,07-08-2022,NEBRASKA SERVICE CENTER,CANADA,,MASTER'S,TECHNOLOGY ANALYST - US - PROFESSIONAL,FINANCE,57533,LOW,Y
C,31-01-2022,23-03-2022,TEXAS SERVICE CENTER,INDIA,55,DOCTORATE,STATISTICIAN,IT,23.91,LOW,Y
C,20-01-2022,17-03-2022,CALIFORNIA SERVICE CENTER,INDIA,37,BACHELOR'S,SYSTEM ARCHITECT - III,IT,79477,MEDIUM,Y
C,,,nan,INDIA,30,MASTER'S,QUALITY ANALYST,IT,97365,MEDIUM,Y
C,03-03-2022,18-03-2022,POTOMAC SERVICE CENTER,INDIA,44,MASTER'S,SR. SQA TEST ENGINEER,FINANCE,97365,MEDIUM,Y
C,01-02-2022,02-03-2022,nan,INDIA,31,BACHELOR'S,AVP; LEAD CNSLT - TECH APP ENGIN,IT,125549,HIGH,N
C,18-07-2022,28-07-2022,POTOMAC SERVICE CENTER,PHILIPPINES,,MASTER'S,TECHNOLOGY LEAD - US,IT,76170,MEDIUM,Y
C,,,CALIFORNIA SERVICE CENTER,INDIA,24,MASTER'S,OFFICER; CONSULTANT - APPS PROG,FINANCE,107390,HIGH,Y
C,,,VERMONT SERVICE CENTER,INDIA,42,BACHELOR'S,TECHNOLOGY LEAD - US,EDUCATION,75525,MEDIUM,Y
C,11-07-2022,08-08-2022,TEXAS SERVICE CENTER,INDIA,35,MASTER'S,DEVELOPER USER INTERFACE,IT,54974,LOW,Y
C,01-06-2022,11-07-2022,POTOMAC SERVICE CENTER,INDIA,41,BACHELOR'S,DEVELOPER,IT,74630,MEDIUM,N
D,15-12-2022,09-01-2023,TEXAS SERVICE CENTER,INDIA,38,MASTER'S,BI ANALYST,IT,43722,LOW,Y
C,19-02-2022,18-04-2022,POTOMAC SERVICE CENTER,CHINA,42,MASTER'S,TECHNOLOGY ANALYST - US - PROFESSIONAL,IT,57533,LOW,Y
C,09-02-2022,08-03-2022,POTOMAC SERVICE CENTER,CHINA,51,MASTER'S,QUALITY ASSURANCE TESTER,IT,97365,MEDIUM,N
C,29-04-2022,03-06-2022,NEBRASKA SERVICE CENTER,INDIA,26,BACHELOR'S,VP; CNSLT-APPS PROG,MEDICAL,42.9,LOW,N
C,18-06-2022,06-07-2022,TEXAS SERVICE CENTER,CANADA,48,BACHELOR'S,CHANGE CONTROL MANAGER,ENGINEERING,79477,MEDIUM,Y
C,24-08-2022,26-09-2022,nan,nan,30,BACHELOR'S,SOFTWARE DEVELOPER,IT,75941,MEDIUM,Y
C,,,VERMONT SERVICE CENTER,INDIA,23,MASTER'S,QA ENGINEER,FINANCE,82347,MEDIUM,N
C,05-06-2022,11-07-2022,nan,INDIA,34,nan,FUSION ALGORITHM DEVELOPMENT ENGINEER,IT,62941,MEDIUM,Y
C,07-02-2022,19-02-2022,POTOMAC SERVICE CENTER,MEXICO,56,MASTER'S,CONSULTANT,OTHER,61610,MEDIUM,Y
C,15-07-2022,31-07-2022,TEXAS SERVICE CENTER,INDIA,33,DOCTORATE,TEST ANALYST - US - PROFESSIONAL,IT,43722,LOW,Y
C,27-10-2022,29-11-2022,CALIFORNIA SERVICE CENTER,CHINA,32,nan,APPLICATION ARCHITECT,IT,93163,MEDIUM,Y
C,07-05-2022,28-05-2022,TEXAS SERVICE CENTER,INDIA,57,BACHELOR'S,DEVELOPER USER INTERFACE,IT,70429,MEDIUM,Y
C,23-04-2022,11-05-2022,CALIFORNIA SERVICE CENTER,INDIA,51,MASTER'S,SENIOR SOFTWARE DEVELOPER,IT,89232,MEDIUM,N
C,,,VERMONT SERVICE CENTER,INDIA,32,MASTER'S,CIVIL ENGINEER,IT,32.62,LOW,Y
C,12-01-2022,01-02-2022,nan,INDIA,45,nan,FUSION ALGORITHM DEVELOMENT ENGINEER,IT,68640,MEDIUM,Y
C,20-06-2022,19-07-2022,NEBRASKA SERVICE CENTER,INDIA,23,MASTER'S,JUNIOR ENGINEERING DESIGNER,OTHER,23.29,LOW,N
C,23-07-2022,20-09-2022,POTOMAC SERVICE CENTER,INDIA,27,BACHELOR'S,QA ENGINEER,FINANCE,79477,MEDIUM,Y
C,05-03-2022,27-03-2022,TEXAS SERVICE CENTER,INDIA,24,MASTER'S,BI ANALYST,OTHER,43722,LOW,Y
C,30-04-2022,08-06-2022,POTOMAC SERVICE CENTER,PHILIPPINES,41,BACHELOR'S,SENIOR SOFTWARE DEVELOPER,ENGINEERING,93163,MEDIUM,N
C,20-10-2022,31-10-2022,CALIFORNIA SERVICE CENTER,INDIA,54,MASTER'S,TECHNOLOGY ANALYST - US,IT,57533,LOW,Y
C,26-01-2022,20-02-2022,POTOMAC SERVICE CENTER,SOUTH KOREA,55,BACHELOR'S,AVP; CNSLT - APPS PROG,IT,53.07,LOW,N
C,06-07-2022,27-08-2022,TEXAS SERVICE CENTER,PHILIPPINES,,MASTER'S,PRINCIPAL CI/JAVASCRIPT DEVELOPER,FINANCE,138902,HIGH,Y
C,24-03-2022,17-05-2022,NEBRASKA SERVICE CENTER,INDIA,44,DOCTORATE,DEPLOYMENT ENGINEER,IT,62712,MEDIUM,Y
C,,,NEBRASKA SERVICE CENTER,INDIA,29,nan,ANALYST - TESTING,IT,61610,MEDIUM,Y
C,04-09-2022,22-10-2022,VERMONT SERVICE CENTER,INDIA,43,BACHELOR'S,SENIOR QUALITY ASSURANCE ANALYST,EDUCATION,61610,MEDIUM,N
C,28-11-2022,16-12-2022,POTOMAC SERVICE CENTER,PHILIPPINES,46,MASTER'S,COMPUTER SYSTEMS ENGINEERS,IT,21.02,LOW,Y
C,09-06-2022,23-06-2022,POTOMAC SERVICE CENTER,CHINA,39,MASTER'S,SR. PRINCIPAL ENGINEER,FINANCE,125549,HIGH,Y
C,21-11-2022,25-12-2022,CALIFORNIA SERVICE CENTER,nan,45,MASTER'S,SOFTWARE DEVELOPER APPLICATION,IT,107390,HIGH,Y
C,,,POTOMAC SERVICE CENTER,INDIA,,nan,VICE PRESIDENT; LEAD CONSULTANT-APP PROG,IT,90229,MEDIUM,Y
C,19-08-2022,11-09-2022,NEBRASKA SERVICE CENTER,INDIA,32,BACHELOR'S,COMPUTER SYSTEMS ANALYST,EDUCATION,57533,LOW,Y
C,03-12-2022,09-01-2023,TEXAS SERVICE CENTER,INDIA,24,nan,CNSLT - APPS PROG,ENGINEERING,89232,MEDIUM,Y
C,13-07-2022,26-07-2022,VERMONT SERVICE CENTER,INDIA,32,MASTER'S,SENIOR TECHNOLOGY ARCHITECT - US,ENGINEERING,102003,HIGH,N
