case_year	case_status	emp_name	emp_city	emp_state	emp_zip	emp_country	job_title	soc_code	soc_name	full_time_position	prevailing_wage	pw_unit	pw_level	wage_from	wage_to	wage_unit	work_city	work_state	emp_h1b_dependent	emp_willful_violator	lat	lng	processing_time
2016	C	CUMMINS INC.	NASHVILLE	TN	37214	USA	MANUFACTURING SHOP OPERATIONS TEAM MANAGER - SENIOR	Nov-51	INDUSTRIAL PRODUCTION MANAGERS		90501	Y		90501	97500	Y	FRIDLEY	MN	N	N	45.086075	-93.26328	5
2013	C	LARSEN & TOUBRO INFOTECH LIMITED	EDISON	NJ	8817		COMPUTER SYSTEM ENGINEER	15-1799	COMPUTER OCCUPATIONS, ALL OTHER	Y	53872	Y		55170		Y	CUPERTINO	CA			37.322998	-122.03218	6
2016	C	HCL AMERICA, INC.	SUNNYVALE	CA	94085	USA	USER SUPPORT SPECIALISTS - IV	15-1151	COMPUTER USER SUPPORT SPECIALISTS		53706	Y		53706	87000	Y	COLUMBUS	IN	Y	N	39.20144	-85.92138	6
2016	C	AMAZON CORPORATE LLC	SEATTLE	WA	98109	USA	QUALITY MANAGER	15-1133	SOFTWARE DEVELOPERS, SYSTEMS SOFTWARE		115814	Y		135500	0	Y	SEATTLE	WA	N	N	47.60621	-122.33207	6
2015	C	PRODEW, INC.	MARIETTA	GA	30062	USA	GRAPHIC DESIGNER	27-1024	GRAPHIC DESIGNERS	Y	30243	Y	Level I	30243		Y	MARIETTA	GA	N	N	33.952602	-84.549934	6
2015	D	ADVANTAGE IT INC	ASHBURN	VA	20147	USA	SYSTEMS ADMINISTRATOR	15-1142	NETWORK AND COMPUTER SYSTEMS ADMINISTRATORS	Y	65187	Y	Level II	65000		Y	MIAMI	FL	Y	N	25.774265	-80.19366	9
2015	C	MICRON TECHNOLOGY, INC.	BOISE	ID	83716	USA	DRAM TEST ENGINEER	17-2072	ELECTRONICS ENGINEERS, EXCEPT COMPUTER	Y	65582	Y	Level I	89500		Y	BOISE	ID	N	N	43.6135	-116.20345	6
2014	C	TRACE INTERNATIONAL, INC.	ANNAPOLIS	MD	21401		DUE DILIGENCE ASSOCIATE	19-4061.00	SOCIAL SCIENCE RESEARCH ASSISTANTS	Y	35194	Y		44000		Y	ANNAPOLIS	MD			38.978447	-76.49218	6
2011	C	DANA-FARBER CANCER INSTITUTE	BOSTON	MA	2215		RESEARCH FELLOW/ASSOCIATE	19-1042	MEDICAL SCIENTISTS, EXCEPT EPIDEMIOLOGISTS	Y	48256	Y		54204		Y	BOSTON	MA			42.35843	-71.05978	6
2012	C	ACCENTURE LLP	CHICAGO	IL	60601		COMPUTER SPECIALISIT/SYSTEM SUPPORT AND DEVELOPMEN	15-1799	COMPUTER OCCUPATIONS, ALL OTHER*	Y	74277	Y		74300		Y	CHICAGO	IL			41.850033	-87.650055	6
2012	C	SPAULDING REHABILITATION HOSPITAL	BOSTON	MA	2114		RESEARCH ASSOCIATE	19-1042	MEDICAL SCIENTISTS, EXCEPT EPIDEMIOLOGISTS	Y	46342	Y		46715		Y	BOSTON	MA			42.35843	-71.05978	6
2017	C	INFOSYS LIMITED	PLANO	TX	75024	USA	TECHNOLOGY LEAD - US - PRACTITIONER	15-1121	COMPUTER SYSTEMS ANALYST	Y	61381	Y	Level II	70037	0	Y	GREENVILLE	SC	Y	N	34.85262	-82.39401	7
2011	C	CORE EDUCATION & CONSULTING SOLUTIONS, INC.	PRINCETON	NJ	8540		LEAD ANALYST	15-1121	COMPUTER SYSTEMS ANALYSTS	Y	74422	Y		75000	95000	Y	JERSEY CITY	NJ			40.728157	-74.077644	6
2017	C	IBM INDIA PRIVATE LIMITED	DURHAM	NC	27709		SOFTWARE ENGINEER	15-1131	COMPUTER PROGRAMMERS	Y	74277	Y		75795	0	Y	JERSEY CITY	NJ	N	N	40.728157	-74.077644	6
2013	C	SV IT INC	FLUSHING	NY	11355		SOFTWARE DEVELOPMENT ENGINEER	15-1131	COMPUTER PROGRAMMERS	Y	82306	Y		83000	83000	Y	REDMOND	WA			47.67399	-122.12151	6
2011	C	TATA CONSULTANCY SERVICES LIMITED	ROCKVILLE	MD	20852		TECHNO-FUNCTIONAL CONSULTANT	15-1021.00	COMPUTER PROGRAMMERS	Y	54080	Y		54700		Y	PITTSBURGH	PA			40.440624	-79.99589	6
2012	C	CONSULTING PROFESSIONALS, LLC	TONAWANDA	NY	14217		COMPUTER PROGRAMMER	15-1131	COMPUTER PROGRAMMERS	Y	55453	Y		55500		Y	NASHUA	NH			42.765366	-71.46757	6
2015	C	VENSOFT SOLUTIONS INC	NEWARK	DE	19702	USA	SYSTEMS ADMINISTRATOR	15-1131	COMPUTER PROGRAMMERS	Y	62296	Y	Level I	65000		Y	NEWARK	DE	Y	N	39.683723	-75.74966	4
2013	C	NATIONAL OILWELL VARCO, L.P.	HOUSTON	TX	77036		SENIOR PLM ANALYST	15-1133	SOFTWARE DEVELOPERS, SYSTEMS SOFTWARE	Y	62213	Y		80000		Y	HOUSTON	TX			29.763283	-95.36327	6
2013	C	NTT DATA, INC.	BOSTON	MA	2129		COMPUTER SYSTEMS ANALYST	15-1121	COMPUTER SYSTEMS ANALYSTS	Y	61589	Y		61589	100000	Y	SALT LAKE CITY	UT			40.76078	-111.891045	6
2015	C	THE ROYAL BANK OF SCOTLAND PLC	STAMFORD	CT	6901	USA	SENIOR GOVERNANCE AND REGULATORY AFFAIRS MANAGER	13-1041	COMPLIANCE OFFICERS	Y	93330	Y	Level III	200000		Y	STAMFORD	CT	N	N	41.05343	-73.538734	6
2016	C	DELOITTE TRANSACTIONS AND BUSINESS ANALYTICS LLP	PHILADELPHIA	PA	19103	USA	ADVISORY CONSULTANT	13-2051	FINANCIAL ANALYSTS		59400	Y		60000	0	Y	NEW YORK	NY	N	N	40.761494	-73.98143	6
2017	C	GLOBAL EAGLE ENTERTAINMENT, INC.	MARINA DEL REY	CA	90292	USA	GLOBAL COMPENSATION & BENEFITS MANAGER	Nov-11	COMPENSATION AND BENEFITS MANAGERS	Y	105165	Y	Level II	115000	0	Y	MARINA DEL REY	CA	N	N	33.98029	-118.451744	6
2013	C	ACCENTURE LLP	CHICAGO	IL	60601		BUSINESS ANALYST	13-1111	MANAGEMENT ANALYSTS	Y	62941	Y		63000		Y	GREENSBORO	NC			36.072636	-79.79198	6
2016	C	BENED SOFTWARE SERVICES INC	IRVING	TX	75038	USA	BUSINESS SYSTEMS ANALYST	15-1121	COMPUTER SYSTEMS ANALYSTS		28.91	H		30	0	H	WESTLAKE	TX	Y	N	32.991234	-97.195015	7
2013	C	IDHASOFT, INC.	ATLANTA	GA	30328		PROGRAMMER ANALYST	15-1121	COMPUTER SYSTEMS ANALYSTS	Y	67621	Y		68000	98000	Y	PALO ALTO	CA			37.441883	-122.14302	6
2014	C	PROFESSIONAL ACCESS LTD.	NEW YORK	NY	10004		SYSTEMS SOFTWARE ARCHITECT	15-1121	COMPUTER SYSTEMS ANALYSTS	Y	104042	Y		115000		Y	MILPITAS	CA			37.428272	-121.906624	6
2015	C	AGCO CORPORATION	DULUTH	GA	30096	USA	.NET SOFTWARE APPLICATION DEVELOPER	15-1132	SOFTWARE DEVELOPERS, APPLICATIONS	Y	68037	Y	Level II	80000		Y	HESSTON	KS	N	N	38.138344	-97.43143	6
2016	C	ROBUST WEALTH	LAMBERTVILLE	NJ	18938	USA	SOFTWARE DEVELOPER	15-1132	SOFTWARE DEVELOPERS, APPLICATIONS		87298	Y		95000	0	Y	LAMBERTVILLE	NJ	N	N	40.36594	-74.94295	4
2012	C	UST GLOBAL INC	ALISO VIEJO	CA	92656		SENIOR SYSTEMS ANALYST	15-1121	COMPUTER SYSTEMS ANALYSTS	Y	49130	Y		49130		Y	KANSAS CITY	MO			39.099728	-94.57857	4
2016	C	HCL GLOBAL SYSTEMS INC	FARMINGTON HILLS	MI	48335	USA	SR. SOFTWARE ENGINEER	15-1132	SOFTWARE DEVELOPERS, APPLICATIONS		51.4	H		51.4	0	H	TEMPE	AZ	Y	N	33.41477	-111.90931	6
2015	C	UST GLOBAL INC	ALISO VIEJO	CA	92656	USA	SOFTWARE ARCHITECT	15-1132	SOFTWARE DEVELOPERS, APPLICATIONS	Y	84781	Y	Level II	84781		Y	LOS ANGELES	CA	Y	N	34.052235	-118.24368	4
2011	C	TWO SIGMA INVESTMENTS, LLC	NEW YORK	NY	10012		QUANTITATIVE STATISTICAL RESEARCH ANALYST	15-2041.00	STATISTICIANS	Y	58843	Y		200000		Y	NEW YORK	NY			40.761494	-73.98143	6
2014	C	SAN FRANCISCO STATE UNIVERSITY	SAN FRANCISCO	CA	94132		SENIOR RESEARCH ANALYST	15-2031	OPERATIONS RESEARCH ANALYSTS	Y	4379	M		4379	7881	M	SAN FRANCISCO	CA			37.77493	-122.41942	5
2015	C	ACCENTURE LLP	CHICAGO	IL	60601	USA	COMPUTER SPECIALIST / TESTING AND QUALITY ANALYST 3	15-1199	COMPUTER OCCUPATIONS, ALL OTHER	Y	76232	Y	Level III	81592		Y	RICHFIELD	MN	N	N	44.883297	-93.283005	6
2011	C	PRECAST CONCRETE TECHNOLOGY UNLIMITED, LLC	OLIVEHURST	CA	95961		ENGINEER	17-2051.00	CIVIL ENGINEERS	N	34.58	H		34.58		H	OLIVEHURST	CA			39.095448	-121.552185	6
2014	C	INFO LABS, INC.	HERNDON	VA	20170		PROGRAMMER ANALYST	15-1131	COMPUTER PROGRAMMERS	Y	54330	Y		60000		Y	HERNDON	VA			38.969555	-77.3861	4
2011	C	FACEBOOK, INC.	PALO ALTO	CA	94304		SOFTWARE ENGINEER	15-1031.00	COMPUTER SOFTWARE ENGINEERS, APPLICATIONS	Y	82035	Y		90000		Y	PALO ALTO	CA			37.441883	-122.14302	4
2015	C	INFOSYS LIMITED	PLANO	TX	75024	USA	TECHNOLOGY ANALYST - US	15-1121	COMPUTER SYSTEMS ANALYSTS	Y	53186	Y	Level I	65631		Y	MILWAUKEE	WI	Y	N	43.038902	-87.90647	7
2013	C	ZYLOG SYSTEMS LIMITED	EDISON	NJ	8820		PROGRAMMER ANALYST	15-1131	COMPUTER PROGRAMMERS	Y	53352	Y		60000		Y	RICHMOND	VA			37.553757	-77.46026	6
2012	C	GEOMETRIC AMERICAS, INC.	TROY	MI	48084		PLM ENGINEER	15-1132	SOFTWARE DEVELOPERS, APPLICATIONS	Y	57096	Y		71843		Y	HUNTINGTON BEACH	CA			33.660297	-117.99923	4
2011	C	NARAYAN HOTEL LLC	MERRIMACK	NH	3054		FINANCIAL MANAGER	11-3031.00	FINANCIAL MANAGERS	N	30.52	H		30.52		H	MERRIMACK	NH			42.86814	-71.4834	6
2017	C	WALDO PHOTOS, INC.	AUSTIN	TX	78702	USA	SOFTWARE ENGINEER-COMPUTER VISION	15-1121	COMPUTER SYSTEMS ANALYSTS	Y	53206	Y	Level I	60000	0	Y	AUSTIN	TX	N	N	30.267153	-97.74306	6
2016	C	AFI US, LLC	CHARLOTTE	NC	28202	USA	DATABASE FIREWALL SECURITY ENGINEER	15-1122	INFORMATION SECURITY ANALYSTS		109117	Y		115000	0	Y	CHARLOTTE	NC	N	N	35.227085	-80.843124	6
2017	C	ENTXL INC	IRVING	TX	75039	USA	COMPUTER SYSTEMS ADMINISTRATOR	15-1142	NETWORK AND COMPUTER SYSTEMS ADMINISTRATORS	Y	63669	Y	Level I	63700	0	Y	BALTIMORE	MD	Y	N	39.290386	-76.61219	4
2015	C	SEARS HOLDINGS MANAGEMENT CORPORATION	HOFFMAN ESTATES	IL	60179	USA	ARCHITECT, I&TG	15-1199	COMPUTER OCCUPATIONS, ALL OTHER	Y	67642	Y	Level II	110000		Y	HOFFMAN ESTATES	IL	N	N	42.042805	-88.079796	6
2015	C	UDEMY, INC.	SAN FRANCISCO	CA	94107	USA	PRODUCT MANAGER	Nov-21	COMPUTER AND INFORMATION SYSTEMS MANAGERS	Y	118414	Y	Level I	118414	145000	Y	SAN FRANCISCO	CA	N	N	37.77493	-122.41942	4
2015	C	NGUSOFT INC	SANTA CLARA	CA	95054	USA	SOFTWARE DEVELOPER	15-1132	SOFTWARE DEVELOPERS, APPLICATIONS	Y	40269	Y	Level I	70000		Y	ERIE	PA	N	N	42.129223	-80.08506	6
2016	C	HCL AMERICA, INC.	SUNNYVALE	CA	94085	USA	SYSTEMS ANALYST - III	15-1121	COMPUTER SYSTEMS ANALYSTS		86216	Y		86216	106000	Y	DALLAS	TX	Y	N	32.783054	-96.80666	6
2011	C	O2 TECHNOLOGIES INC	HERNDON	VA	20171		O2 ANALYST	15-1051.00	COMPUTER SYSTEMS ANALYSTS	Y	58427	Y		62100		Y	SAN JOSE	CA			37.339386	-121.89496	4
2012	C	CAPITAL ONE SERVICES, LLC	RICHMOND	VA	23238		SENIOR MIS ANALYST	15-2031	OPERATIONS RESEARCH ANALYSTS	Y	67100.8	Y		67200	77700	Y	RICHMOND	VA			37.553757	-77.46026	6
2014	C	GP BULLHOUND, INC.	SAN FRANCISCO	CA	94111		ANALYST	13-2051	FINANCIAL ANALYSTS	Y	67600	Y		68000		Y	SAN FRANCISCO	CA			37.77493	-122.41942	6
2012	C	BIRLASOFT INC	EDISON	NJ	8817		BUSINESS SYSTEMS ANALYST	15-1121	COMPUTER SYSTEMS ANALYSTS	Y	61526	Y		61600		Y	EDISON	NJ			40.518715	-74.412094	6
2015	C	ZIONTECH SOLUTIONS,INC	SAN JOSE	CA	95134	USA	SYSTEMS ANALYST	15-1121	COMPUTER SYSTEMS ANALYSTS	Y	66602	Y	Level I	70000		Y	SAN JOSE	CA	Y	N	37.339386	-121.89496	6
2017	C	TELEMUNDO MEDIA, LLC	FORT WORTH	TX	76155	USA	SPORTS DIRECTOR	27-3022	REPORTERS AND CORRESPONDENTS	Y	59134	Y	Level IV	60000	70000	Y	FORT WORTH	TX	N	N	32.72541	-97.32085	4
2014	C	TRANS AMERICAN INFORMATION SYSTEMS INC	LEWISVILLE	TX	75057		LEAD ATG DEVELOPER	15-1132	SOFTWARE DEVELOPERS, APPLICATIONS	Y	73861	Y		85000		Y	CORTE MADERA	CA			37.92548	-122.52747	7
2012	C	LOGICGATE TECHNOLOGIES, INC.	PRINCETON	NJ	8540		DATA ANALYST	15-1121	COMPUTER SYSTEMS ANALYSTS	Y	41933	Y		41933	70000	Y	KNOXVILLE	TN			35.96064	-83.92074	6
2014	C	NS HOME SHOPPING CO., LTD	LOS ANGELES	CA	90010		PURCHASING MANAGER	Nov-61	PURCHASING MANAGERS	N	32.9	H		32.9		H	LOS ANGELES	CA			34.052235	-118.24368	6
2013	C	INFOSYS LIMITED	PLANO	TX	75024		TECHNOLOGY LEAD- ENGINEERING- US	15-1131	COMPUTER PROGRAMMERS	Y	55682	Y		79104		Y	WICHITA	KS			37.692238	-97.33755	6
2017	C	CHASSIX, INC.	SOUTHFIELD	MI	48034	USA	ENGINEER II - CASTING	17-2141	MECHANICAL ENGINEERS	Y	76773	Y	Level II	76773	0	Y	SOUTHFIELD	MI	N	N	42.47337	-83.22187	6
2012	C	ZS ASSOCIATES, INC.	EVANSTON	IL	60201		BUSINESS TECHNOLOGY MANAGER	36465	MANAGERS, ALL OTHER	Y	73195	Y		80000	100000	Y	LOS ANGELES	CA			34.052235	-118.24368	6
2013	C	DATAMETRICS SOFTWARE SYSTEMS INC	PISCATAWAY	NJ	8854		SOFTWARE ENGINEER	15-1131	COMPUTER PROGRAMMERS	Y	63440	Y		63440		Y	BATON ROUGE	LA			30.450747	-91.15455	6
2013	C	PIONEER HI-BRED INTERNATIONAL, INC.	JOHNSTON	IA	50131		COMPETITIVE TECHNICAL INTELLIGENCE MANAGER	19-1013	SOIL AND PLANT SCIENTISTS	Y	78208	Y		79000	96000	Y	JOHNSTON	IA			41.673042	-93.69772	6
2011	D	MICHELL ENTERPRISES LLC	WINDSOR LOCKS	CT	6096		STAFF ACCOUNTANT	13-2011.01	ACCOUNTANTS	Y	42390	Y		44000		Y	WINDSOR LOCKS	CT			41.929264	-72.62731	2
2014	C	INFOSYS LIMITED	PLANO	TX	75024		ASSOCIATE CONSULTANT - US	15-1121	COMPUTER SYSTEMS ANALYSTS	Y	62504	Y		65785		Y	EL SEGUNDO	CA			33.919178	-118.416466	7
2017	C	MILLENNIUMSOFT INC.	FAIRFAX	VA	22031	USA	MOBILE & UI DEVELOPER	15-1132	SOFTWARE DEVELOPERS, APPLICATIONS	Y	71323	Y	Level I	71323	0	Y	PHILADELPHIA	PA	N	N	39.952335	-75.16379	6
2015	C	KPIT INFOSYSTEMS, INC.	EDISON	NJ	8837	USA	IT CONSULTANT	15-1131	COMPUTER PROGRAMMERS	Y	52499	Y	Level I	60000		Y	EDISON	NJ	Y	N	40.518715	-74.412094	5
2017	C	NCS PEARSON, INC.	OLD TAPPAN	NJ	7675	USA	SOFTWARE DEVELOPER	15-1132	SOFTWARE DEVELOPERS, APPLICATIONS	Y	102003	Y	Level II	124675	125000	Y	FREMONT	CA	N	N	37.54827	-121.98857	6
2016	C	IBM CORPORATION	DURHAM	NC	27709	USA	SOFTWARE ENGINEER	15-1131	COMPUTER PROGRAMMERS		85634	Y		85634.04	0	Y	FOSTER CITY	CA	N	N	37.558548	-122.27108	6
2014	C	CORPORATE COMPUTER SERVICES INC	FARMINGTON HILLS	MI	48335		SOFTWARE DEVELOPER/OPERATIONS  ENGINEER	15-1133	SOFTWARE DEVELOPERS, SYSTEMS SOFTWARE	Y	71198	Y		71198		Y	DURHAM	NC			35.994034	-78.89862	6
2011	C	HEWITT ASSOCIATES LLC	LINCOLNSHIRE	IL	60069		SETUP CONFIGURATION SPECIALIST	15-1061.00	DATABASE ADMINISTRATORS	Y	47798	Y		47798	69000	Y	LINCOLNSHIRE	IL			42.190025	-87.9084	7
2013	C	THE UNIVERSITY OF HOUSTON	HOUSTON	TX	77204		VISITING ASSISTANT PROFESSOR	25-1199	POSTSECONDARY TEACHERS, ALL OTHER	Y	17490	Y		78000		Y	HOUSTON	TX			29.763283	-95.36327	4
2011	C	EBAY INC.	SAN JOSE	CA	95125		SOFTWARE ENGINEER 2	15-1132	SOFTWARE DEVELOPERS, APPLICATIONS	Y	90716	Y		91000		Y	SAN JOSE	CA			37.339386	-121.89496	6
2016	C	STARWOOD HOTELS & RESORTS WORLDWIDE, INC.	ORLANDO	FL	32819	USA	ASSOCIATE DIRECTOR, SUPPLY CHAIN	Nov-81	LODGING MANAGERS		63398	Y		120233	0	Y	STAMFORD	CT	N	N	41.05343	-73.538734	6
2015	C	FISERV CIR LLC	BROOKFIELD	WI	53045	USA	SENIOR PROFESSIONAL SERVICES TECHNICAL CONSULTANT	15-1121	COMPUTER SYSTEMS ANALYSTS	Y	69846	Y	Level III	72700	109000	Y	PITTSBURGH	PA	N	N	40.440624	-79.99589	7
2011	C	ORASYS LLC	WESTBOROUGH	MA	1581		PROGRAMMER ANALYST	15-1131	COMPUTER PROGRAMMERS	Y	60050	Y		72000		Y	FRAMINGHAM	MA			42.279263	-71.41617	6
2016	C	MIND OVER DATA, LLC	MEMPHIS	TN	38117	USA	PROGRAMMER	15-1134	WEB DEVELOPERS		44242	Y		45000	0	Y	MEMPHIS	TN	N	N	35.149536	-90.04898	6
2015	C	INFOSYS LIMITED	PLANO	TX	75024	USA	ASSOCIATE CONSULTANT - US	15-1121	COMPUTER SYSTEMS ANALYSTS	Y	59280	Y	Level I	66175		Y	HATBORO	PA	Y	N	40.174274	-75.10684	4
2011	C	UNIVERSITY OF NORTH CAROLINA AT CHAPEL HILL	CHAPEL HILL	NC	27599		LECTURER	25-1124.00	FOREIGN LANGUAGE AND LITERATURE TEACHERS, POSTSECO	Y	39080	Y		40500		Y	CHAPEL HILL	NC			35.9132	-79.05585	6
2015	C	MOMENTIVE PERFORMANCE MATERIALS USA INC.	WATERFORD	NY	12188	USA	BASICS SUPPLY/DEMAND PLANNER/PROJECT LEADER	13-1081	LOGISTICIANS	Y	81328	Y	Level IV	100000	140000	Y	WATERFORD	NY	N	N	42.79258	-73.68123	4
2014	C	COGNIZANT TECHNOLOGY SOLUTIONS U.S. CORPORATION	COLLEGE STATION	TX	77845		BUSINESS ANALYST JC65	15-1121	COMPUTER SYSTEMS ANALYSTS	Y	54517	Y		54517		Y	MOORESVILLE	NC			35.584858	-80.810074	6
2012	C	SKIN LASER & SURGERY SPECIALISTS OF NEW YORK & NEW	HACKENSACK	NJ	7601		DERMATOLOGIST	29-1069	PHYSICIANS AND SURGEONS, ALL OTHER	Y	26.36	H		55.95		H	MONTCLAIR	NJ			40.82593	-74.20904	6
2017	C	AMAZON CORPORATE LLC	SEATTLE	WA	98121	USA	SOFTWARE DEVELOPMENT ENGINEER II	15-1132	SOFTWARE DEVELOPERS, APPLICATIONS	Y	106101	Y	Level II	120900	0	Y	SEATTLE	WA	N	N	47.60621	-122.33207	4
2014	C	VERBAL BEGINNINGS, LLC	ELLICOTT CITY	MD	21042		COORDINATOR	21-1019	COUNSELORS, ALL OTHER	Y	30014	Y		35000		Y	ELLICOTT CITY	MD			39.26733	-76.79831	4
2015	C	AMERICAN AIRLINES, INC.	FORT WORTH	TX	76155	USA	SENIOR BUSINESS INTELLIGENCE DEVELOPER	15-2031	OPERATIONS RESEARCH ANALYSTS	Y	62088	Y	Level II	64298	121407	Y	FORT WORTH	TX	N	N	32.72541	-97.32085	6
2012	C	CRICO/RISK MANAGEMENT FOUNDATION	CAMBRIDGE	MA	2142		BUSINESS SOLUTIONS ARCHITECT	15-1121	COMPUTER SYSTEMS ANALYSTS	Y	55800	Y		56000	77000	Y	CAMBRIDGE	MA			42.375095	-71.105606	6
2016	C	ECOM SOLUTIONS INC	JOHNSTON	IA	50131	USA	ORACLE DATABASE ADMINISTRATOR	15-1141	DATABASE ADMINISTRATORS		55744	Y		70000	0	Y	JERSEY CITY	NJ	Y	N	40.728157	-74.077644	6
2016	C	STANDARD MOTOR PRODUCTS, INC.	LEWISVILLE	TX	75057	USA	PACKAGING ENGINEER	17-2112	INDUSTRIAL ENGINEERS		57699	Y		57699	0	Y	LEWISVILLE	TX	N	N	33.046234	-96.99417	7
2016	D	TECHIE BRAINS INCORPORATED	CHICAGO	IL	60544	USA	PROGRAMMER ANALYST	15-1131	COMPUTER PROGRAMMERS		67642	Y		70000	0	Y	COLUMBUS	GA	N	N	32.460976	-84.98771	2
2015	C	APN SOFTWARE SERVICES INC.	NEWARK	CA	94560	USA	NETWORK SOFTWARE ENGINEER	15-1132	SOFTWARE DEVELOPERS, APPLICATIONS	Y	109762	Y	Level II	116000		Y	SAN JOSE	CA	N	N	37.339386	-121.89496	6
2014	C	WIPRO LIMITED	EAST BRUNSWICK	NJ	8816		DATABASE ADMINISTRATOR LEVEL 1	15-1141	DATABASE ADMINISTRATORS	Y	60000	Y		60000		Y	FARMINGTON HILLS	MI			42.485313	-83.37715	8
2012	C	UNIVERSITY OF CALIFORNIA, SAN FRANCISCO	SAN FRANCISCO	CA	94143		STAFF RESEARCH ASSOCIATE	19-1021	BIOCHEMISTS AND BIOPHYSICISTS	Y	40498	Y		45792		Y	SAN FRANCISCO	CA			37.77493	-122.41942	6
2011	C	ADITI TECHNOLOGIES PVT. LTD.	BELLEVUE	WA	98007		NETWORK/COMPUTER SYSTEMS ADMINISTRATOR	15-1071.00	NETWORK AND COMPUTER SYSTEMS ADMINISTRATORS	Y	59155	Y		60000	80000	Y	BELLEVUE	WA			47.61038	-122.200676	6
2013	C	ADITI TECHNOLOGIES PVT. LTD.	BELLEVUE	WA	98007		ASSOCIATE TECHNICAL ARCHITECT	15-1132	SOFTWARE DEVELOPERS, APPLICATIONS	Y	67080	Y		67080	95000	Y	HENDERSON	NV			36.0397	-114.98193	6
2012	C	OREGON HEALTH & SCIENCE UNIVERSITY	PORTLAND	OR	97239		RESEARCH ASSOCIATE	15-2041	STATISTICIANS	Y	38605	Y		55167		Y	PORTLAND	OR			45.523453	-122.67621	6
2016	C	BRIGHAM AND WOMEN'S HOSPITAL	BOSTON	MA	2114	USA	INVESTIGATOR	19-1042	MEDICAL SCIENTISTS, EXCEPT EPIDEMIOLOGISTS		44512	Y		58000	0	Y	BOSTON	MA	N	N	42.35843	-71.05978	7
2017	C	CYGTEC INC.	RALEIGH	NC	27615		SYSTEMS ANALYST (IVR)	15-1121	COMPUTER SYSTEMS ANALYSTS	Y	84718	Y		85000	0	Y	BOTHELL	WA	Y	N	47.76232	-122.20541	6
2011	C	SAP AMERICA, INC.	NEWTOWN SQUARE	PA	19073		BUSINESS PROCESS CONSULTANT	15-1051.00	COMPUTER SYSTEMS ANALYSTS	Y	62300	Y		75626		Y	PALO ALTO	CA			37.441883	-122.14302	6
2017	C	CONSULTING PROFESSIONALS, LLC	TONAWANDA	NY	14217	USA	PROGRAMMER ANALYST	15-1132	SOFTWARE DEVELOPERS, APPLICATIONS	Y	77917	Y	Level II	78395	0	Y	MINNEAPOLIS	MN	Y	N	44.979965	-93.26384	4
2013	C	SYNECHRON, INC.	PISCATAWAY	NJ	8854		SYSTEMS ANALYST	15-1121	COMPUTER SYSTEMS ANALYSTS	Y	78900	Y		80300		Y	STERLING	VA			39.00622	-77.4286	6
2011	C	PASADENA INDEPENDENT SCHOOL DISTRICT	PASADENA	TX	77502		BILINGUAL ELEMENTARY TEACHER	25-2021.00	ELEMENTARY SCHOOL TEACHERS, EXCEPT SPECIAL EDUCATI	Y	42590	Y		51986.15		Y	HOUSTON	TX			29.763283	-95.36327	6
2011	C	LIBERTY MUTUAL INSURANCE COMPANY	BOSTON	MA	2117		PRINCIPAL SOFTWARE DEVELOPER	15-1031.00	COMPUTER SOFTWARE ENGINEERS, APPLICATIONS	Y	103854	Y		103854	141600	Y	BOSTON	MA			42.35843	-71.05978	6
2014	C	CANISIUS COLLEGE	BUFFALO	NY	14208		ASSISTANT PROFESSOR OF SPORT ADMINISTRATION	25-1193	RECREATION AND FITNESS STUDIES TEACHERS, POSTSECON	Y	38340	Y		51000		Y	BUFFALO	NY			42.886448	-78.87837	6
2012	C	KPMG LLP	DALLAS	TX	75201		MANAGER	13-2011	ACCOUNTANTS AND AUDITORS	Y	83928	Y		89000	110000	Y	WASHINGTON	DC			38.89511	-77.03637	4
2012	C	NEW ENGLAND IT ASSOCIATES, INC	BURLINGTON	MA	1803		EDT ANALYST	15-1799	COMPUTER OCCUPATIONS, ALL OTHER*	Y	65125	Y		65125		Y	PISCATAWAY	NJ			40.49927	-74.39904	6
2017	C	LEX NIMBLE SOLUTIONS INC	SCHAUMBURG	IL	60173	USA	PROGRAMMER ANALYST	15-1132	SOFTWARE DEVELOPERS, APPLICATIONS	Y	71843	Y	Level II	80000	0	Y	SCHAUMBURG	IL	Y	N	42.03336	-88.083405	6
2016	W	ONSTAK INC	MILPITAS	CA	95035	USA	PROGRAMMER ANALYST	15-1121	COMPUTER SYSTEMS ANALYSTS		69805	Y		70000	0	Y	MILPITAS	CA	N	N	37.428272	-121.906624	0
2017	C	ARICENT N.A. INC.	SANTA CLARA	CA	95054	USA	SENIOR ENGINEERING PROJECT MANAGER - VLSI	17-2072	ELECTRONICS ENGINEERS, EXCEPT COMPUTER	Y	155106	Y	Level IV	155106	175106	Y	SANTA CLARA	CA	Y	N	37.354107	-121.95524	6
2012	C	INFOSYS LIMITED	PLANO	TX	75024		PROJECT LEAD	15-1121	COMPUTER SYSTEMS ANALYSTS	Y	89939	Y		91392		Y	NEW YORK	NY			40.761494	-73.98143	6
2015	C	IGATE TECHNOLOGIES INC.	ISELIN	NJ	8830	USA	COMPUTER SYSTEMS ANALYST	15-1121	COMPUTER SYSTEMS ANALYSTS	Y	77106	Y	Level II	77200		Y	LOS ANGELES	CA	Y	N	34.052235	-118.24368	5
2014	C	SOURCEINFOTECH INC.	EDISON	NJ	8817		QA ANALYST	15-1199	COMPUTER OCCUPATIONS, ALL OTHER	Y	52229	Y		60000		Y	WILMINGTON	DE			39.745945	-75.54659	4
2014	C	METROPOLITAN AREA PLANNING COUNCIL	BOSTON	MA	2111		GIS ANALYST II / GEO DATABASE TECHNICIAN II	17-3031	SURVEYING AND MAPPING TECHNICIANS	Y	52728	Y		56445		Y	BOSTON	MA			42.35843	-71.05978	6
2014	C	TECH MAHINDRA ( AMERICAS), INC	PLANO	TX	75093		PROGRAMMER	15-1131	COMPUTER PROGRAMMERS	Y	64147	Y		64147		Y	SAINT LOUIS	MO			38.627274	-90.19789	6
2017	C	IBM INDIA PRIVATE LIMITED	DURHAM	NC	27709	USA	CONSULTANT	15-1121	COMPUTER SYSTEMS ANALYSTS	Y	80995	Y	Level II	90286	94698	Y	NEWARK	NJ	N	N	40.735657	-74.17236	7
2017	C	PROVENANCE CONSULTING, LLC	BORGER	TX	79007	USA	PROCESS SAFETY MANAGEMENT CONSULTANT	17-2111	HEALTH AND SAFETY ENGINEERS, EXCEPT MINING SAFETY	Y	68994	Y	Level II	68994	72980	Y	BORGER	TX	N	N	35.66782	-101.397385	6
2015	C	TATA CONSULTANCY SERVICES LIMITED	ROCKVILLE	MD	20850	USA	DEVELOPER USER INTERFACE	15-1134	WEB DEVELOPERS	Y	62816	Y	Level III	69000		Y	NISKAYUNA	NY	Y	N	42.7798	-73.84568	7
2017	C	LSU HEALTH SCIENCES CENTER/NEW ORLEANS	NEW ORLEANS	LA	70112	USA	ASSISTANT PROFESSOR OF CLINICAL OTOLARYNGOLOGY	25-1071	HEALTH SPECIALTIES TEACHERS, POSTSECONDARY	Y	82390	Y	Level II	90000	0	Y	NEW ORLEANS	LA	N	N	29.954649	-90.07507	6
2012	C	HOWARD INDUSTRIES, INC.	LAUREL	MS	39440		DESIGN ENGINEER	17-2061	COMPUTER HARDWARE ENGINEERS	Y	54350	Y		55000	65000	Y	ELLISVILLE	MS			31.604053	-89.19562	6
2014	C	INFOSYS LIMITED	PLANO	TX	75024		TECHNOLOGY ARCHITECT - US	15-1199	COMPUTER OCCUPATIONS, ALL OTHER	Y	79186	Y		101331		Y	NORTHBROOK	IL			42.127525	-87.82896	4
2013	C	ALPHA NET CONSULTING LLC	SANTA CLARA	CA	95054		JAVA DEVELOPER	15-1131	COMPUTER PROGRAMMERS	Y	61984	Y		70000		Y	MOUNTAIN VIEW	CA			37.38605	-122.083855	6
2012	C	INFOSYS  LIMITED	PLANO	TX	75024		MODULE LEAD - TESTING	15-1799	COMPUTER OCCUPATIONS, ALL OTHER*	Y	61630	Y		65280		Y	MOORESVILLE	NC			35.584858	-80.810074	7
2013	C	INFOSYS LIMITED	PLANO	TX	75024		CONSULTANT - US	15-1121	COMPUTER SYSTEMS ANALYSTS	Y	72592	Y		72816		Y	HOUSTON	TX			29.763283	-95.36327	6
2017	C	4WARDTECH INC.	LA MESA	CA	91942	USA	SENIOR ANDROID SOFTWARE ENGINEER	15-1132	SOFTWARE DEVELOPERS, APPLICATIONS	Y	83346	Y	Level II	85000	0	Y	LA MESA	CA	N	N	32.76783	-117.02309	4
2016	CW	PIRAMAL GLASS - USA, INC.	DAYTON	NJ	8810	USA	OPERATIONS ENGINEER	17-2141	MECHANICAL ENGINEERS		66518	Y		68251	68251	Y	PARK HILLS	MO	N	N	37.854218	-90.51818	13
2017	C	PERSISTENT SYSTEMS, INC.	SANTA CLARA	CA	95054	USA	SR. COMPUTER PROGRAMMER ANALYST	15-1121	COMPUTER SYSTEMS ANALYSTS	Y	56638	Y	Level I	60000	78400	Y	DUBLIN	OH	Y	N	40.099228	-83.114075	6
2016	C	PROSOFT TECHNOLOGY GROUP, INC.	DOWNERS GROVE	IL	60515	USA	INTEGRATION ANALYST	15-1121	COMPUTER SYSTEMS ANALYSTS		74006	Y		75000	0	Y	DOWNERS GROVE	IL	Y	N	41.808918	-88.01118	6
2011	W	SATYAM COMPUTER SERVICES LTD.	PARSIPPANY	NJ	7054		SYSTEMS ANALYST	15-1051.00	COMPUTER SYSTEMS ANALYSTS	Y	70491	Y		70491		Y	GREELEY	CO			40.423313	-104.70913	0
2012	C	AVANT HEALTHCARE PROFESSIONALS, LLC.	CASSELBERRY	FL	32707		PHYSICAL THERAPIST	29-1123	PHYSICAL THERAPISTS	Y	26.58	H		26.58		H	DAYTONA BEACH	FL			29.210815	-81.022835	6
2012	C	MOXIE SYSTEMS INCORPORATED	EXTON	PA	19341		PROGRAMMER ANALYST	15-1121	COMPUTER SYSTEMS ANALYSTS	Y	51667	Y		58053	70000	Y	MECHANICSBURG	PA			40.214256	-77.00859	7
2017	C	NIMBL, LLC	DENVER	CO	80204	USA	SENIOR SAP MATERIALS MANAGEMENT CONSULTANT	15-1121	COMPUTER SYSTEMS ANALYSTS	Y	97053	Y	Level III	105000	0	Y	DENVER	CO	N	N	39.739155	-104.9847	6
2014	C	REHABCARE GROUP EAST, INC.	LOUISVILLE	KY	40202		SPEECH-LANGUAGE PATHOLOGIST	29-1127	SPEECH-LANGUAGE PATHOLOGISTS	Y	35.16	H		35.16	40	H	WEST ORANGE	NJ			40.79871	-74.23904	6
2012	C	LENMAR CONSULTING INC.	JERSEY CITY	NJ	7311		JAVA SOFTWARE ENGINEER	15-1132	SOFTWARE DEVELOPERS, APPLICATIONS	Y	46218	Y		70970		Y	BOCA RATON	FL			26.358688	-80.0831	6
2014	C	CHEVRON CORPORATION	SAN RAMON	CA	94583		PROJECT MANAGER - AUTOMATION AND ELECTRICAL	17-2071	ELECTRICAL ENGINEERS	Y	115960	Y		122000		Y	BAKERSFIELD	CA			35.37329	-119.018715	6
2016	C	CITADEL LLC	CHICAGO	IL	60603	USA	SURVEYOR, INDUSTRIALS ASSOCIATE	19-3011	ECONOMISTS		101358	Y		225000	0	Y	NEW YORK	NY	N	N	40.761494	-73.98143	6
2016	C	ARCHER DANIELS MIDLAND COMPANY	DECATUR	IL	62526	USA	BUSINESS SOLUTIONS ANALYST III	15-1121	COMPUTER SYSTEMS ANALYSTS		83158	Y		85000	95000	Y	DECATUR	IL	N	N	39.840313	-88.9548	6
2016	C	MYCELL INC	MONTVALE	NJ	7645	USA	FOOD SCIENTIST	19-1012	FOOD SCIENTISTS AND TECHNOLOGISTS		64626	Y		69000	0	Y	MONTVALE	NJ	N	N	41.046764	-74.02292	6
2017	C	INFOSYS LIMITED	PLANO	TX	75024	USA	SENIOR TECHNOLOGY ARCHITECT - US	15-1199	COMPUTER SYSTEMS ENGINEERS/ARCHITECTS	Y	80184	Y	Level IV	118136	0	Y	BENTONVILLE	AR	Y	N	36.372852	-94.20882	6
2017	C	ERNST & YOUNG U.S. LLP	SECAUCUS	NJ	7094	USA	ADVISORY STAFF	15-1121	COMPUTER SYSTEMS ANALYSTS	Y	63710	Y	Level I	82080	0	Y	BOSTON	MA	N	N	42.35843	-71.05978	6
2016	C	UNIVERSITY OF CALIFORNIA, IRVINE	IRVINE	CA	92697	USA	POSTDOCTORAL SCHOLAR	19-2031	CHEMISTS		42840	Y		42840	0	Y	IRVINE	CA	N	N	33.669464	-117.82311	7
2012	C	PALO ALTO NETWORKS, INC.	SANTA CLARA	CA	95054		SOFTWARE ENGINEER	15-1133	SOFTWARE DEVELOPERS, SYSTEMS SOFTWARE	Y	103709	Y		115000		Y	SANTA CLARA	CA			37.354107	-121.95524	7
2015	C	SANGUINE SOFTWARE SOLUTIONS INC	ROCHELLE PARK	NJ	7662	USA	COMPUTER SYSTEMS ANALYST	15-1121	COMPUTER SYSTEMS ANALYSTS	Y	53248	Y	Level II	65000		Y	HOUSTON	TX	Y	N	29.763283	-95.36327	7
2016	C	MICROSOFT CORPORATION	REDMOND	WA	98052	USA	SENIOR PREMIER FIELD ENGINEER	15-1121	COMPUTER SYSTEMS ANALYSTS		73341	Y		125090	0	Y	BENTONVILLE	AR	N	N	36.372852	-94.20882	6
2012	C	AMERICAN JUNIOR GOLF ASSOCIATION	BRASELTON	GA	30517		TOURNAMENT DIRECTOR	39-9032	RECREATION WORKERS	Y	19989	Y		40000		Y	BRASELTON	GA			34.109272	-83.76267	6
2011	C	PRIMESYS, L.P.	HOUSTON	TX	77070		SENIOR SAP ENGINEER	409743	COMPUTER AND INFORMATION SYSTEMS MANAGERS	Y	83075	Y		92000		Y	HOUSTON	TX			29.763283	-95.36327	6
2015	C	MASTECH RESOURCING, INC.	MOON TOWNSHIP	PA	15108	USA	SOFTWARE TEST ENGINEER	15-1199	COMPUTER OCCUPATIONS, ALL OTHER	Y	69264	Y	Level II	69264	84264	Y	COLUMBUS	OH	Y	N	39.961174	-82.998795	6
2012	C	INFOLOB SOLUTIONS, INC.	IRVING	TX	75038		ORACLE DATABASE ADMINISTRATOR	15-1141	DATABASE ADMINISTRATORS	Y	52936	Y		75000		Y	SALT LAKE CITY	UT			40.76078	-111.891045	6
2015	C	DELOITTE CONSULTING LLP	PHILADELPHIA	PA	19103	USA	SENIOR CONSULTANT	15-1133	SOFTWARE DEVELOPERS, SYSTEMS SOFTWARE	Y	71032	Y	Level II	100000	158000	Y	CLEVELAND	OH	N	N	41.499496	-81.69541	6
2011	C	PRESIDIO INDEPENDENT SCHOOL DISTRICT	PRESIDIO	TX	79845		SECONDARY SCHOOL TEACHER	25-2031.00	SECONDARY SCHOOL TEACHERS, EXCEPT SPECIAL AND VOCA	Y	39210	Y		39210	41520	Y	PRESIDIO	TX			29.560738	-104.37215	6
2016	C	PANTAI CHEMICAL USA INC.	ALPHARETTA	GA	30022	USA	ACCOUNTANT	13-2011	ACCOUNTANTS AND AUDITORS		23.06	H		25	0	H	ALPHARETTA	GA	N	N	34.075375	-84.29409	5
2013	C	CUMMINS FILTRATION, INC.	NASHVILLE	TN	37214		PRODUCT DEVELOPMENT ENGINEER (TPL)	17-2141	MECHANICAL ENGINEERS	Y	52832	Y		60800	72200	Y	COOKEVILLE	TN			36.162838	-85.50164	6
2012	C	WIPRO LIMITED	EAST BRUNSWICK	NJ	8816		COMPUTER PROGRAMMER	15-1131	COMPUTER PROGRAMMERS	Y	62566	Y		62566	83000	Y	COLUMBUS	OH			39.961174	-82.998795	7
2016	C	MICROSOFT CORPORATION	REDMOND	WA	98052	USA	STRATEGY DIRECTOR	Nov-22	SALES MANAGERS		157934	Y		167500	0	Y	REDMOND	WA	N	N	47.67399	-122.12151	6
2014	C	WEEKS MARINE, INC.	CRANFORD	NJ	7016		CHIEF FIELD ENGINEER	19-2042	GEOSCIENTISTS, EXCEPT HYDROLOGISTS AND GEOGRAPHERS	Y	56451	Y		56451	70000	Y	BOURG	LA			29.553549	-90.60231	6
2016	C	EXILANT TECHNOLOGIES PRIVATE LIMITED	CUPERTINO	CA	95014	USA	SYSTEMS ANALYST II	15-1121	COMPUTER SYSTEMS ANALYSTS		89149	Y		95585	0	Y	SUNNYVALE	CA	Y	N	37.36883	-122.03635	6
2017	C	ROCHESTER COMMUNITY SCHOOLS	ROCHESTER	MI	48307	USA	CHINESE LANGUAGE AND CULTURE TEACHER	25-2021	ELEMENTARY SCHOOL TEACHERS, EXCEPT SPECIAL EDUCATI	Y	40649	Y		40649	0	Y	ROCHESTER	MI	N	N	42.680588	-83.13382	6
2017	C	QUESTPAY INC.	NORTH BRUNSWICK	NJ	8902	USA	PROJECT MANAGER	Nov-21	COMPUTER AND INFORMATION SYSTEMS MANAGERS	Y	78915	Y	Level II	78915	87500	Y	FRANKLIN	TN	Y	N	35.925064	-86.86889	6
2015	CW	EXPEDITORS INTERNATIONAL OF WASHINGTON, INC.	SEATTLE	WA	98104	USA	REGIONAL CUSTOMS MANAGER - U.S. SOUTHERN BORDER AND MEXICO	Nov-71	TRANSPORTATION, STORAGE, AND DISTRIBUTION MANAGERS	Y	43347	Y	Level I	50000	60000	Y	LAREDO	TX	N	N	27.506407	-99.507545	8
2014	C	WIPRO LIMITED	EAST BRUNSWICK	NJ	8816		PROJECT MANAGER	15-1131	COMPUTER PROGRAMMERS	Y	69181	Y		69181		Y	TUCSON	AZ			32.221745	-110.926476	7
2017	C	AUROPRO SYSTEMS INC	PLAINSBORO	NJ	8536	USA	SOFTWARE DEVELOPER	15-1034	SOFTWARE DEVELOPERS, APPLICATIONS, NON R&D	Y	70221	Y	Level I	72000	0	Y	PLAINSBORO	NJ	Y	N	40.333443	-74.60043	6
2015	C	ALLTECH CONSULTING SERVICES INC.	PRINCETON	NJ	8540	USA	SOFTWARE CONSULTANT II	15-1132	SOFTWARE DEVELOPERS, APPLICATIONS	Y	78749	Y	Level II	78749	80000	Y	PRINCETON	NJ	Y	N	40.348717	-74.65905	4
2016	C	9 DOTS TECHNOLOGY, INC.	SCHAUMBURG	IL	60193	USA	SOFTWARE QUALITY ASSURANCE ENGINEER (TEST LEAD)	15-1199	COMPUTER OCCUPATIONS, ALL OTHER		80018	Y		96000	0	Y	TORRANCE	CA	Y	N	33.83585	-118.34063	6
2012	C	ALLEGHANY COUNTY PUBLIC SCHOOLS	LOW MOOR	VA	24457		BILINGUAL ED SPEC/MODEL BILINGUAL TEACHING MENTOR	25-2031	SECONDARY SCHOOL TEACHERS, EXCEPT SPECIAL AND CARE	Y	42523	Y		48070		Y	LOW MOOR	VA			37.78874	-79.88367	6
2014	C	QUANTENNA COMMUNICATIONS, INC.	FREMONT	CA	94538		SR. SOFTWARE ENGINEER	15-1132	SOFTWARE DEVELOPERS, APPLICATIONS	Y	126630	Y		126630	140000	Y	FREMONT	CA			37.54827	-121.98857	6
2016	C	TATA CONSULTANCY SERVICES LIMITED	ROCKVILLE	MD	20850	USA	DEVELOPER USER INTERFACE	15-1134	WEB DEVELOPERS		63544	Y		63544	94500	Y	WOONSOCKET	RI	Y	N	42.002876	-71.514786	6
2015	C	RJT COMPUQUEST, INC.	TORRANCE	CA	90505	USA	BUSINESS SYSTEMS ANALYST	15-1121	COMPUTER SYSTEMS ANALYSTS	Y	66602	Y	Level I	67000		Y	MILPITAS	CA	Y	N	37.428272	-121.906624	6
2014	C	MSI SERVICES, INC.	STANHOPE	NJ	7874		NETWORK SUPPORT TECHNICIAN	15-1151	COMPUTER USER SUPPORT SPECIALISTS	Y	36005	Y		36005		Y	STANHOPE	NJ			40.902878	-74.70905	6
2011	C	CYTEC INDUSTRIES INC.	WOODLAND PARK	NJ	7424		POST-DOCTORAL RESEARCHER	19-2031.00	CHEMISTS	Y	51002	Y		60000		Y	STAMFORD	CT			41.05343	-73.538734	6
2015	C	APOLLO EDUCATION GROUP, INC.	PHOENIX	AZ	85040	USA	SENIOR TECHNICAL WRITER	27-3042	TECHNICAL WRITERS	Y	73320	Y	Level IV	88000		Y	PHOENIX	AZ	N	N	33.448376	-112.074036	4
2012	C	MAGANTI IT RESOURCES, LLC	NAUGATUCK	CT	6770		BUSINESS ANALYST	15-1121	COMPUTER SYSTEMS ANALYSTS	Y	61693	Y		75000		Y	NAUGATUCK	CT			41.48593	-73.05067	6
2015	C	XG SCIENCES, INC.	LANSING	MI	48911	USA	MATERIALS SCIENTIST	19-2032	MATERIALS SCIENTISTS	Y	49608	Y	Level I	53581		Y	LANSING	MI	N	N	42.732536	-84.555534	6
2015	C	VIRTUSA CORPORATION	WESTBOROUGH	MA	1581	USA	SENIOR CONSULTANT-HR	13-1071	HUMAN RESOURCES SPECIALISTS	Y	60570	Y	Level III	76000		Y	WESTBOROUGH	MA	Y	N	42.26954	-71.61618	6
2013	C	ST.VINCENT'S MULTISPECIALTY GROUP, INC.	BRIDGEPORT	CT	6606		INTENSIVIST	29-1063	INTERNISTS, GENERAL	Y	225680	Y		260000		Y	BRIDGEPORT	CT			41.16704	-73.204834	6
2013	C	UST GLOBAL INC	ALISO VIEJO	CA	92656		SENIOR TEST ANALYST	15-1121	COMPUTER SYSTEMS ANALYSTS	Y	49546	Y		61680		Y	OVERLAND PARK	KS			38.982227	-94.67079	6
2014	C	TEXAS TRANSPORTATION INSTITUTE	COLLEGE STATION	TX	77843-3435		ASSISTANT TRANSPORTATION RESEARCHER	17-2053	CIVIL ENGINEERS, R&D	Y	33467	Y		45600		Y	AUSTIN	TX			30.267153	-97.74306	6
2015	C	SIRI GROUP, INC.	KING OF PRUSSIA	PA	19406	USA	ETL TECHNICAL ANALYST	15-1121	COMPUTER SYSTEMS ANALYSTS	Y	58885	Y	Level I	60000		Y	FARMERS BRANCH	TX	N	N	32.926514	-96.89612	4
2013	C	THE UNIVERSITY OF KANSAS HOSPITAL	KANSAS CITY	KS	48-1202402		PHYSICIAN	29-1063	INTERNISTS, GENERAL	Y	201261	Y		276000	339000	Y	KANSAS CITY	KS			39.11417	-94.62746	6
2017	W	IBM INDIA PRIVATE LIMITED	DURHAM	NC	27709	USA	MAINFRAME TEST LEAD	15-1131	COMPUTER PROGRAMMERS	Y	84053	Y	Level II	84053	0	Y	QUINCY	MA	N	N	42.252876	-71.00227	3
2016	C	GENE STRUCTURAL ENGINEERING, INC.	KATY	TX	77450	USA	STRUCTURAL ENGINEER	17-2051	CIVIL ENGINEERS		66477	Y		67200	0	Y	KATY	TX	N	N	29.785786	-95.824394	7
2012	C	IBM INDIA PRIVATE LIMITED	DURHAM	NC	27709		SENIOR ADVISORY CONSULTANT	15-1121	COMPUTER SYSTEMS ANALYSTS	Y	76003	Y		88193		Y	RED BANK	NJ			40.347054	-74.06431	7
2012	C	YALE UNIVERSITY	NEW HAVEN	CT	06520-8224		HOSPITAL RESIDENT	29-1069	PHYSICIANS AND SURGEONS, ALL OTHER	Y	57136	Y		72700		Y	WEST HAVEN	CT			41.270653	-72.947044	6
2015	C	NISUM TECHNOLOGIES INC.	BREA	CA	92821	USA	TECHNICAL LEAD	15-1132	SOFTWARE DEVELOPERS, APPLICATIONS	Y	114400	Y	Level III	120000		Y	SAN FRANCISCO	CA	Y	N	37.77493	-122.41942	7
2016	C	LANDIS+GYR TECHNOLOGY, INC.	ALPHARETTA	GA	30022	USA	SOFTWARE QUALITY ASSURANCE ENGINEER II	15-1199	COMPUTER OCCUPATIONS, ALL OTHER		49982	Y		56400	98800	Y	BLOOMINGTON	MN	N	N	44.840797	-93.29828	6
2015	C	NATIONAL GRID CORPORATE SERVICES LLC	BROOKLYN	NY	11201	USA	ANALYST, SOX INFO SYSTEMS	15-1121	COMPUTER SYSTEMS ANALYSTS	Y	63086	Y	Level I	77123		Y	BROOKLYN	NY	N	N	40.650093	-73.94956	6
2013	C	INFOSYS LIMITED	PLANO	TX	75024		TECHNOLOGY ANALYST - US	15-1121	COMPUTER SYSTEMS ANALYSTS	Y	57866	Y		68171		Y	CHARLOTTE	NC			35.227085	-80.843124	6
2012	C	DELOITTE CONSULTING LLP	PHILADELPHIA	PA	19103		MANAGER	15-1121	COMPUTER SYSTEMS ANALYSTS	Y	71282	Y		124400		Y	CHICAGO	IL			41.850033	-87.650055	6
2016	C	MBL INTERNATIONAL CORPORATION	WOBURN	MA	1801	USA	REGULATORY SPECIALIST, REGULATORY AFFAIRS	13-1041	COMPLIANCE OFFICERS		43597	Y		50000	0	Y	MADISON	WI	N	N	43.07305	-89.40123	6
2015	C	SIMBIOSYS MOBILE SOLUTIONS,INC.	FREMONT	CA	94538	USA	PROGRAMMER ANALYST	15-1131	COMPUTER PROGRAMMERS	Y	57179	Y	Level I	57179		Y	SAN JOSE	CA	N	N	37.339386	-121.89496	4
2015	C	NEXIUS SOLUTIONS INC.	ALLEN	TX	75013	USA	RF ENGINEER	17-2071	ELECTRICAL ENGINEERS	Y	69576	Y	Level II	80000		Y	MASON	OH	N	N	39.360058	-84.30994	4
2014	C	REDI GLOBAL TECHNOLOGIES LLC	NEW YORK	NY	10005		SOFTWARE ENGINEER	15-1121	COMPUTER SYSTEMS ANALYSTS	Y	94890	Y		150000	250000	Y	NEW YORK	NY			40.761494	-73.98143	6
2017	C	GREENWAVE REALITY INC.	IRVINE	CA	92618	USA	SOFTWARE ENGINEER	15-1132	SOFTWARE DEVELOPERS, APPLICATIONS	Y	72821	Y	Level I	72821	0	Y	IRVINE	CA	N	N	33.669464	-117.82311	6
2015	C	THE UNIVERSITY OF IOWA	IOWA CITY	IA	52242	USA	CLINICAL ASSISTANT PROFESSOR	29-1069	PHYSICIANS AND SURGEONS, ALL OTHER	N	86.22	H	Level II	86.22		H	IOWA CITY	IA	N	N	41.66113	-91.53017	7
2016	C	ROCKWELL COLLINS, INC.	CEDAR RAPIDS	IA	52498	USA	SOFTWARE ENGINEER	15-1133	SOFTWARE DEVELOPERS, SYSTEMS SOFTWARE		65728	Y		75705	0	Y	CEDAR RAPIDS	IA	N	N	42.00833	-91.644066	6
2011	C	EPAM SYSTEMS, INC.	NEWTOWN	PA	18940		LEAD QA ENGINEER	15-1099.01	SOFTWARE QUALITY ASSURANCE ENGINEERS AND TESTERS	Y	51730	Y		70000		Y	NEWTOWN	PA			40.229275	-74.93684	7
2015	C	NEXTGEN SOLUTIONS INC	CONCORD	NC	28027	USA	SOFTWARE ENGINEER	15-1132	SOFTWARE DEVELOPERS, APPLICATIONS	Y	62421	Y	Level I	62500		Y	COLUMBUS	OH	N	N	39.961174	-82.998795	6
2011	W	TECHNOTEC, INC.	HERNDON	VA	20170		PROGRAMMER ANALYST	15-1132	SOFTWARE DEVELOPERS, APPLICATIONS	Y	71906	Y		80000		Y	BELLEVUE	WA			47.61038	-122.200676	0
2015	C	IMPRESS PUBLIC RELATIONS, INC.	SAN FRANCISCO	CA	94111	USA	GOVERNMENT RELATIONS ANALYST	19-3094	POLITICAL SCIENTISTS	Y	46592	Y	Level I	47500		Y	SAN FRANCISCO	CA	N	N	37.77493	-122.41942	7
2015	C	INOVANT, LLC	FOSTER CITY	CA	94404	USA	DATA SCIENTIST	15-1199	COMPUTER OCCUPATIONS, ALL OTHER	Y	76918	Y	Level II	87400	131300	Y	FOSTER CITY	CA	N	N	37.558548	-122.27108	4
2015	C	COMPUTEK SOULUTIONS INC	SOUTH PLAINFIELD	NJ	7080	USA	PROGRAMMER ANALYST	15-1131	COMPUTER PROGRAMMERS	Y	55126	Y	Level I	60000		Y	STERLING	VA	Y	N	39.00622	-77.4286	11
2015	C	AYASDI, INC.	MENLO PARK	CA	94025	USA	SOFTWARE DEVELOPMENT ENGINEER IN TEST	15-1132	SOFTWARE DEVELOPERS, APPLICATIONS	Y	96866	Y	Level II	110000	120000	Y	MENLO PARK	CA	N	N	37.453827	-122.18219	6
2017	C	BECHTEL OIL, GAS AND CHEMICALS, INC.	GLENDALE	AZ	85312-7700		SENIOR CONTROLS SYSTEM ENGINEER	17-2071	ELECTRICAL ENGINEERS	Y	105934	Y		118464	144180	Y	HOUSTON	TX	N	N	29.763283	-95.36327	6
2017	W	YU & ASSOCIATES, INC.	ELMWOOD PARK	NJ	07407-1033	USA	GEOSCIENTIST	19-2042	GEOSCIENTISTS, EXCEPT HYDROLOGISTS AND GEOGRAPHERS	Y	28.06	H	Level I	28.06	0	H	ELMWOOD PARK	NJ	N	N	40.903988	-74.11848	3
2013	C	CYBER RESOURCE GROUP INC	NORTH BRUNSWICK	NJ	8902		PROGRAMMER ANALYST	15-1131	COMPUTER PROGRAMMERS	Y	68370	Y		69742		Y	IRVING	TX			32.81402	-96.94889	4
2017	C	THE UNIVERSITY OF KANSAS MEDICAL CENTER	KANSAS CITY	KS	66160	USA	ASSISTANT PROFESSOR	25-1071	HEALTH SPECIALTIES TEACHERS, POSTSECONDARY	Y	106847	Y	Level III	288453	0	Y	KANSAS CITY	KS	N	N	39.11417	-94.62746	6
2014	C	C&T INFORMATION TECHNOLOGY CONSULTING, INC	CEDAR PARK	TX	78613		JAVA DEVELOPER	15-1132	SOFTWARE DEVELOPERS, APPLICATIONS	Y	73403	Y		83000		Y	PHOENIX	AZ			33.448376	-112.074036	7
2014	C	UBS AG	STAMFORD	CT	6901		ASSOCIATE DIRECTOR, EQUITY STRATEGIST	13-2051	FINANCIAL ANALYSTS	Y	122845	Y		123000	150000	Y	NEW YORK	NY			40.761494	-73.98143	6
2015	C	TIVO INC.	SAN JOSE	CA	95002	USA	IT DELIVERY MANAGER	15-1132	SOFTWARE DEVELOPERS, APPLICATIONS	Y	109762	Y	Level II	125000		Y	SAN JOSE	CA	N	N	37.339386	-121.89496	6
2016	C	ROYAL CYBER INC.	NAPERVILLE	IL	60563	USA	TECHNICAL ARCHITECT	15-1132	SOFTWARE DEVELOPERS, APPLICATIONS		105102	Y		120000	0	Y	NAPERVILLE	IL	Y	N	41.785862	-88.14729	6
2011	C	SAKOM INVESTMENT LTD	DALLAS	TX	75229		MANAGEMENT ANALYST	13-1111	MANAGEMENT ANALYSTS	N	24.21	H		24.21		H	DALLAS	TX			32.783054	-96.80666	6
2011	C	UNISYS CORPORATION	BLUE BELL	PA	19422		EXCHANGE ADMINISTRATOR	15-1071.00	NETWORK AND COMPUTER SYSTEMS ADMINISTRATORS	Y	58490	Y		67424		Y	HARRISBURG	PA			40.2737	-76.884415	6
2016	C	TEK SIGNATURE LLC	BERKELEY LAKE	GA	30071	USA	PROGRAMMER ANALYST	15-1131	COMPUTER PROGRAMMERS		77563	Y		78000	0	Y	BERKELEY LAKE	GA	N	N	33.98371	-84.186584	6
2014	C	PHYSICIAN AFFILIATE GROUP OF NY, P.C.	NEW YORK	NY	10029		ATTENDING PHYSICIAN	29-1063	INTERNISTS, GENERAL	Y	126158	Y		126158		Y	NEW YORK	NY			40.761494	-73.98143	6
2017	C	VJ ASSOCIATES OF NEW ENGLAND INC.	NEEDHAM	MA	2494	USA	COST ESTIMATOR	13-1051	COST ESTIMATORS	Y	48402	Y	Level I	63000	0	Y	NEEDHAM	MA	N	N	42.283432	-71.232834	5
2012	W	SATYAM COMPUTER SERVICES LIMITED	PARSIPPANY	NJ	7054		BUSINESS SYSTEMS ANALYST	15-2031	OPERATIONS RESEARCH ANALYSTS	Y	65083	Y		65083		Y	ROCKVILLE	MD			39.083996	-77.152756	1
2017	W	BECTON, DICKINSON AND COMPANY	FRANKLIN LAKES	NJ	7417	USA	SR HYBRIS E-COMMERCE DEVELOPER, INFO TECH (LIFE SCIENCES)	15-1132	SOFTWARE DEVELOPERS, APPLICATIONS	Y	117420	Y		142593	0	Y	SAN JOSE	CA	N	N	37.339386	-121.89496	1
2011	C	IT TRANSFORMERS, INC.	INDIANAPOLIS	IL	46204		SOFTWARE ENGINEER	15-1021.00	COMPUTER PROGRAMMERS	Y	44013	Y		52000		Y	INDIANAPOLIS	IN			39.768375	-86.15804	6
2013	C	SOUTHWEST REGIONAL REHABILITATION CENTER	BATTLE CREEK	MI	49017		PHYSICAL THERAPIST	29-1123	PHYSICAL THERAPISTS	Y	44907	Y		72500		Y	BATTLE CREEK	MI			42.32115	-85.17971	4
2013	C	NOKIA SIEMENS NETWORKS US LLC	IRVING	TX	75039		SYSTEM VERIFICATION ENGINEER	15-1799	COMPUTER OCCUPATIONS, ALL OTHER	Y	74381	Y		74538.85		Y	IRVING	TX			32.81402	-96.94889	6
2016	C	FUTURENET GROUP INC	DETROIT	MI	48223	USA	PROGRAMMER ANALYST	15-1121	COMPUTER SYSTEMS ANALYSTS		51979	Y		52000	0	Y	AUBURN HILLS	MI	N	N	42.68753	-83.2341	7
2016	C	UNIVERSITY CORPORATION FOR ATMOSPHERIC RESEARCH	BOULDER	CO	80307	USA	POSTDOCTORAL RESEARCHER	19-2012	PHYSICISTS		40248	Y		60000	0	Y	BOULDER	CO	N	N	40.014984	-105.270546	4
2011	C	UNIVERSITY OF CALIFORNIA, BERKELEY	BERKELEY	CA	94720		LECTURER	25-1124.00	FOREIGN LANGUAGE AND LITERATURE TEACHERS, POSTSECO	Y	46896	Y		46896		Y	BERKELEY	CA			37.871593	-122.27274	6
2015	C	CALYPSO TECHNOLOGY, INC.	SAN FRANCISCO	CA	94105	USA	INTERNAL SYSTEMS DESIGNER	15-1121	COMPUTER SYSTEMS ANALYSTS	Y	75046	Y	Level I	75046	106317	Y	SAN FRANCISCO	CA	Y	N	37.77493	-122.41942	6
2014	C	WOOD GROUP KENNY, INC.	HOUSTON	TX	77084		STAFF SPECIALIST	17-2121	MARINE ENGINEERS AND NAVAL ARCHITECTS	Y	65083	Y		82517.12		Y	HOUSTON	TX			29.763283	-95.36327	6
2014	D	MOZILLA CORPORATION	MOUNTAIN VIEW	CA	94041		SENIOR QUALITY ASSURANCE ENGINEER	15-1199	COMPUTER OCCUPATIONS, ALL OTHER	Y	102794	Y		136710		Y	MOUNTAIN VIEW	CA			37.38605	-122.083855	4
2013	C	INFOSYS LIMITED	PLANO	TX	75024		PROJECT MANAGER - US	15-1121	COMPUTER SYSTEMS ANALYSTS	Y	47.91	H		48.05		H	SUNNYVALE	CA			37.36883	-122.03635	4
2014	C	GENERAL MOTORS COMPANY	DETROIT	MI	48265-3000		ALGORITHM ENGINEER	17-2071	ELECTRICAL ENGINEERS	Y	89482	Y		98772		Y	MILFORD	MI			42.593643	-83.59939	7
2017	C	H MUNOZ AND COMPANY INC.	SAN ANTONIO	TX	78212	USA	ARCHITECTURAL DESIGN PROFESSIONAL	17-1011	ARCHITECTS, EXCEPT LANDSCAPE AND NAVAL	Y	36608	Y	Level I	47500	0	Y	SAN ANTONIO	TX	N	N	29.424122	-98.49363	6
2013	C	OXYGEN DEVELOPMENT LLC	PALM SPRINGS	FL	33406		SCIENTIFIC ADVISOR	Nov-21	NATURAL SCIENCES MANAGERS	Y	101109	Y		101110		Y	PALM SPRINGS	FL			26.6359	-80.09615	6
2015	C	CALLON PETROLEUM COMPANY	NATCHEZ	MS	39121	USA	COMPLETITIONS ENGINEER	17-2171	PETROLEUM ENGINEERS	Y	129022	Y	Level II	145000		Y	HOUSTON	TX	N	N	29.763283	-95.36327	6
2012	C	BANK OF AMERICA N.A.	PENNINGTON	NJ	8534		VP; CONSULTANT - SYSTEMS ENG	15-1132	SOFTWARE DEVELOPERS, APPLICATIONS	Y	93891	Y		93891	110000	Y	PLANO	TX			33.019844	-96.69888	4
2013	C	TATA CONSULTANCY SERVICES LIMITED	ROCKVILLE	MD	20850		COMPUTER PROGRAMMER	15-1131	COMPUTER PROGRAMMERS	Y	57408	Y		66300		Y	HONOLULU	HI			21.306944	-157.85834	4
2011	C	UBS FINANCIAL SERVICES INC.	WEEHAWKEN	NJ	7086		INTERNATIONAL FINANCIAL ADVISOR	13-2051.00	FINANCIAL ANALYSTS	Y	48027	Y		48100		Y	MIAMI	FL			25.774265	-80.19366	6
2012	C	EMORY UNIVERSITY	ATLANTA	GA	30322		RESEARCH SPECIALIST	19-4021	BIOLOGICAL TECHNICIANS	Y	32718	Y		33030.4		Y	ATLANTA	GA			33.748997	-84.387985	6
2015	C	INFOSYS LIMITED	PLANO	TX	75024	USA	PRODUCTION SUPPORT ANALYST - US	15-1121	COMPUTER SYSTEMS ANALYSTS	Y	62899	Y	Level I	64179		Y	BEAVERTON	OR	Y	N	45.48706	-122.80371	6
2011	CW	PYRAMID TECHNOLOGY SOLUTIONS, INC.	INDIANAPOLIS	IN	46216		BUSINESS ANALYST	13-1111.00	MANAGEMENT ANALYSTS	Y	58406	Y		58406		Y	MILWAUKEE	WI			43.038902	-87.90647	4
2015	C	CLARINDA MUNICIPAL HOSPITAL	CLARINDA	IA	51632	USA	MEDICAL TECHNOLOGIST	29-2011	MEDICAL AND CLINICAL LABORATORY TECHNOLOGISTS	Y	21.47	H	Level II	22	23	H	CLARINDA	IA	N	N	40.741936	-95.038315	7
2013	C	BODHTREE SOLUTIONS,INC	SANTA CLARA	CA	95054		SOFTWARE DEVELOPER	15-1132	SOFTWARE DEVELOPERS, APPLICATIONS	Y	76690	Y		90000		Y	SAN FRANCISCO	CA			37.77493	-122.41942	6
2015	C	ACCENTURE LLP	CHICAGO	IL	60601	USA	COMPUTER SPECIALIST / SYSTEM SUPPORT AND DEVELOPMENT ADMIN 2	15-1199	COMPUTER OCCUPATIONS, ALL OTHER	Y	74963	Y	Level II	74963		Y	SAN DIEGO	CA	N	N	32.71533	-117.15726	5
2015	C	V-SOFT CONSULTING GROUP, INC	LOUISVILLE	KY	40223	USA	PROGRAMMER ANALYST	15-1131	COMPUTER PROGRAMMERS	Y	68286	Y	Level I	69000		Y	CHEVY CHASE	MD	Y	N	38.969276	-77.078865	6
2013	C	ROUSES ENTERPRISES, LLC	THIBODAUX	LA	70302		COMPUTER PROGRAMMER	15-1131	COMPUTER PROGRAMMERS	Y	40747	Y		54080		Y	THIBODAUX	LA			29.795763	-90.82287	6
2016	C	COMMITPOINT INC.	LEESBURG	VA	20176	USA	PROGRAMMER ANALYST	15-1131	COMPUTER PROGRAMMERS		51646	Y		60000	0	Y	SCOTTSDALE	AZ	Y	N	33.50921	-111.89903	6
2014	W	ZURICH ALTERNATIVE ASSET MANAGAMENT, LLC	NEW YORK	NY	10006		VICE PRESIDENT, PRIVATE EQUITY	13-2051	FINANCIAL ANALYSTS	Y	154690	Y		200000		Y	NEW YORK	NY			40.761494	-73.98143	0
2012	C	CBIZ SOUTHERN CALIFORNIA, LLC	LOS ANGELES	CA	90025		SENIOR ASSOCIATE ACCOUNTANT	13-2011	ACCOUNTANTS AND AUDITORS	Y	47382	Y		47382	51000	Y	LOS ANGELES	CA			34.052235	-118.24368	4
2014	C	GREE INTERNATIONAL, INC.	SAN FRANCISCO	CA	94107		UI/UX  DESIGNER	27-1014	MULTIMEDIA ARTISTS AND ANIMATORS	Y	71406	Y		75000	85000	Y	SAN FRANCISCO	CA			37.77493	-122.41942	6
2011	C	EAST TOWNE ANIMAL CLINIC	WAUKESHA	WI	53186		ASSOCIATE VETERINARIAN	29-1131.00	VETERINARIANS	N	27.79	H		28		H	WAUKESHA	WI			43.011677	-88.23148	6
2011	D	TEKYOGI, LLC	CUPERTINO	CA	95014		SAP BPC CONSULTANT	13-1111.00	MANAGEMENT ANALYSTS	Y	60424	Y		100000		Y	CUPERTINO	CA			37.322998	-122.03218	3
2015	C	NOVEL LABORATORIES, INC.	SOMERSET	NJ	8873	USA	GROUP LEADER	19-2031	CHEMISTS	Y	102939	Y	Level IV	102939	110000	Y	SOMERSET	NJ	Y	N	40.497604	-74.48849	7
2013	C	PFIZER INC	NEW YORK	NY	10017		SENIOR SCIENTIST	19-1021	BIOCHEMISTS AND BIOPHYSICISTS	Y	74443	Y		95000		Y	SAN DIEGO	CA			32.71533	-117.15726	6
2011	C	NETWORK OBJECTS, INC.	PLANO	TX	75026		PROGRAMMER ANALYST	15-1021.00	COMPUTER PROGRAMMERS	Y	50357	Y		70000		Y	HOFFMAN ESTATES	IL			42.042805	-88.079796	6
2014	C	ZS ASSOCIATES, INC.	EVANSTON	IL	60201		BUSINESS ANALYTICS ASSOCIATE CONSULTANT	15-2031	OPERATIONS RESEARCH ANALYSTS	Y	58968	Y		72000	82000	Y	THOUSAND OAKS	CA			34.170563	-118.83759	4
2017	C	AMAZON CORPORATE LLC	SEATTLE	WA	98121	USA	SOFTWARE DEVELOPMENT ENGINEER II	15-1132	SOFTWARE DEVELOPERS, APPLICATIONS	Y	90813	Y	Level II	153000	0	Y	NEW YORK	NY	N	N	40.761494	-73.98143	6
2015	C	ESTRADA CONSULTING, INC	SACRAMENTO	CA	95811	USA	PROGRAMMER ANALYST	15-1131	COMPUTER PROGRAMMERS	Y	61942	Y	Level II	62000		Y	SACRAMENTO	CA	Y	N	38.581573	-121.4944	6
2013	C	THE TRUSTEES OF PRINCETON UNIVERSITY	PRINCETON	NJ	8544		ASSISTANT PROFESSOR	25-1125	HISTORY TEACHERS, POSTSECONDARY	Y	63890	Y		77100	104800	Y	PRINCETON	NJ			40.348717	-74.65905	4
2012	C	EMC CORPORATION	HOPKINTON	MA	1748		SENIOR STORAGE OPS SPECIALIST	15-1121	COMPUTER SYSTEMS ANALYSTS	Y	87256	Y		99000		Y	TULSA	OK			36.15793	-96.016556	6
2016	C	SPARTA CONSULTING INC.	FOLSOM	CA	95630	USA	SENIOR CONSULTANT	15-1121	COMPUTER SYSTEMS ANALYSTS		71989	Y		98000	0	Y	CONKLIN	NY	Y	N	42.034245	-75.8038	6
2013	C	INFOSYS LIMITED	PLANO	TX	75024		TEST ANALYST - US	15-1799	COMPUTER OCCUPATIONS, ALL OTHER	Y	49962	Y		64724		Y	BEAVERTON	OR			45.48706	-122.80371	6
2017	C	IBM CORPORATION	DURHAM	NC	27709	USA	BIG DATA ENGINEER	15-2031	OPERATIONS RESEARCH ANALYSTS	Y	73715	Y	Level II	87376.8	111243.6	Y	MINNEAPOLIS	MN	N	N	44.979965	-93.26384	6
2013	C	PROKARMA, INC.	OMAHA	NE	68102		SOFTWARE ENGINEER	15-1132	SOFTWARE DEVELOPERS, APPLICATIONS	Y	76482	Y		100000	110000	Y	OMAHA	NE			41.25861	-95.93779	11
2016	C	ISITE TECHNOLOGIES INC	CRANBURY	NJ	8512	USA	BUSINESS SYSTEM ANALYST	13-1111	MANAGEMENT ANALYSTS		58198	Y		60000	0	Y	CRANBURY	NJ	Y	N	40.31622	-74.51376	6
2013	C	RINGCENTRAL, INC.	SAN MATEO	CA	94404		WEB CONTENT MANAGER	15-1799	COMPUTER OCCUPATIONS, ALL OTHER	Y	75670	Y		80000		Y	SAN MATEO	CA			37.562992	-122.32552	6
2014	C	VIRTUOSA GLOBAL SOLUTIONS LLC	BRIDGEWATER	NJ	8807		PROGRAMMER ANALYST	15-1131	COMPUTER PROGRAMMERS	Y	48880	Y		53000		Y	COLUMBUS	NJ			40.072613	-74.72072	6
2017	C	PULSE SYSTEMS INC.	WICHITA	KS	67226	USA	QA ANALYST	15-1199	COMPUTER OCCUPATIONS, ALL OTHER	Y	59966	Y	Level I	59966	80000	Y	KANSAS CITY	MO	N	N	39.099728	-94.57857	6
2017	C	SPRINT CORPORATION	OVERLAND PARK	KS	66251		TELECOM DESIGN ENGINEER III	15-1199	COMPUTER OCCUPATIONS, ALL OTHER	Y	94182	Y		100000	110000	Y	RESTON	VA	N	N	38.96872	-77.341095	4
2011	C	ACCENTURE LLP	CHICAGO	IL	60601		COMPUTER PROGRAMMER/CONFIGURER 2	15-1021.00	COMPUTER PROGRAMMERS	Y	90043	Y		90100		Y	SAN JOSE	CA			37.339386	-121.89496	4
2011	C	COCRYSTAL DISCOVERY, INC.	BOTHELL	WA	98011		BIOCHEMIST SCIENTIS	19-1021	BIOCHEMISTS AND BIOPHYSICISTS	Y	82430	Y		82500	92500	Y	MOUNTAIN VIEW	CA			37.38605	-122.083855	4
2015	C	IBM INDIA PRIVATE LIMITED	DURHAM	NC	27709	USA	SENIOR ARIBA - SAP PACKAGE SOLUTION CONSULTANT	15-1121	COMPUTER SYSTEMS ANALYSTS	Y	76211	Y	Level II	79737	81819	Y	FLORHAM PARK	NJ	N	N	40.787876	-74.38821	8
2012	D	E-LINE TECHNOLOGIES, INC	RICHMOND	VA	23230		PROGRAMMER ANALYST	15-1131	COMPUTER PROGRAMMERS	Y	76502	Y		85000		Y	COLUMBIA	MD			39.240383	-76.83942	7
2011	C	SWORD INC.	NEW YORK	NY	10004		SOFTWARE ENGINEER	15-1031.00	COMPUTER SOFTWARE ENGINEERS, APPLICATIONS	Y	101088	Y		125000		Y	NEW YORK	NY			40.761494	-73.98143	6
2011	C	LARSEN & TOUBRO LIMITED	EDISON	NJ	8817		COMPUTER SYSTEMS ANALYST	15-1051.00	COMPUTER SYSTEMS ANALYSTS	Y	50877	Y		55000		Y	FRANKSVILLE	WI			42.760017	-87.913414	4
2013	W	SATYAM COMPUTER SERVICES LTD.	SOUTH PLAINFIELD	NJ	7080		COMPUTER SYSTEMS ENGINEER	15-1199	COMPUTER OCCUPATIONS, ALL OTHER	Y	69056	Y		70000		Y	MILPITAS	CA			37.428272	-121.906624	0
2015	C	INFOSYS LIMITED	PLANO	TX	75024	USA	PRINCIPAL CONSULTANT - US	13-1111	MANAGEMENT ANALYSTS	Y	107182	Y	Level IV	118668		Y	HAZELWOOD	MO	Y	N	38.77144	-90.37095	7
2013	C	SUNNY DESIGNS, INC.	RANCHO CUCAMONGA	CA	92606		MARKET RESEARCH ANALYST	13-1161	MARKET RESEARCH ANALYSTS AND MARKETING SPECIALISTS	Y	39874	Y		40000		Y	RANCHO CUCAMONGA	CA			34.1064	-117.59311	6
2012	W	JUNIPER NETWORKS, INC.	SUNNYVALE	CA	94089		SYSTEMS ENGINEER	41-9031	SALES ENGINEERS	Y	82368	Y		82368	87500	Y	DENVER	CO			39.739155	-104.9847	6
2016	C	RIVERBED TECHNOLOGY, INC.	SAN FRANCISCO	CA	94107	USA	SENIOR MANAGER, SOLUTIONS MARKETING	41-9031	SALES ENGINEERS		145746	Y		166435	179507	Y	SAN FRANCISCO	CA	N	N	37.77493	-122.41942	6
2014	C	AMERICAN BUSINESS SOLUTIONS, INC.	LEWIS CENTER	OH	43035		PROGRAMMER ANALYST	15-1121	COMPUTER SYSTEMS ANALYSTS	Y	60362	Y		60500		Y	HOBOKEN	NJ			40.74399	-74.032364	6
2012	C	PRINCETON INFORMATION, LTD.	JERSEY CITY	NJ	7311		SOFTWARE ENGINEER	15-1132	SOFTWARE DEVELOPERS, APPLICATIONS	Y	70491	Y		85000		Y	RESTON	VA			38.96872	-77.341095	6
2016	C	UNIVERSITY OF UTAH	SALT LAKE CITY	UT	84112	USA	IT SPECIALIST, SR.	15-1199	COMPUTER OCCUPATIONS, ALL OTHER		43992	Y		63000	0	Y	SALT LAKE CITY	UT	N	N	40.76078	-111.891045	6
2011	C	AVANKIA, LLC	BRENTWOOD	TN	37027		IT CONSULTANT	15-1131	COMPUTER PROGRAMMERS	Y	38147	Y		40000		Y	BRENTWOOD	TN			36.033115	-86.782776	6
2012	C	T-MOBILE USA, INC.	BELLEVUE	WA	98006		ASSOCIATE ENGINEER, TECHNICAL SUPPORT	15-1142	NETWORK AND COMPUTER SYSTEMS ADMINISTRATORS*	Y	55557	Y		55557	57200	Y	SNOQUALMIE	WA			47.528713	-121.82539	6
2015	C	YUNG'S FAMILY LLC	NEW YORK	NY	10013	USA	BUSINESS OPERATIONS SPECIALIST	13-1199	BUSINESS OPERATIONS SPECIALISTS, ALL OTHER*	Y	62650	Y	Level II	62650		Y	NEW YORK	NY	N	N	40.761494	-73.98143	7
2015	C	TATA CONSULTANCY SERVICES LIMITED	ROCKVILLE	MD	20850	USA	COMPUTER SYSTEMS ENGINEER	15-1199	COMPUTER OCCUPATIONS, ALL OTHER	Y	67808	Y	Level II	74500		Y	WAYNE	NJ	Y	N	40.925377	-74.276535	6
2013	D	TEKSYSTEMS GLOBAL SERVICES LLC	HANOVER	MD	21076		SENIOR CONSULTANT	15-1132	SOFTWARE DEVELOPERS, APPLICATIONS	Y	83521	Y		85000		Y	SANTA CLARA	CA			37.354107	-121.95524	1
2015	C	NICHE SOFTWARE SOLUTIONS INC	BEAVERTON	OR	97005	USA	SOFTWARE ENGINEER	15-1133	SOFTWARE DEVELOPERS, SYSTEMS SOFTWARE	Y	59987	Y	Level I	68000		Y	MACON	GA	N	N	32.840694	-83.6324	6
2015	C	NORTHWESTERN UNIVERSITY	EVANSTON	IL	60208	USA	POSTDOCTORAL FELLOW	19-1021	BIOCHEMISTS AND BIOPHYSICISTS	Y	37794	Y	Level I	42000		Y	CHICAGO	IL	N	N	41.850033	-87.650055	6
2012	C	SALIENT CORP.	HORSEHEADS	NY	14845		APPLICATION ENGINEER II	15-1131	COMPUTER PROGRAMMERS	Y	42931	Y		42931	58000	Y	CLEVELAND	OH			41.499496	-81.69541	6
2015	C	CALABRIO, INC.	MINNEAPOLIS	MN	55401	USA	PRINCIPAL SOFTWARE ENGINEER	15-1133	SOFTWARE DEVELOPERS, SYSTEMS SOFTWARE	Y	97510	Y	Level III	110000		Y	MINNEAPOLIS	MN	N	N	44.979965	-93.26384	6
2014	C	COOPER-STANDARD AUTOMOTIVE, INC.	NOVI	MI	48375		ASSOCIATE PROCESS ENGINEER	17-2199	ENGINEERS, ALL OTHER	Y	54933	Y		55000		Y	GOLDSBORO	NC			35.384884	-77.99277	6
2012	C	DELOITTE CONSULTING LLP	PHILADELPHIA	PA	19103		SPECIALIST MASTER	15-1133	SOFTWARE DEVELOPERS, SYSTEMS SOFTWARE	Y	95451	Y		111100		Y	ARLINGTON	VA			38.89039	-77.084145	7
2015	C	DCM LIMITED	FREMONT	CA	94538	USA	SYSTEMS ADMINISTRATOR	15-1142	NETWORK AND COMPUTER SYSTEMS ADMINISTRATORS	Y	86403	Y	Level IV	86403		Y	ROCHESTER	MN	Y	N	44.02163	-92.4699	7
2012	C	INTERTRADE USA, INC.	MIAMI	FL	33174		BUSINESS CREDIT ANALYST	13-2041	CREDIT ANALYSTS	Y	42141	Y		42500		Y	MIAMI	FL			25.774265	-80.19366	7
2012	C	DOUBLEVERIFY, INC.	NEW YORK	NY	10018		PRODUCT MARKETING MANAGER	41599	MARKETING MANAGERS	Y	95846	Y		110000		Y	NEW YORK	NY			40.761494	-73.98143	6
2015	C	COMMVAULT SYSTEMS, INC.	TINTON FALLS	NJ	7724	USA	ENGINEER	15-1132	SOFTWARE DEVELOPERS, APPLICATIONS	Y	61422	Y	Level I	82000		Y	TINTON FALLS	NJ	N	N	40.304276	-74.10042	4
2015	C	MANAGEMENT HEALTH SYSTEMS, INC.	SUNRISE	FL	33323	USA	PHYSICAL THERAPIST	29-1123	PHYSICAL THERAPISTS	Y	18.28	H	Level I	29		H	SPRINGFIELD	IL	Y	N	39.801716	-89.64371	6
2013	C	DEPARTMENT OF VETERANS AFFAIRS	SALEM	VA	24153		PHYSICIAN	29-1069	PHYSICIANS AND SURGEONS, ALL OTHER	Y	75556	Y		182234	182234	Y	SALEM	VA			37.29347	-80.05476	6
2016	C	TELCOBUY.COM LLC	MARYLAND HEIGHTS	MO	63043	USA	BUDGET ANALYST	13-2031	BUDGET ANALYSTS		56930	Y		57000	0	Y	MARYLAND HEIGHTS	MO	N	N	38.713108	-90.42984	6
2013	C	MARK LOGIC CORPORATION	SAN CARLOS	CA	94070		SENIOR QUALITY ASSURANCE ENGINEER	15-1199	COMPUTER OCCUPATIONS, ALL OTHER	Y	93205	Y		94000	110000	Y	SAN CARLOS	CA			37.50716	-122.26052	7
2015	C	THE US VIRGIN ISLANDS DEPARTMENT OF EDUCATION	ST. CROIX	VI	820	USA	SECONDARY SPECIAL EDUCATION TEACHER	25-2054	SPECIAL EDUCATION TEACHERS, SECONDARY SCHOOL	Y	41020	Y	Level I	46019		Y	CHRISTIANSTED	VI	N	N	17.74664	-64.7032	6
2017	C	LARSEN & TOUBRO INFOTECH LIMITED	EDISON	NJ	8817		COMPUTER SYSTEMS ENGINEER	15-1199	COMPUTER OCCUPATIONS, ALL OTHER	Y	60362	Y		73896	0	Y	BATAVIA	OH	Y	N	39.077007	-84.17688	6
2014	C	SMITH & NEPHEW, INC.	ANDOVER	MA	1810		SENIOR SAP ANALYST	15-1121	COMPUTER SYSTEMS ANALYSTS	Y	100173	Y		100811		Y	ANDOVER	MA			42.658424	-71.137	4
2016	C	RELIANT INFOTECH, INC.	PLANO	TX	75024	USA	COMPUTER SYSTEMS ANALYST/QA ANALYST	15-1121	COMPUTER SYSTEMS ANALYSTS		57533	Y		62754	0	Y	LOS ANGELES	CA	Y	N	34.052235	-118.24368	6
2011	C	MUTEX SYSTEMS, INC.	SOUTH PLAINFIELD	NJ	7080		PROGRAMMER ANALYST	15-1131	COMPUTER PROGRAMMERS	Y	48589	Y		60000		Y	ALPHARETTA	GA			34.075375	-84.29409	7
2017	C	GENOVA TECHNOLOGIES INC.	CEDAR RAPIDS	IA	52402	USA	SOFTWARE ENGINEER III	15-1132	SOFTWARE DEVELOPERS, APPLICATIONS	Y	96699	Y	Level IV	97000	0	Y	CEDAR RAPIDS	IA	N	N	42.00833	-91.644066	4
2015	C	ALKERMES, INC.	WALTHAM	MA	2451	USA	BIOANALYTICAL SCIENTIST	19-1021	BIOCHEMISTS AND BIOPHYSICISTS	Y	66248	Y	Level I	70000	80000	Y	WALTHAM	MA	N	N	42.376484	-71.23561	6
2015	D	ITECH AMERICA INC	PISCATAWAY	NJ	8854	USA	BUSINESS ANALYST	15-1121	COMPUTER SYSTEMS ANALYSTS	Y	65083	H	Level I	66000		H	PISCATAWAY	NJ	Y	N	40.49927	-74.39904	10
2016	C	INFOSYS LIMITED	PLANO	TX	75024	USA	SENIOR TECHNOLOGY ARCHITECT - US	15-1199	COMPUTER OCCUPATIONS, ALL OTHER		101899	Y		135547	0	Y	RYE	NY	Y	N	40.98065	-73.68374	7
2011	C	SULZER TURBO SERVICES HOUSTON INC.	LA PORTE	TX	77571		MECHANICAL ENGINEER, BLADING	17-2141.00	MECHANICAL ENGINEERS	Y	60237	Y		67000		Y	LA PORTE	TX			29.665783	-95.01937	6
2014	C	SIMPLEREACH, INC.	NEW YORK	NY	10010		SENIOR FRONT-END DEVELOPER	15-1132	SOFTWARE DEVELOPERS, APPLICATIONS	Y	105789	Y		115000	130000	Y	NEW YORK	NY			40.761494	-73.98143	6
2015	C	ADDON TECHNOLOGIES, INC.	LIVONIA	MI	48152	USA	COMPUTER SYSTEMS ANALYST	15-1132	SOFTWARE DEVELOPERS, APPLICATIONS	Y	71614	Y	Level I	81792		Y	ARLINGTON	VA	Y	N	38.89039	-77.084145	6
2011	C	KPMG LLP	MONTVALE	NJ	7645		MANAGER	13-1111.00	MANAGEMENT ANALYSTS	Y	99507	Y		99507	186000	Y	NEW YORK	NY			40.761494	-73.98143	6
2016	C	MASTERCARD INTERNATIONAL INCORPORATED	PURCHASE	NY	10577	USA	LEADER, SOFTWARE ENGINEER	15-1133	SOFTWARE DEVELOPERS, SYSTEMS SOFTWARE		102357	Y		138001	0	Y	SAN CARLOS	CA	N	N	37.50716	-122.26052	6
2017	C	IBM INDIA PRIVATE LIMITED	DURHAM	NC	27709		CONSULTANT	15-1131	COMPUTER PROGRAMMERS	Y	65187	Y		71319	0	Y	BENTONVILLE	AR	N	N	36.372852	-94.20882	6
2016	C	YASHRAJ TECHNOLOGIES INC	SOUTHFIELD	MI	48034	USA	PROGRAMMER ANALYST	15-1121	COMPUTER SYSTEMS ANALYSTS		65354	Y		66000	0	Y	ROMULUS	MI	Y	N	42.22226	-83.3966	5
2017	C	AVCO CONSULTING INC.	WORCESTER	MA	1608	USA	SOFTWARE ENGINEER/ JAVA	15-1132	SOFTWARE DEVELOPERS, APPLICATIONS	Y	66269	Y	Level I	69160	0	Y	WORCESTER	MA	Y	N	42.262592	-71.80229	6
2016	C	FUSION PLUS SOLUTIONS, INC	EDISON	NJ	8817	USA	SR. WEB DEVELOPER	15-1132	SOFTWARE DEVELOPERS, APPLICATIONS		71510	Y		72000	0	Y	LOS ANGELES	CA	Y	N	34.052235	-118.24368	6
2017	C	ENQBATOR LLC	TROY	MI	48083		SOFTWARE DEVELOPER	15-1132	SOFTWARE DEVELOPERS, APPLICATIONS	Y	71635	Y		72000	0	Y	TROY	MI	N	N	42.60559	-83.14993	6
2015	C	INFOSYS LIMITED	PLANO	TX	75024	USA	TECHNOLOGY ANALYST - US	15-1121	COMPUTER SYSTEMS ANALYSTS	Y	48776	Y	Level I	67083		Y	CRANSTON	RI	Y	N	41.779823	-71.43728	5
2017	C	ORGSPIRE, INC.	SAN RAMON	CA	94583	USA	PROGRAMMER	15-1121	COMPUTER SYSTEMS ANALYSTS	Y	60050	Y	Level I	75000	0	Y	SAN RAMON	CA	N	N	37.779926	-121.97801	6
2012	C	IBM INDIA PRIVATE LIMITED	DURHAM	NC	27709		SOFTWARE ENGINEER	15-1121	COMPUTER SYSTEMS ANALYSTS	Y	89939	Y		98000		Y	ARMONK	NY			41.126484	-73.71402	6
2017	C	CAPGEMINI AMERICA, INC.	CHICAGO	IL	60606	USA	APPLICATIONS CONSULTANT 2	15-1132	SOFTWARE DEVELOPERS, APPLICATIONS	Y	110386	Y	Level III	110400	0	Y	BURBANK	CA	Y	N	34.18084	-118.30897	7
2011	C	PATNI AMERICAS,INC.	CAMBRIDGE	MA	2142		COMPUTER PROGRAMMERS	15-1021.00	COMPUTER PROGRAMMERS	Y	68848	Y		68900		Y	SHELTON	CT			41.316486	-73.09316	6
2014	C	NGMOCO, LLC	SAN FRANCISCO	CA	94107		SENIOR ARTIST	27-1014.00	MULTI-MEDIA ARTISTS AND ANIMATORS	Y	56992	Y		70000		Y	SAN FRANCISCO	CA			37.77493	-122.41942	6
2014	D	TECHNOMEDIA INTERNATIONAL INC.	HOUSTON	TX	77005		ACCOUNTANT	13-2011	ACCOUNTANTS AND AUDITORS	Y	47070	H		47070		Y	HOUSTON	TX			29.763283	-95.36327	6
2015	W	PARTNERS INFORMATION TECHNOLOGY INC.	BUENA PARK	CA	90621	USA	MOBILE APPLICATION DEVELOPER	15-1132	SOFTWARE DEVELOPERS, APPLICATIONS	Y	85446	Y	Level II	90000		Y	BUENA PARK	CA	N	N	33.867516	-117.998116	0
2015	C	WILLKIE FARR & GALLAGHER LLP	NEW YORK	NY	10019	USA	ATTORNEY	23-1011.00	LAWYERS	Y	165693	Y	Level III	250000		Y	NEW YORK	NY	N	N	40.761494	-73.98143	7
2012	C	LOGICGATE TECHNOLOGIES, INC.	PRINCETON	NJ	8540		PROGRAMMER ANALYST	15-1121	COMPUTER SYSTEMS ANALYSTS	Y	55078	Y		60000		Y	FORT WORTH	TX			32.72541	-97.32085	4
2012	C	M/A-COM TECHNOLOGY SOLUTIONS, INC.	LOWELL	MA	1851		SENIOR ELECTRICAL ENGINEER	17-2071	ELECTRICAL ENGINEERS	Y	106101	Y		112500		Y	LOWELL	MA			42.633423	-71.31617	6
2014	C	RADIAN SOLUTIONS LLC	SACRAMENTO	CA	95814		SOFTWARE DEVELOPER	15-1132	SOFTWARE DEVELOPERS, APPLICATIONS	Y	63856	Y		65000		Y	CULVER CITY	CA			34.021122	-118.39647	5
2017	C	DIALOG SEMICONDUCTOR	CAMPBELL	CA	95054	USA	TEST DEVELOPMENT ENGINEER	17-2072	ELECTRONICS ENGINEERS, EXCEPT COMPUTER	Y	85654	Y	Level I	85654	95832	Y	CAMPBELL	CA	N	N	37.287167	-121.94996	6
2017	C	NCS PEARSON, INC.	OLD TAPPAN	NJ	7675	USA	SOFTWARE DEVELOPER	15-1132	SOFTWARE DEVELOPERS, APPLICATIONS	Y	76274	Y	Level II	76274	80000	Y	AUSTIN	TX	N	N	30.267153	-97.74306	4
2013	C	PHOTON INFOTECH, INC.	SAN JOSE	CA	95112		QUALITY ASSURANCE ENGINEER	15-1799	COMPUTER OCCUPATIONS, ALL OTHER	Y	57470	Y		70000		Y	SAN FRANCISCO	CA			37.77493	-122.41942	6
2012	C	MYLAN INC.	CANONSBURG	PA	15317		SAP SUPPLY CHAIN WM AND SHIPPING & TRANSPORTATION	17-2112	INDUSTRIAL ENGINEERS	Y	67122	Y		105000		Y	MORGANTOWN	WV			39.629524	-79.955894	6
2016	C	LARSEN & TOUBRO INFOTECH LIMITED	EDISON	NJ	8817	USA	SENIOR TECHNICAL CONSULTANT	15-1121	COMPUTER SYSTEMS ANALYSTS		67434	Y		97500	0	Y	ATLANTA	GA	Y	N	33.748997	-84.387985	6
2012	C	TABATA OXFORD PERSONNEL LLC	NEW YORK	NY	10017		MARKETING CONSULTANT	13-1199	BUSINESS OPERATIONS SPECIALISTS, ALL OTHER*	Y	44054	Y		44054		Y	NEW YORK	NY			40.761494	-73.98143	6
2014	C	IBM CORPORATION	DURHAM	NC	27709		PRODUCT MANAGER	15-1132	SOFTWARE DEVELOPERS, APPLICATIONS	Y	94162	Y		94162	137116.8	Y	FOSTER CITY	CA			37.558548	-122.27108	7
2017	C	VENNSYS LLC	MIDDLETON	WI	53562		PROGRAMMER ANALYST	15-1132	SOFTWARE DEVELOPERS, APPLICATIONS	Y	72093	Y		72093	0	Y	MADISON	WI	Y	N	43.07305	-89.40123	6
2015	C	PHARMACEUTICAL RESEARCH ASSOCIATES, INC.	RALEIGH	NC	27612	USA	CLINICAL PROGRAMMER 2	15-2041	STATISTICIANS	Y	87194	Y	Level II	87194	93000	Y	RALEIGH	NC	N	N	35.772095	-78.63861	4
2014	C	TRIANZ CONSULTING INC.	HERNDON	VA	20171		PROGRAMMER ANALYST	15-1131	COMPUTER PROGRAMMERS	Y	49878	Y		70000		Y	DOVER	NH			43.19786	-70.87367	6
2011	C	TATA CONSULTANCY SERVICES LIMITED	ROCKVILLE	MD	20850		SOFTWARE QUALITY ASSURANCE ENGINEER AND TESTER	15-1799	COMPUTER OCCUPATIONS, ALL OTHER*	Y	59363	Y		66400		Y	JERSEY CITY	NJ			40.728157	-74.077644	4
2017	C	HAUTICO, INC.	UNION CITY	CA	94587	USA	COMPUTER PROGRAMMER	15-1131	COMPUTER PROGRAMMERS	Y	26.52	H	Level I	26.52	0	H	UNION CITY	CA	N	N	37.595833	-122.019165	6
2015	C	VST CONSULTING INC	ISELIN	NJ	8830	USA	SOFTWARE QA ANALYST	15-1199	COMPUTER OCCUPATIONS, ALL OTHER	Y	53102	Y	Level II	60000		Y	JOHNSTON	IA	Y	N	41.673042	-93.69772	4
2016	C	ALLERGAN SALES, LLC	IRVINE	CA	92612	USA	SR. BUSINESS INTELLIGENCE ANALYST	15-1121	COMPUTER SYSTEMS ANALYSTS		104520	Y		107079.89	0	Y	IRVINE	CA	N	N	33.669464	-117.82311	4
2012	C	THE PHELPS GROUP	SANTA MONICA	CA	90401		MOTION DESIGN SPECIALIST	27-1024	GRAPHIC DESIGNERS	Y	44533	Y		55000		Y	SANTA MONICA	CA			34.019455	-118.49119	6
2014	C	QUALCOMM TECHNOLOGIES, INC.	SAN DIEGO	CA	92121		SENIOR TECHNICAL WRITER	27-3042	TECHNICAL WRITERS	Y	70600	Y		70600	106000	Y	SAN DIEGO	CA			32.71533	-117.15726	6
2014	C	INSTITUTE OF ELECTRICAL AND ELECTRONICS ENGINEERS,	PISCATAWAY	NJ	8854		SENIOR DEVELOPER	15-1132	SOFTWARE DEVELOPERS, APPLICATIONS	Y	93018	Y		102500		Y	PISCATAWAY	NJ			40.49927	-74.39904	6
2014	C	THE UNIVERSITY OF KANSAS MEDICAL CENTER	KANSAS CITY	KS	66160		ASSISTANT PROFESSOR	25-1071	HEALTH SPECIALTIES TEACHERS, POSTSECONDARY	Y	91610	Y		160000		Y	KANSAS CITY	KS			39.11417	-94.62746	6
2012	C	ATYPON SYSTEMS, INC.	SANTA CLARA	CA	95054		DIRECTOR OF PRODUCT MANAGEMENT	15281	ARCHITECTURAL AND ENGINEERING MANAGERS	Y	141898	Y		150000		Y	SANTA CLARA	CA			37.354107	-121.95524	6
2014	C	NATHAN ASSOCIATES INC.	ARLINGTON	VA	22201		SENIOR ECONOMIST	19-3011	ECONOMISTS	Y	134576	Y		140000		Y	ARLINGTON	VA			38.89039	-77.084145	8
2015	C	L&T TECHNOLOGY SERVICES, LTD.	EDISON	NJ	8817	USA	SYSTEM TEST ENGINEER	15-1199	COMPUTER OCCUPATIONS, ALL OTHER	Y	51147	Y	Level I	55260		Y	MILWAUKEE	WI	Y	N	43.038902	-87.90647	6
2017	D	SAN MARCOS BAPTIST ACADEMY	SAN MARCOS	TX	78666	USA	ESL TEACHER	25-2031	SECONDARY SCHOOL TEACHERS, EXCEPT SPECIAL AND	Y	29757	Y	Level I	35000	0	Y	SAN MARCOS	TX	N	N	29.883274	-97.94139	2
2017	C	WHIRLPOOL CORPORATION	BENTON HARBOR	MI	49022	USA	GIS LEAD ANALYST	15-1121	COMPUTER SYSTEMS ANALYSTS	Y	89648	Y	Level IV	94000	0	Y	BENTON HARBOR	MI	N	N	42.116707	-86.45419	6
2014	C	GLEN BRIDGE NURSING AND REHABILITATION CENTER	NILES	IL	60714		OCCUPATIONAL THERAPIST	29-1122	OCCUPATIONAL THERAPISTS	Y	35	H		35		H	NILES	IL			42.01892	-87.80284	6
2016	C	IOASIZ INC	PISCATAWAY	NJ	8854	USA	PROGRAMMER ANALYST	15-1131	COMPUTER PROGRAMMERS		59550	Y		64800	0	Y	DENVER	CO	Y	N	39.739155	-104.9847	6
2013	C	REGENCY TECHNOLOGIES, INC.	PLANO	TX	75023		SOFTWARE DEVELOPER	15-1132	SOFTWARE DEVELOPERS, APPLICATIONS	Y	99674	Y		116000		Y	BALTIMORE	MD			39.290386	-76.61219	6
2015	C	ACCENTURE LLP	CHICAGO	IL	60601	USA	COMPUTER PROGRAMMER / CONFIGURER 1	15-1131	COMPUTER PROGRAMMERS	Y	40456	Y	Level I	54300		Y	PITTSBURGH	PA	N	N	40.440624	-79.99589	5
2012	C	SAMSUNG TELECOMMUNICATIONS AMERICA, LLC	RICHARDSON	TX	75082		SENIOR SOFTWARE TEST ENGINEER	15-1132	SOFTWARE DEVELOPERS, APPLICATIONS	Y	82867	Y		89000		Y	RICHARDSON	TX			32.948177	-96.72972	6
2012	C	CALHOME INC.	POMONA	CA	91767		MARKETING & BUSINESS DEVELOPMENT SPECIALIST	13-1161	MARKET RESEARCH ANALYSTS AND MARKETING SPECIALISTS	N	16.09	H		16.09		H	POMONA	CA			34.05529	-117.75228	7
2013	C	DELOITTE CONSULTING LLP	PHILADELPHIA	PA	19103		CONSULTANT	15-1121	COMPUTER SYSTEMS ANALYSTS	Y	66685	Y		99200		Y	SAN FRANCISCO	CA			37.77493	-122.41942	7
2016	C	BONSAI AI, INC.	BERKELEY	CA	94704	USA	SOFTWARE ENGINEER	15-1133	SOFTWARE DEVELOPERS, SYSTEMS SOFTWARE		104770	Y		125000	0	Y	BERKELEY	CA	N	N	37.871593	-122.27274	6
2017	C	GENERAL MOTORS COMPANY	DETROIT	MI	48265-3000	USA	SUPPLIER QUALITY CUSTOMER CONTACT SYSTEM ANALYST	15-1121	COMPUTER SYSTEMS ANALYSTS	Y	52478	Y	Level I	75000	0	Y	WARREN	MI	N	N	42.49982	-83.005486	4
2015	C	ABN AMRO CLEARING CHICAGO LLC	CHICAGO	IL	60604	USA	ASSISTANT VICE PRESIDENT, MARKET RISK MANAGER	15-2031	OPERATIONS RESEARCH ANALYSTS	Y	64917	Y	Level II	115000		Y	CHICAGO	IL	N	N	41.850033	-87.650055	5
2013	CW	T-MOBILE USA, INC.	BELLEVUE	WA	98006		SENIOR DEVELOPER, SOFTWARE	15-1133	SOFTWARE DEVELOPERS, SYSTEMS SOFTWARE	Y	97698	Y		97698	115000	Y	ATLANTA	GA			33.748997	-84.387985	11
2011	C	RITE AID CORP.	CAMP HILL	PA	17011		PHARMACIST	29-1051	PHARMACISTS	Y	46.05	H		56.5		H	PUYALLUP	WA			47.18538	-122.2929	6
2013	W	DELL MARKETING, LP	ROUND ROCK	TX	78682		SYSTEMS INTEGRATION SENIOR ADVISOR	15-1133	SOFTWARE DEVELOPERS, SYSTEMS SOFTWARE	Y	105581	Y		126875		Y	EVANSTON	IL			42.04114	-87.690056	0
2013	C	CAPGEMINI FINANCIAL SERVICES USA INC. (LEGACY KANB	ROSEMONT	IL	60018		CONSULTANT	15-1121	COMPUTER SYSTEMS ANALYSTS	Y	60507	Y		75750		Y	HERNDON	VA			38.969555	-77.3861	7
2012	C	TATA CONSULTANCY SERVICES LIMITED	ROCKVILLE	MD	20850		SOFTWARE QUALITY ASSURANCE ENGINEER AND TESTER	15-1799	COMPUTER OCCUPATIONS, ALL OTHER*	Y	58906	Y		67000		Y	CHICAGO	IL			41.850033	-87.650055	6
2011	C	DOTCOM TEAM, LLC	BRAINTREE	MA	2184		PROGRAMMER ANALYST	15-1131	COMPUTER PROGRAMMERS	Y	50128	Y		60000		Y	NORTHBROOK	IL			42.127525	-87.82896	6
2011	D	GLOBALFOUNDRIES U.S. INC.	MILPITAS	CA	95035		PROCESS ENGINEER 2	17-2131.00	MATERIALS ENGINEERS	Y	72072	Y		72072	93000	Y	EAST FISHKILL	NY			41.553425	-73.795685	6
2017	C	COLUMBIA DENTAL P C	MANCHESTER	CT	6040		GENERAL DENTIST	29-1021	DENTISTS, GENERAL	Y	90002	Y		90002	0	Y	MANCHESTER	CT	N	N	41.775932	-72.52148	6
2013	C	KAIZEN TECHNOLOGIES INC.	EDISON	NJ	8820		PROGRAMMER ANALYST	15-1131	COMPUTER PROGRAMMERS	Y	60674	Y		69742		Y	TROY	MI			42.60559	-83.14993	7
2017	C	APTION LLC	METUCHEN	NJ	8840	USA	COMPUTER PROGRAMMER	15-1131	COMPUTER PROGRAMMERS	Y	60195	Y	Level II	61000	0	Y	DRAPER	UT	Y	N	40.52467	-111.86382	6
2011	C	UNIVERSITY OF CALIFORNIA, DAVIS	DAVIS	CA	95616		ASSISTANT PROFESSOR OF CLINICAL SURGERY	25-1071.00	HEALTH SPECIALTIES TEACHERS, POSTSECONDARY	Y	76690	Y		107900		Y	SACRAMENTO	CA			38.581573	-121.4944	6
2012	C	NEWS AMERICA INCORPORATED	NEW YORK	NY	10036		TRANSFER PRICING ANALYST	13-2051	FINANCIAL ANALYSTS	Y	54891	Y		55000		Y	WILTON	CT			41.195374	-73.4379	7
2016	C	CONOCOPHILLIPS COMPANY	HOUSTON	TX	77079	USA	STAFF GEOSCIENTIST	19-4041	GEOLOGICAL AND PETROLEUM TECHNICIANS		84926	Y		149120	223680	Y	HOUSTON	TX	N	N	29.763283	-95.36327	4
2017	C	AXISCADES, INC.	PEORIA	IL	61614		DESIGN ENGINEER	17-2141	MECHANICAL ENGINEERS	Y	51085	Y		74630	0	Y	BONITA SPRINGS	FL	Y	N	26.339806	-81.778694	4
2014	C	IGATE TECHNOLOGIES INC.	FREMONT	CA	94555		TECHNICAL SPECIALIST	15-1199	COMPUTER OCCUPATIONS, ALL OTHER	Y	84365	Y		84400		Y	GERMANTOWN	MD			39.17316	-77.27165	7
2017	C	SYSTIME COMPUTER CORPORATION	EDISON	NJ	8837		PROJECT LEADER	15-1199	COMPUTER OCCUPATIONS, ALL OTHER	Y	76752	Y		88334	0	Y	HOUSTON	TX	Y	N	29.763283	-95.36327	6
2014	C	TESLA MOTORS, INC.	PALO ALTO	CA	94304		MANUFACTURING ENGINEER	17-2199	ENGINEERS, ALL OTHER	Y	76898	Y		78000	90000	Y	FREMONT	CA			37.54827	-121.98857	4
2013	C	AKAMAI TECHNOLOGIES, INC.	CAMBRIDGE	MA	2142		SENIOR PERFORMANCE ENGINEER	15-1133	SOFTWARE DEVELOPERS, SYSTEMS SOFTWARE	Y	122658	Y		123000	157700	Y	CAMBRIDGE	MA			42.375095	-71.105606	6
2015	C	SYSTEM SOFT TECHNOLOGIES, LLC.	TAMPA	FL	33607	USA	SOFTWARE DEVELOPER	15-1132	SOFTWARE DEVELOPERS, APPLICATIONS	Y	89669	Y	Level II	95000	110000	Y	WASHINGTON	DC	Y	N	38.89511	-77.03637	6
2013	C	DELOITTE CONSULTING LLP	PHILADELPHIA	PA	19103		CONSULTANT	15-1133	SOFTWARE DEVELOPERS, SYSTEMS SOFTWARE	Y	73258	Y		85800		Y	SAN DIEGO	CA			32.71533	-117.15726	4
2012	C	INFOSYS LIMITED	PLANO	TX	75024		ARCHITECT	15-1799	COMPUTER OCCUPATIONS, ALL OTHER*	Y	99486	Y		99486	99486	Y	MELVILLE	NY			40.79343	-73.41512	7
2016	C	CAPGEMINI AMERICA INC	NEW YORK	NY	10022	USA	PROGRAMMER/DEVELOPER	15-1133	SOFTWARE DEVELOPERS, SYSTEMS SOFTWARE		83658	Y		83700	0	Y	SCHAUMBURG	IL	N	N	42.03336	-88.083405	4
2015	C	WEATHERFORD INTERNATIONAL, LLC	HOUSTON	TX	77056	USA	VICE PRESIDENT - GLOBAL MARKETING	Nov-21	MARKETING MANAGERS	Y	105269	Y	Level IV	325000	335000	Y	HOUSTON	TX	N	N	29.763283	-95.36327	6
2015	C	INTERACTIVE INTELLIGENCE GROUP, INC.	INDIANAPOLIS	IN	46278	USA	ASSOCIATE GRAPHICS DESIGNER	27-1024	GRAPHIC DESIGNERS	Y	32053	Y	Level I	65000	75000	Y	INDIANAPOLIS	IN	N	N	39.768375	-86.15804	4
2014	C	SYNECHRON, INC.	PISCATAWAY	NJ	8854		ASSOCIATE - SOFTWARE	15-1131	COMPUTER PROGRAMMERS	Y	52770	Y		60000		Y	PISCATAWAY	NJ			40.49927	-74.39904	6
2016	C	INFOSYS LIMITED	PLANO	TX	75024	USA	CONSULTANT - US	15-1121	COMPUTER SYSTEMS ANALYST		90355	Y		94476	0	Y	SAN FRANCISCO	CA	Y	N	37.77493	-122.41942	6
2017	C	UBER TECHNOLOGIES, INC.	SAN FRANCISCO	CA	94103	USA	MARKETING MANAGER	13-1161	MARKET RESEARCH ANALYSTS AND MARKETING SPECIALISTS	Y	53019	Y	Level I	55000	75000	Y	SAN FRANCISCO	CA	N	N	37.77493	-122.41942	4
2014	C	BAE SYSTEMS INFORMATION SOLUTIONS	HERNDON	VA	20171		SOFTWARE ENGINEER	15-1121	COMPUTER SYSTEMS ANALYSTS	Y	56100	Y		57000		Y	WASHINGTON	DC			38.89511	-77.03637	6
2016	C	UBER TECHNOLOGIES, INC.	SAN FRANCISCO	CA	94103	USA	SOFTWARE ENGINEER	15-1133	SOFTWARE DEVELOPERS, SYSTEMS SOFTWARE		102357	Y		117500	143750	Y	SAN FRANCISCO	CA	N	N	37.77493	-122.41942	6
2014	C	ARECONT VISION, LLC	GLENDALE	CA	91205		MARKETING SPECIALIST	13-1161	MARKET RESEARCH ANALYSTS AND MARKETING SPECIALISTS	Y	51480	Y		55000		Y	GLENDALE	CA			34.14251	-118.25507	4
2011	C	DIKSHA TECHNOLOGIES, LLC	MT. LAUREL	NJ	8054		PROGRAMMER ANALYST (BILLING CONSULTANT)	15-1021.00	COMPUTER PROGRAMMERS	Y	50752	Y		60000		Y	TEANECK	NJ			40.8976	-74.015976	6
2011	C	WILLIAMS-SONOMA, INC.	SAN FRANCISCO	CA	94109		PROGRAMMER ANALYST III	15-1031.00	COMPUTER SOFTWARE ENGINEERS, APPLICATIONS	Y	90480	Y		90480	123600	Y	SAN FRANCISCO	CA			37.77493	-122.41942	6
2013	C	BILLUPS & ASSOCIATES, INC.	CHICAGO	IL	60661		GRAPHIC DESIGNER	27-1024	GRAPHIC DESIGNERS	Y	33114	Y		42000		Y	CHICAGO	IL			41.850033	-87.650055	6
2014	C	MORGAN STANLEY & CO. LLC	NEW YORK	NY	10036		ASSOCIATE	15-1132	SOFTWARE DEVELOPERS, APPLICATIONS	Y	89378	Y		91800		Y	NEW YORK	NY			40.761494	-73.98143	10
2013	C	RAVI PATEL, MD, INC.	BAKERSFIELD	CA	93309		NATUROPATHIC PHYSICIAN	29-1069	PHYSICIANS AND SURGEONS, ALL OTHER	Y	69181	Y		69181	90000	Y	BAKERSFIELD	CA			35.37329	-119.018715	6
2011	C	FEDERAL RESERVE BANK OF DALLAS	DALLAS	TX	75201		RESEARCH ECONOMIST	19-3011.00	ECONOMISTS	N	30.98	H		31		H	DALLAS	TX			32.783054	-96.80666	4
2017	C	YASH TECHNOLOGIES, INC.	EAST MOLINE	IL	61244		PROGRAMMER ANALYST	15-1121	COMPUTER SYSTEMS ANALYSTS	Y	74734	Y		75000	0	Y	ATLANTA	GA	Y	N	33.748997	-84.387985	6
2015	C	WIPRO LIMITED	EAST BRUNSWICK	NJ	8816	USA	LEAD ENGINEER	15-1199	COMPUTER OCCUPATIONS, ALL OTHER	Y	63086	Y	Level II	63086		Y	MILWAUKEE	WI	Y	N	43.038902	-87.90647	8
2011	C	AT&T SERVICES, INC.	DALLAS	TX	75202		SENIOR NETWORK SUPPORT	15-1142	NETWORK AND COMPUTER SYSTEMS ADMINISTRATORS*	Y	71157	Y		91643		Y	BRIDGETON	MO			38.766994	-90.41151	6
2016	C	SUNRAY INFOSYS CORPORATION	PLAINSBORO	NJ	8536	USA	SOFTWARE DEVELOPER	15-1132	SOFTWARE DEVELOPERS, APPLICATIONS		78395	Y		78395	0	Y	MINNEAPOLIS	MN	N	N	44.979965	-93.26384	6
2017	C	COX COMMUNICATIONS	ATLANTA	GA	30328	USA	SR. APPLICATION ENGINEER	15-1132	SOFTWARE DEVELOPERS, APPLICATIONS	Y	95306	Y	Level III	100000	0	Y	ATLANTA	GA	N	N	33.748997	-84.387985	4
2011	C	HUGHES NETWORK SYSTEMS LLC	GERMANTOWN	MD	20876		ENGINEER 2-PRODUCT	15-1081.00	NETWORK SYSTEMS AND DATA COMMUNICATIONS ANALYSTS	Y	60819	Y		67100		Y	GERMANTOWN	MD			39.17316	-77.27165	6
2017	C	KASTECH SOLUTIONS LLC	HOUSTON	TX	77036		PROGRAMMER ANALYST	15-1121	COMPUTER SYSTEMS ANALYSTS	Y	63274	Y		65000	0	Y	HOUSTON	TX	Y	N	29.763283	-95.36327	6
2013	C	SAP AMERICA, INC.	NEWTOWN SQUARE	PA	19073		TECHNICAL CONSULTANT III	15-1121	COMPUTER SYSTEMS ANALYSTS	Y	85426	Y		87100		Y	IRVING	TX			32.81402	-96.94889	6
2016	C	ROHM AND HAAS ELECTRONIC MATERIALS LLC, A SUBSIDIARY OF THE DOW CHEMIC	MARLBOROUGH	MA	1752	USA	SENIOR SCIENTIST	19-2031	CHEMISTS		94411	Y		97272	145896	Y	MARLBOROUGH	MA	N	N	42.34593	-71.552284	6
2016	C	IBM INDIA PRIVATE LIMITED	DURHAM	NC	27709	USA	IT SPECIALIST	15-1131	COMPUTER PROGRAMMERS		77563	Y		82093	85319	Y	JOHNS CREEK	GA	N	N	34.028927	-84.19858	4
2012	C	MASCOMA CORPORATION	LEBANON	NH	3766		RESEARCH ASSOCIATE	19-1022	MICROBIOLOGISTS	Y	51688	Y		55000		Y	LEBANON	NH			43.642292	-72.251755	6
2017	C	FRESCODATA LLC	SAN MARCOS	CA	92078	USA	SALESFORCE ADMINISTRATOR/DEVELOPER	15-1132	SOFTWARE DEVELOPERS, APPLICATIONS	Y	64397	Y	Level I	64397	0	Y	SAN MARCOS	CA	N	N	33.14337	-117.166145	6
2011	C	CALIFORNIA INSTITUTE OF TECHNOLOGY	PASADENA	CA	91125		STAFF SCIENTIST	19-2042.00	GEOSCIENTISTS, EXCEPT HYDROLOGISTS AND GEOGRAPHERS	Y	77917	Y		90000		Y	PASADENA	CA			34.147785	-118.144516	6
2011	C	MCFLUSION INC.	MUNROE FALLS	OH	44262		PROJECT MANAGER, TECHNICAL SALES	11-9041.00	ENGINEERING MANAGERS	Y	100589	Y		100589		Y	MUNROE FALLS	OH			41.1445	-81.439835	6
2014	C	ACCEL INTERNATIONAL INC.	IRVING	TX	75039		SYSTEMS ANALYST	15-1121	COMPUTER SYSTEMS ANALYSTS	Y	57346	Y		57400		Y	IRVING	TX			32.81402	-96.94889	4
2015	C	UNIVERSITY OF PITTSBURGH	PITTSBURGH	PA	15260	USA	RESEARCH ASSOCIATE	19-1042	MEDICAL SCIENTISTS, EXCEPT EPIDEMIOLOGISTS	Y	43597	Y	Level I	43597		Y	PITTSBURGH	PA	N	N	40.440624	-79.99589	6
2014	C	LARSEN & TOUBRO INFOTECH LIMITED	EDISON	NJ	8817		SR. TECHNICAL CONSULTANT	15-1141	DATABASE ADMINISTRATORS	Y	62774	Y		75000	120000	Y	HOUSTON	TX			29.763283	-95.36327	4
2014	CW	FLORIDA INTERNATIONAL ACADEMY, INC.	OPA-LOCKA	FL	33054		TECHNOLOGY TEACHER	25-2022	MIDDLE SCHOOL TEACHERS, EXCEPT SPECIAL AND CAREER/	Y	40030	Y		40030		Y	OPA-LOCKA	FL			25.902317	-80.25033	8
2014	C	EMC CORPORATION	HOPKINTON	MA	1748		SENIOR SOFTWARE QUALITY ENGINEER	15-1199	COMPUTER OCCUPATIONS, ALL OTHER	Y	69056	Y		80550	120000	Y	SANTA CLARA	CA			37.354107	-121.95524	6
2012	C	INVAGEN PHARMACEUTICALS, INC.	HAUPPAUGE	NY	11788		MANUFACTURING CHEMIST	19-2031	CHEMISTS	Y	56659	Y		57000		Y	HAUPPAUGE	NY			40.825653	-73.202614	7
2016	C	NOVARTIS PHARMACEUTICALS CORPORATION	EAST HANOVER	NJ	7936	USA	PROGRAMMING SPECIALIST	15-1131	COMPUTER PROGRAMMERS		90938	Y		98000	0	Y	EAST HANOVER	NJ	N	N	40.8201	-74.364876	6
2015	C	WEIGEL & CO., PLLC	WEST DES MOINES	IA	50265	USA	STAFF ACCOUNTANT	13-2011	ACCOUNTANTS AND AUDITORS	Y	21.19	H	Level I	22		H	WEST DES MOINES	IA	N	N	41.577213	-93.711334	6
2011	C	CITICORP CREDIT SERVICES, INC. (USA)	NEW YORK	NY	10005		APPLICATIONS DEVELOPMENT SENIOR PROGRAMMER ANALYST	15-1131	COMPUTER PROGRAMMERS	Y	78770	Y		82000		Y	BLUE ASH	OH			39.232002	-84.37827	6
2015	C	APPLEXUS TECHNOLOGIES LLC	FEDERAL WAY	WA	98003	USA	PROGRAMMER ANALYST	15-1132	SOFTWARE DEVELOPERS, APPLICATIONS	Y	51605	Y	Level I	72000		Y	HOUSTON	TX	Y	N	29.763283	-95.36327	6
2017	W	IBM CORPORATION	DURHAM	NC	27709	USA	TECHNOLOGY BUSINESS DEVELOPMENT SPECIALIST	41-9031	SALES ENGINEERS	Y	114920	Y	Level III	120000	153000	Y	YORKTOWN HEIGHTS	NY	N	N	41.270927	-73.77763	0
2017	C	IBLESOFT INC	DORAL	FL	33166	USA	SOFTWARE DEVELOPER	15-1132	SOFTWARE DEVELOPERS, APPLICATIONS	Y	66000	Y	Level I	66000	0	Y	WHIPPANY	NJ	Y	N	40.824543	-74.4171	7
2017	C	INFOSYS LIMITED	PLANO	TX	75024	USA	TECHNOLOGY LEAD - US	15-1121	COMPUTER SYSTEMS ANALYST	Y	76170	Y	Level II	84732	0	Y	ROSEMEAD	CA	Y	N	34.080566	-118.072845	4
2014	C	CORAXIS CORPORATION	COSTA MESA	CA	92626		COMPUTER PROGRAMMER  ANALYST	15-1121	COMPUTER SYSTEMS ANALYSTS	Y	62088	Y		72000		Y	COSTA MESA	CA			33.641132	-117.91867	7
2011	C	G&G INTERNATIONAL TRADING INC.	FORT LEE	NJ	7024		FINANCIAL ANALYST	13-2051.00	FINANCIAL ANALYSTS	N	29.78	H		29.78		H	FORT LEE	NJ			40.850933	-73.97014	6
2011	C	URS CORPORATION	DALLAS	TX	75207		GRADUATE CIVIL ENGINEER	17-2051.00	CIVIL ENGINEERS	Y	29.45	H		31.64		H	HOUSTON	TX			29.763283	-95.36327	7
2012	D	ONEGENE AMERICA INC.	LIVONIA	MI	48152		MECHANICAL ENGINEER	17-2141	MECHANICAL ENGINEERS	Y	67912	Y		51975		Y	LIVONIA	MI			42.36837	-83.35271	6
2012	C	HILTON WORLDWIDE, INC.	WASHINGTON	DC	20009		EVENT MANAGER	13-1121	MEETING, CONVENTION, AND EVENT PLANNERS*	Y	48526	Y		50000		Y	WASHINGTON	DC			38.89511	-77.03637	6
2011	C	MPHASIS CORPORATION	NEW YORK	NY	10016		BUSINESS DEVELOPMENT MANAGER	11-2021.00	MARKETING MANAGERS	Y	88026	Y		88026	120000	Y	NEW YORK	NY			40.761494	-73.98143	6
2016	C	ACCENTURE LLP	CHICAGO	IL	60601	USA	SOFTWARE ENGINEERING ASSOCIATE MANAGER	15-1132	SOFTWARE DEVELOPERS, APPLICATIONS		112632	Y		112632	0	Y	BOSTON	MA	N	N	42.35843	-71.05978	6
2016	C	DELOITTE CONSULTING LLP	PHILADELPHIA	PA	19103	USA	SENIOR CONSULTANT	15-2031	OPERATIONS RESEARCH ANALYSTS		52270	Y		83000	0	Y	DULUTH	GA	N	N	34.00288	-84.14464	6
2017	C	MICROSOFT CORPORATION	REDMOND	WA	98052	USA	SECURITY PROGRAM MANAGER	15-1132	SOFTWARE DEVELOPERS, APPLICATIONS	Y	106101	Y	Level II	128898	0	Y	REDMOND	WA	N	N	47.67399	-122.12151	6
2011	C	BRONX-LEBANON HOSPITAL CENTER	BRONX	NY	10457		PHYSICIAN IN A POST GRADUATE TRAINING PROGRAM	29-1069.99	PHYSICIANS AND SURGEONS, ALL OTHER	Y	58024	Y		58024		Y	RIDGEWOOD	NJ			40.979263	-74.11653	6
2017	C	ATI HOLDINGS LLC	BOLINGBROOK	IL	60440	USA	PHYSICAL THERAPIST	29-1123	PHYSICAL THERAPISTS	Y	59675	Y	Level I	72000	0	Y	MILLSBORO	DE	N	N	38.591503	-75.291306	6
2014	C	AMAZON CORPORATE LLC	SEATTLE	WA	98109		SOFTWARE DEVELOPMENT ENGINEER I	15-1132	SOFTWARE DEVELOPERS, APPLICATIONS	Y	73174	Y		93000		Y	SEATTLE	WA			47.60621	-122.33207	6
2013	C	ERNST & YOUNG U.S. LLP	SECAUCUS	NJ	7094		ASSURANCE STAFF	13-2011	ACCOUNTANTS AND AUDITORS	Y	34757	Y		52000		Y	FORT SMITH	AR			35.385925	-94.398544	6
2012	CW	HEADSTRONG SERVICES LLC	RESTON	VA	20190		TECHNICAL MANAGER	15-1131	COMPUTER PROGRAMMERS	Y	96366	Y		100000		Y	JERSEY CITY	NJ			40.728157	-74.077644	6
2017	C	CCC INFORMATION SERVICES INC.	CHICAGO	IL	60654	USA	SOFTWARE ENGINEER	15-1132	SOFTWARE DEVELOPERS, APPLICATIONS	Y	71843	Y	Level II	71843	90000	Y	CHICAGO	IL	N	N	41.850033	-87.650055	6
2014	C	ASCENT SERVICES GROUP	WALNUT CREEK	CA	94597		CLINICAL SAFETY ASSOCIATE	19-1042	MEDICAL SCIENTISTS, EXCEPT EPIDEMIOLOGISTS	Y	32.94	H		35		H	WALNUT CREEK	CA			37.906315	-122.064964	7
2017	C	JPMORGAN CHASE &AMP; CO.	CHICAGO	IL	60603		SOFTWARE ENGINEER	15-1132	SOFTWARE DEVELOPERS, APPLICATIONS	Y	122429	Y		135000	0	Y	SAN FRANCISCO	CA	N	N	37.77493	-122.41942	6
2014	C	HERBALIFE INTERNATIONAL OF AMERICA, INC.	LOS ANGELES	CA	90502		SR. APPLICATIONS ANALYST (QUALITY)	15-1132	SOFTWARE DEVELOPERS, APPLICATIONS	Y	97594	Y		104000		Y	WINSTON-SALEM	NC			36.09986	-80.24422	4
2014	C	HALLIBURTON ENERGY SERVICES, INC.	HOUSTON	TX	77042		TECHNICAL PROFESSIONAL LEADER - TECHNOLOGY	17-2112	INDUSTRIAL ENGINEERS	Y	104259	Y		107407		Y	CARROLLTON	TX			32.953735	-96.89028	7
2017	C	MORGAN STANLEY & CO LLC	NEW YORK	NY	10036	USA	VICE PRESIDENT	13-2051	FINANCIAL ANALYSTS	Y	154003	Y	Level IV	200000	0	Y	NEW YORK	NY	N	N	40.761494	-73.98143	4
2012	C	QUALCOMM ATHEROS, INC.	SAN JOSE	CA	95110		SENIOR SOFTWARE ENGINEER	15-1132	SOFTWARE DEVELOPERS, APPLICATIONS	Y	100984	Y		100984	130700	Y	SAN JOSE	CA			37.339386	-121.89496	6
2013	C	INTEL MOBILE COMMUNICATIONS NORTH AMERICA	SANTA CLARA	CA	95054		HARDWARE ENGINEER	17-2061	COMPUTER HARDWARE ENGINEERS	Y	121846	Y		121846	129500	Y	SANTA CLARA	CA			37.354107	-121.95524	6
2015	C	ALPHA NET CONSULTING LLC	SANTA CLARA	CA	95054	USA	SYSTEMS ANALYST	15-1121	COMPUTER SYSTEMS ANALYSTS	Y	85322	Y	Level II	90000		Y	SANTA CLARA	CA	Y	N	37.354107	-121.95524	6
2012	C	CISCO SYSTEMS, INC.	SAN JOSE	CA	95134		CUSTOMER SUPPORT ENGINEER	15-1150	COMPUTER SUPPORT SPECIALISTS	Y	67600	Y		80800	134700	Y	RICHARDSON	TX			32.948177	-96.72972	7
2016	C	KENT STATE UNIVERSITY	KENT	OH	44242	USA	POSTDOCTORAL RESEARCH ASSOCIATE	19-2043	HYDROLOGISTS		55349	Y		55349	0	Y	KENT	OH	N	N	41.153667	-81.35789	6
2014	C	EZ2 TECHNOLOGIES, INC.	HOUSTON	TX	77077		PROGRAMMER ANALYST	15-1121	COMPUTER SYSTEMS ANALYSTS	Y	58157	Y		60000		Y	TAMPA	FL			27.947521	-82.45843	6
2014	C	AKER SOLUTIONS, INC.	HOUSTON	TX	77042		STRUCTURAL ENGINEER	17-2121	MARINE ENGINEERS AND NAVAL ARCHITECTS	Y	65083	Y		70040	82005	Y	HOUSTON	TX			29.763283	-95.36327	4
2014	C	SCHLUMBERGER TECHNOLOGY CORPORATION	HOUSTON	TX	77042		PLANNER	17-2112	INDUSTRIAL ENGINEERS	Y	57824	Y		73154	74230	Y	TULSA	OK			36.15793	-96.016556	4
2015	C	SYNTEC SEATING SOLUTIONS, LLC	HIGH POINT	NC	27263	USA	TEST ENGINEER	17-2199	ENGINEERS, ALL OTHER	Y	48152	Y	Level I	55940		Y	HIGH POINT	NC	N	N	35.955692	-80.00532	6
2016	C	UNIVERSITY OF MINNESOTA	MINNEAPOLIS	MN	55455	USA	RESEARCHER 5	19-2031	CHEMISTS		40373	Y		45943	0	Y	AUSTIN	MN	N	N	43.66663	-92.97464	7
2016	D	THE MAGNOLIA SCHOOL LLC DBA THE MAGNOLIA SCHOOL	AUSTIN	TX	78734	USA	BEHAVIOR TECHNICIAN	25-2059	SPECIAL EDUCATION TEACHERS, ALL OTHER		44000	Y		44000	0	Y	AUSTIN	TX	N	N	30.267153	-97.74306	5
2015	C	DELTA CHARTER SCHOOL	TRACY	CA	95304	USA	EDUCATIONAL COORDINATOR/TEACHER	25-2031	SECONDARY SCHOOL TEACHERS, EXCEPT SPECIAL AND CARE	Y	66520	Y	Level III	66520	75620	Y	TRACY	CA	N	N	37.73965	-121.425224	6
2013	C	SOCIETY CONSULTING	BELLEVUE	WA	98004		SOFTWARE DEVELOPMENT ENGINEER IN TEST	15-1799	COMPUTER OCCUPATIONS, ALL OTHER	Y	85738	Y		97000		Y	BELLEVUE	WA			47.61038	-122.200676	6
2012	C	ETOUCH SYSTEMS CORPORATION	FREMONT	CA	94555		SOFTWARE CONSULTANT	15-1132	SOFTWARE DEVELOPERS, APPLICATIONS	Y	92019	Y		108178		Y	MENLO PARK	CA			37.453827	-122.18219	6
2014	C	IGATE TECHNOLOGIES INC.	FREMONT	CA	94555		SYSTEMS ENGINEER	15-1142	NETWORK AND COMPUTER SYSTEMS ADMINISTRATORS	Y	58802	Y		60000		Y	READING	PA			40.335648	-75.92687	6
2015	C	Z2 SYSTEMS, INC.	CHICAGO	IL	60607	USA	COMPUTER PROGRAMMER	15-1131	COMPUTER PROGRAMMERS	Y	49774	Y	Level I	55000		Y	CHICAGO	IL	N	N	41.850033	-87.650055	9
2017	C	BUILDSIMHUB INC.	PITTSBURGH	PA	15213	USA	CHIEF TECHNOLOGY OFFICER	15-1199	COMPUTER OCCUPATIONS, ALL OTHER	Y	64126	Y	Level II	64126	0	Y	PITTSBURGH	PA	N	N	40.440624	-79.99589	4
2011	C	NYX, INC.	LIVONIA	MI	48150		MECHANICAL ENGINEER	17-2141	MECHANICAL ENGINEERS	Y	67912	Y		67912	67912	Y	LIVONIA	MI			42.36837	-83.35271	6
2015	C	UNIVERSITY OF OKLAHOMA HEALTH SCIENCES CENTER	OKLAHOMA CITY	OK	73104	USA	RESEARCH BIOSTATISTICIAN	15-2041	STATISTICIANS	N	22.59	H	Level I	26.75		H	OKLAHOMA CITY	OK	N	N	35.471508	-97.54021	7
2011	C	EQUATOR, LLC	LOS ANGELES	CA	90045		SR. COLDFUSION DEVELOPER	15-1021.00	COMPUTER PROGRAMMERS	Y	81370	Y		113000		Y	LOS ANGELES	CA			34.052235	-118.24368	6
2016	C	ASURION, LLC	NASHVILLE	TN	37211	USA	SR. MANAGER, ANALYTICS	15-2031	OPERATIONS RESEARCH ANALYSTS		54600	Y		120000	0	Y	NASHVILLE	TN	N	N	36.16589	-86.78445	4
2012	C	IVYMEDIA CORPORATION	CAMBRIDGE	MA	2140		BUSINESS OPERATIONS SPECIALIST	13-1199	BUSINESS OPERATIONS SPECIALISTS, ALL OTHER*	N	22.68	H		23		H	CAMBRIDGE	MA			42.375095	-71.105606	6
2015	C	UNIVERSITY OF KENTUCKY	LEXINGTON	KY	40506	USA	POST-DOCTORAL SCHOLAR	17-3023	ELECTRICAL AND ELECTRONICS ENGINEERING TECHNICIANS	Y	35443	Y	Level I	36000		Y	LEXINGTON	KY	N	N	38.0498	-84.45855	6
2011	C	QUID INC.	SAN FRANCISCO	CA	94111		SENIOR SOFTWARE ENGINEER, BACK END RUBY ON RAILS	15-1132	SOFTWARE DEVELOPERS, APPLICATIONS	Y	76918	Y		131000		Y	SAN FRANCISCO	CA			37.77493	-122.41942	6
2014	C	ANJANI ETECH SOLUTIONS, INC	STERLING HEIGHTS	MI	48310		COMPUTER SYSTEMS ANALYST	15-1121	COMPUTER SYSTEMS ANALYSTS	Y	74298	Y		80000		Y	HILLSBORO	OR			45.522892	-122.98983	6
2014	C	SAGE IT, INC.	FRISCO	TX	75034		HEALTHARE SYSTEMS ANALYST	15-1121	COMPUTER SYSTEMS ANALYSTS	Y	57346	Y		60000		Y	FRISCO	TX			33.150673	-96.82361	4
2012	C	MERCK & CO., INC.	WHITEHOUSE STATION	NJ	8889		PRINCIPAL SCIENTIST - BIOLOGY DISCOVERY	19-1021	BIOCHEMISTS AND BIOPHYSICISTS	Y	109949	Y		109949		Y	RAHWAY	NJ			40.60816	-74.27765	6
2012	C	HSBC BANK USA, N.A.	BUFFALO	NY	14203		FINANCIAL ANALYST (S)	13-2051.00	FINANCIAL ANALYSTS	Y	63544	Y		71800		Y	BUFFALO	NY			42.886448	-78.87837	6
2013	C	PALVAI GLOBAL SERVICES INC	PISCATAWAY	NJ	8854		PROGRAMMER ANALYST	15-1131	COMPUTER PROGRAMMERS	Y	41829	Y		60000		Y	MONROEVILLE	PA			40.42118	-79.7881	6
2016	C	BA TECHNOLINKS CORP	SANTA CLARA	CA	95054	USA	PROGRAMMER ANALYST	15-1131	COMPUTER PROGRAMMERS		54725	Y		54725	60000	Y	WAYNE	PA	Y	N	40.044	-75.38769	4
2014	C	QUALCOMM TECHNOLOGIES, INC.	SAN DIEGO	CA	92121		SENIOR SOFTWARE ENGINEER	15-1133	SOFTWARE DEVELOPERS, SYSTEMS SOFTWARE	Y	110094.4	Y		110094.4	133400	Y	SAN JOSE	CA			37.339386	-121.89496	6
2016	C	GOLDMAN, SACHS & CO.	JERSEY CITY	NJ	7302	USA	ASSOCIATE	13-2011	ACCOUNTANTS AND AUDITORS		45781	Y		58200	0	Y	SALT LAKE CITY	UT	N	N	40.76078	-111.891045	6
2014	C	TATA CONSULTANCY SERVICES LIMITED	ROCKVILLE	MD	20850		COMPUTER SYSTEMS ENGINEER	15-1199	COMPUTER OCCUPATIONS, ALL OTHER	Y	65146	Y		83000		Y	PENNINGTON	NJ			40.32844	-74.79072	6
2013	C	HARRIS FARMS, INC.	COALINGA	CA	93210		EQUINE BREEDER/VETERINARY	19-4011	AGRICULTURAL AND FOOD SCIENCE TECHNICIANS	Y	29682	Y		30000		Y	COALINGA	CA			36.13968	-120.36015	5
2016	C	PROFICIENT BUSINESS SYSTEMS, INC.	DULUTH	GA	30096	USA	PROGRAMMER ANALYST	15-1121	COMPUTER SYSTEMS ANALYSTS		47861	Y		47861	0	Y	MADISON	WI	Y	N	43.07305	-89.40123	6
2017	C	GLOBAL BRIDGE INFOTECH INC,.	IRVING	TX	75038		COMPUTER SYSTEM ADMINISTRATOR	15-1142	NETWORK AND COMPUTER SYSTEMS ADMINISTRATORS	Y	79685	Y		80000	0	Y	BELLEVUE	WA	Y	N	47.61038	-122.200676	6
2011	C	JPMORGAN CHASE & CO	CHICAGO	IL	60603		APPLICATIONS DEVELOPER	15-1031.00	COMPUTER SOFTWARE ENGINEERS, APPLICATIONS	Y	85530	Y		86000	110000	Y	NEW YORK	NY			40.761494	-73.98143	7
2013	C	LACERTA SOLUTIONS, LLC	CHICAGO	IL	60607		SOFTWARE QUALITY ASSURANCE ENGINEERS AND TESTERS	15-1799	COMPUTER OCCUPATIONS, ALL OTHER	Y	41766	Y		50000		Y	CHICAGO	IL			41.850033	-87.650055	4
2013	C	NAVISTAR, INC.	LISLE	IL	60532		PRODUCT DEVELOPMENT ENGINEER, TEAM LEAD	17-2141	MECHANICAL ENGINEERS	Y	67288	Y		67289	85351	Y	LISLE	IL			41.80114	-88.07479	7
2016	C	VERIZON DATA SERVICES LLC	IRVING	TX	75038	USA	MEMBER TECHNICAL STAFF CONSULTANT-SYS ENGRG (LEAD SYS CSLT)	15-1132	SOFTWARE DEVELOPERS, APPLICATIONS		95700	Y		101675	0	Y	ASHBURN	VA	N	N	39.04372	-77.48749	4
2012	C	NTT DATA, INC. (FORMERLY KEANE INC.)	BOSTON	MA	2129		SOFTWARE DEVELOPER	15-1132	SOFTWARE DEVELOPERS, APPLICATIONS	Y	80000	Y		80000	120000	Y	BLOOMINGTON	IL			40.484203	-88.99369	4
2013	C	SHIBRAM BANERJEE, INC. DBA PACIFIC DATA	ROSEVILLE	CA	95747		SENIOR SOFTWARE ENGINEER	15-1132	SOFTWARE DEVELOPERS, APPLICATIONS	Y	105082	Y		120000		Y	ROSEVILLE	CA			38.752125	-121.28801	6
2017	CW	SIRI SOFTWARE SOLUTIONS, LLC	PISCATAWAY	NJ	8854		PROGRAMMER ANALYST	15-1131	COMPUTER PROGRAMMERS	Y	74277	Y		80000	0	Y	PISCATAWAY	NJ	Y	N	40.49927	-74.39904	7
2015	W	CYBAGE SOFTWARE INC	REDMOND	WA	98052	USA	SYSTEMS ANALYST	15-1121	COMPUTER SYSTEMS ANALYSTS	Y	60091	Y	Level I	78000		Y	HOUSTON	TX	Y	N	29.763283	-95.36327	4
2017	C	ROSS ARONSTAM & MORITZ LLP	WILMINGTON	DE	19801	USA	LITIGATION PARALEGAL	23-2011	PARALEGALS AND LEGAL ASSISTANTS	Y	45000	Y	Level II	45000	0	Y	WILMINGTON	DE	N	N	39.745945	-75.54659	6
2016	C	COSPIRA TECHNOLOGIES LLC	EXTON	PA	19341	USA	PROGRAMMER / ANALYST	15-1131	COMPUTER PROGRAMMERS		54725	Y		60000	0	Y	EXTON	PA	N	N	40.028996	-75.620766	6
2013	C	HUMETIS TECHNOLOGIES, INC.	NORTH BRUNSWICK	NJ	8902		SYSTEM ADMINISTRATION CONSULTANT	15-1142	NETWORK AND COMPUTER SYSTEMS ADMINISTRATORS	Y	39.24	H		50		H	SAN JOSE	CA			37.339386	-121.89496	4
2016	C	APPLIED MATERIALS, INC.	SANTA CLARA	CA	95054	USA	APPLICATION ENGINEER	15-1132	SOFTWARE DEVELOPERS, APPLICATIONS		88332	Y		88332	0	Y	SANTA CLARA	CA	N	N	37.354107	-121.95524	6
2014	C	INFOSYS LIMITED	PLANO	TX	75024		TECHNOLOGY ANALYST - US	15-1121	COMPUTER SYSTEMS ANALYSTS	Y	29.66	H		34.36		H	CUPERTINO	CA			37.322998	-122.03218	14
2017	C	UNIVERSITY OF MICHIGAN	ANN ARBOR	MI	48109-1316		ASSISTANT PROFESSOR	25-1042	BIOLOGICAL SCIENCE TEACHERS, POSTSECONDARY	Y	64072	Y		83000	0	Y	ANN ARBOR	MI	N	N	42.27087	-83.726326	6
2015	C	ADEPT GROUP LLC	BETHLEHEM	PA	18018	USA	PACKAGING ENGINEER-1	17-2112	INDUSTRIAL ENGINEERS	Y	59155	Y	Level I	60000		Y	BETHLEHEM	PA	N	N	40.62593	-75.37046	4
2015	C	TATA CONSULTANCY SERVICES LIMITED	ROCKVILLE	MD	20850	USA	DEVELOPER	15-1131	COMPUTER PROGRAMMERS	Y	54579	Y	Level II	62600		Y	CARMEL	IN	Y	N	39.97837	-86.11804	7
2015	C	SOFTWARE GLOBAL LTD.	AUSTIN	TX	78704	USA	SYSTEMS ANALYST	15-1121	COMPUTER SYSTEMS ANALYSTS	N	24.77	H	Level I	29		H	AUSTIN	TX	Y	N	30.267153	-97.74306	4
2012	C	SOFTSOL RESOURCES INC.	FREMONT	CA	94538		DATA ARCHITECT	15-1132	SOFTWARE DEVELOPERS, APPLICATIONS	Y	76690	Y		77000		Y	SAN FRANCISCO	CA			37.77493	-122.41942	6
2015	C	ISO CORP INC.	OCALA	FL	34480	USA	SAP ANALYST	15-1121	COMPUTER SYSTEMS ANALYSTS	Y	47091	Y	Level II	55000		Y	OCALA	FL	N	N	29.187199	-82.14009	6
2016	C	VIRTUE GROUP LLC	ALPHARETTA	GA	30022	USA	SOFTWARE ENGINEER	15-1131	COMPUTER PROGRAMMERS		51730	Y		60000	0	Y	SOMERSET	NJ	Y	N	40.497604	-74.48849	6
2014	C	SIRI INFOSOLUTIONS INC.	EDISON	NJ	8817		DATABASE ADMINISTRATOR	15-1141	DATABASE ADMINISTRATORS	Y	54933	Y		72000		Y	NEW YORK	NY			40.761494	-73.98143	5
2012	C	CLARK ATLANTA UNIVERSITY	ATLANTA	GA	30314		POST DOCTORAL RESEARCH ASSOCIATE	19-1042	MEDICAL SCIENTISTS, EXCEPT EPIDEMIOLOGISTS	Y	36026	Y		38955		Y	ATLANTA	GA			33.748997	-84.387985	6
2016	C	VIRTUSA CORPORATION	WESTBOROUGH	MA	1581	USA	ARCHITECT	15-1199	COMPUTER OCCUPATIONS, ALL OTHER		84843	Y		137200	0	Y	NEW YORK	NY	Y	N	40.761494	-73.98143	6
2012	C	DELOITTE & TOUCHE LLP	PHILADELPHIA	PA	19103		ERS SENIOR CONSULTANT	15-1132	SOFTWARE DEVELOPERS, APPLICATIONS	Y	62130	Y		63800		Y	WELLINGTON	FL			26.658678	-80.24143	6
2015	C	LARSEN & TOUBRO INFOTECH LIMITED	EDISON	NJ	8817	USA	SENIOR TECHNICAL CONSULTANT	15-1121	COMPUTER SYSTEMS ANALYSTS	Y	73008	Y	Level II	95000		Y	AMELIA	OH	Y	N	39.028397	-84.21771	4
2013	C	INFOSYS LIMITED	PLANO	TX	75024		TECHNOLOGY ANALYST - US	15-1121	COMPUTER SYSTEMS ANALYSTS	Y	47216	Y		65631		Y	GLENVIEW	IL			42.06975	-87.78784	4
2016	C	G-TECH SERVICES, INC.	DEARBORN	MI	48126	USA	TEST ENGINEER	17-2141	MECHANICAL ENGINEERS		32.96	H		33.5	0	H	DEARBORN	MI	N	N	42.322258	-83.176315	6
2011	C	SCANDINAVIAN BOILER SERVICE, INC.	FORT LAUDERDALE	FL	33316		MARINE ENGINEER	17-2121	MARINE ENGINEERS AND NAVAL ARCHITECTS	Y	54163	Y		81000		Y	FORT LAUDERDALE	FL			26.122309	-80.14338	7
2011	C	IBM CORPORATION	RTP	NC	27709		MANAGING CONSULTANT	13-1111	MANAGEMENT ANALYSTS	Y	47362	Y		110000.4	110000.4	Y	WAUKEGAN	IL			42.363632	-87.844795	6
2011	C	IGATE GLOBAL SOLUTIONS, AN IGATE COMPANY	FREMONT	CA	94555		SYSTEMS ANALYST II	15-1051.00	COMPUTER SYSTEMS ANALYSTS	Y	63170	Y		63200	77800	Y	GLEN ALLEN	VA			37.665977	-77.50637	6
2012	C	DEUTSCHE BANK NEW YORK BRANCH	NEW YORK	NY	10005		ANALYST	15-1121	COMPUTER SYSTEMS ANALYSTS	Y	74422	Y		75000		Y	NEW YORK	NY			40.761494	-73.98143	6
2015	C	MANAGEMENT HEALTH SYSTEMS, INC.	SUNRISE	FL	33323	USA	PHYSICAL THERAPIST	29-1123	PHYSICAL THERAPISTS	Y	23.82	H	Level I	23.82		H	ROBINSON	IL	Y	N	39.00532	-87.7392	4
2014	C	LARSEN & TOUBRO INFOTECH LIMITED	EDISON	NJ	8817		COMPUTER SYSTEMS ENGINEER	15-1199.02		Y	62670	Y		65658		Y	PARSIPPANY	NJ			40.857876	-74.42599	6
2016	C	WIPRO LIMITED	EAST BRUNSWICK	NJ	8816	USA	LEAD ENGINEER	15-1199	COMPUTER OCCUPATIONS, ALL OTHER		60000	Y		60000	0	Y	PRESCOTT	AZ	Y	N	34.540024	-112.468506	5
2014	C	OCCIDENTAL OIL AND GAS CORPORATION	HOUSTON	TX	77046		SR. RESERVOIR ENGINEER	17-2171	PETROLEUM ENGINEERS	Y	124238	Y		127700		Y	HOUSTON	TX			29.763283	-95.36327	6
2011	C	AMERICAN GENERAL LIFE COMPANIES, LLC	HOUSTON	TX	77019		ACTUARIAL ASSOCIATE	15-2011.00	ACTUARIES	Y	56784	Y		65700		Y	NEW YORK	NY			40.761494	-73.98143	4
2015	C	EBAY INC.	SAN JOSE	CA	95125	USA	BUSINESS ANALYTICS 3	13-2051	FINANCIAL ANALYSTS	Y	83554	Y	Level III	111297		Y	BELLEVUE	WA	N	N	47.61038	-122.200676	6
2015	C	MEDICAL UNIVERSITY OF SOUTH CAROLINA	CHARLESTON	SC	29425	USA	POSTDOCTORAL SCHOLAR	19-1042	MEDICAL SCIENTISTS, EXCEPT EPIDEMIOLOGISTS	Y	40706	Y	Level I	47802		Y	CHARLESTON	SC	N	N	32.776566	-79.93092	8
2017	C	TEKFORCE CORP	SAN RAMON	CA	94583		SOFTWARE DEVELOPER	15-1132	SOFTWARE DEVELOPERS, APPLICATIONS	Y	87506	Y		87550	0	Y	FREMONT	CA	Y	N	37.54827	-121.98857	4
2016	C	HCL AMERICA, INC.	SUNNYVALE	CA	94085	USA	SYSTEMS ANALYST - I	15-1121	COMPUTER SYSTEMS ANALYSTS		68411	Y		68411	0	Y	BOTHELL	WA	Y	N	47.76232	-122.20541	6
2011	C	FIRST TEK, INC.	PISCATAWAY	NJ	8854		PROGRAMMER ANALYST	15-1021.00	COMPUTER PROGRAMMERS	Y	45365	Y		48000		Y	AMELIA	OH			39.028397	-84.21771	6
2016	C	NORTH SHORE HOTEL MANAGEMENT, LLC	GLEN COVE	NY	11542	USA	EVENT PLANNER	13-1121	MEETING, CONVENTION, AND EVENT PLANNERS		49026	Y		54517	0	Y	GLEN COVE	NY	N	N	40.86232	-73.633736	6
2017	D	IQ SPECTRA INC	FARMINGTON HILLS	MI	48335		PROGRAMMER ANALYST	15-1131	COMPUTER PROGRAMMERS	Y	64979	Y		60000	0	Y	CHICAGO	IL	Y	N	41.850033	-87.650055	7
2016	C	MICROSOFT CORPORATION	REDMOND	WA	98052	USA	SOFTWARE ENGINEER	15-1132	SOFTWARE DEVELOPERS, APPLICATIONS		117458	Y		137209	0	Y	REDMOND	WA	N	N	47.67399	-122.12151	6
2016	C	BANK OF AMERICA N.A.	NEW YORK	NY	10020	USA	OFFICER; TECH PROG ASSOCIATE	15-1121	COMPUTER SYSTEMS ANALYSTS		69971	Y		88000	108000	Y	CHICAGO	IL	N	N	41.850033	-87.650055	6
2017	C	DIVERSANT LLC	RED BANK	NJ	7701		SALESFORCE DEVELOPER	15-1132	SOFTWARE DEVELOPERS, APPLICATIONS	Y	40.13	H		41	70	H	CHARLOTTE	NC	Y	N	35.227085	-80.843124	4
2014	C	DELOITTE CONSULTING LLP	PHILADELPHIA	PA	19103		SENIOR CONSULTANT	13-2051	FINANCIAL ANALYSTS	Y	66664	Y		111300		Y	HIALEAH	FL			25.857595	-80.27811	10
2015	C	NURIX, INC.	SAN FRANCISCO	CA	94158	USA	SCIENTIST	19-1021	BIOCHEMISTS AND BIOPHYSICISTS	Y	92955	Y	Level II	96000	96000	Y	SAN FRANCISCO	CA	N	N	37.77493	-122.41942	6
2014	C	QUANTUM VISION, LLC	GAITHERSBURG	MD	20879		SYSTEMS ANALYST	15-1121	COMPUTER SYSTEMS ANALYSTS	Y	63336	Y		63400		Y	FAIRFAX	VA			38.846222	-77.30637	5
2015	C	KEYMARK, INC.	LIBERTY	SC	29657	USA	FINANCIAL ANALYST	13-2051	FINANCIAL ANALYSTS	Y	58718	Y	Level II	58718	65000	Y	LIBERTY	SC	N	N	34.78789	-82.69236	6
2017	C	THE TRUSTEES OF PRINCETON UNIVERSITY	PRINCETON	NJ	8544	USA	RESEARCH SPECIALIST I	19-4031	CHEMICAL TECHNICIANS	Y	39042	Y	Level I	39042	0	Y	PRINCETON	NJ	N	N	40.348717	-74.65905	6
2017	C	EXPRESS, LLC	COLUMBUS	OH	43230	USA	BUSINESS DATA CONSULTANT	15-1199	COMPUTER OCCUPATIONS, ALL OTHER	Y	69493	Y	Level II	76500	0	Y	COLUMBUS	OH	N	N	39.961174	-82.998795	6
2014	C	SAMSUNG ELECTRO MECHANICS AMERICA, INC.	IRVINE	CA	92612		SENIOR ENGINEER	17-2061	COMPUTER HARDWARE ENGINEERS	Y	94349	Y		100000		Y	BELLEVUE	WA			47.61038	-122.200676	6
2015	W	COGNIZANT TECHNOLOGY SOLUTIONS U.S. CORPORATION	COLLEGE STATION	TX	77845	USA	SYSTEMS ANALYST - JC65	15-1121	COMPUTER SYSTEMS ANALYSTS	Y	55598	Y	Level I	60000		Y	COLUMBUS	OH	Y	N	39.961174	-82.998795	8
2016	C	CAPGEMINI U.S. LLC	CHICAGO	IL	60606	USA	MANAGER (SENIOR APPLICATIONS CONSULTANT)	15-1131	COMPUTER PROGRAMMERS		107973	Y		107973	140000	Y	BLOOMFIELD	NJ	Y	N	40.806767	-74.185425	7
2016	C	LERA TECHNOLOGIES LLC	CARROLLTON	TX	75006	USA	SOFTWARE DEVELOPER	15-1132	SOFTWARE DEVELOPERS, APPLICATIONS		65042	Y		66000	0	Y	CARROLLTON	TX	N	N	32.953735	-96.89028	5
2015	C	ARGUS HEALTH SYSTEMS, INC.	KANSAS CITY	MO	64105	USA	SR. SOFTWARE ENGINEER	15-1121	COMPUTER SYSTEMS ANALYSTS	Y	79290	Y	Level III	79290	145350	Y	KANSAS CITY	MO	N	N	39.099728	-94.57857	6
2012	C	IBM INDIA PRIVATE LIMITED	RTP	NC	27709		IT SPECIALIST	15-1131	COMPUTER PROGRAMMERS	Y	53498	Y		58200	61200	Y	WESTFIELD CENTER	OH			41.026443	-81.9332	7
2017	W	NETLOGIC SOLUTIONS INC	CHANTILLY	VA	20151		PRODUCTION SUPPORT SPECIALIST	15-1132	SOFTWARE DEVELOPERS, APPLICATIONS	Y	69826	Y		80000	0	Y	WILLIAMSVILLE	NY	Y	N	42.963947	-78.73781	5
2015	C	DELOITTE CONSULTING LLP	PHILADELPHIA	PA	19103	USA	CONSULTANT	15-1133	SOFTWARE DEVELOPERS, SYSTEMS SOFTWARE	Y	67288	Y	Level I	68500	110000	Y	CHICAGO	IL	N	N	41.850033	-87.650055	6
2015	C	WIPRO LIMITED	EAST BRUNSWICK	NJ	8816	USA	TEST ENGINEER LEVEL 1	15-1199	COMPUTER OCCUPATIONS, ALL OTHER	Y	60528	Y	Level I	60528		Y	PALO ALTO	CA	Y	N	37.441883	-122.14302	4
2017	C	IBM INDIA PRIVATE LIMITED	DURHAM	NC	27709		SENIOR ADVISORY CONSULTANT	15-1121	COMPUTER SYSTEMS ANALYSTS	Y	78957	Y		91650	0	Y	MOUNDS VIEW	MN	N	N	45.104965	-93.20856	4
2016	C	ETEST IT, INC.	CHICAGO	IL	60606	USA	JAVA DEVELOPER	15-1132	SOFTWARE DEVELOPERS, APPLICATIONS		68931	Y		80000	0	Y	CHICAGO	IL	Y	N	41.850033	-87.650055	6
2016	C	THE ADVISORY BOARD COMPANY	WASHINGTON	DC	20037	USA	BUSINESS ANALYST	13-1111	MANAGEMENT ANALYSTS		64189	Y		75000	0	Y	WASHINGTON	DC	N	N	38.89511	-77.03637	4
2013	C	ARISTA NETWORKS, INC.	SANTA CLARA	CA	95054		SOFTWARE ENGINEER	15-1133	SOFTWARE DEVELOPERS, SYSTEMS SOFTWARE	Y	107851	Y		120000		Y	SANTA CLARA	CA			37.354107	-121.95524	4
2017	C	IT AMERICA INC	EDISON	NJ	8817	USA	QUALITY CONTROL ANALYST	15-1121	COMPUTER SYSTEMS ANALYSTS	Y	55931	Y	Level I	62000	0	Y	COLUMBUS	OH	Y	N	39.961174	-82.998795	4
2016	C	CITADEL LLC	CHICAGO	IL	60603	USA	INDUSTRIALS ANALYST	15-2031	OPERATIONS RESEARCH ANALYSTS		61818	Y		210000	0	Y	NEW YORK	NY	N	N	40.761494	-73.98143	6
2017	C	TRUST MANAGEMENT NETWORK, LLC	DALLAS	TX	75206	USA	SECURITIES OPERATIONS ANALYST	15-2031	OPERATIONS RESEARCH ANALYSTS	Y	54059	Y	Level I	54500	0	Y	DALLAS	TX	N	N	32.783054	-96.80666	6
2017	C	QORVO US, INC.	GREENSBORO	NC	27409		PRODUCT MARKETING MANAGER (PMM)	Nov-21	MARKETING MANAGERS	Y	90189	Y		90189	94806	Y	APOPKA	FL	N	N	28.680553	-81.509514	6
2017	C	CLEVELAND CLINIC	CLEVELAND	OH	44195	USA	ASSOCIATE STAFF	29-1069	PHYSICIANS AND SURGEONS, ALL OTHER	Y	309012	Y		420000	0	Y	MANSFIELD	OH	N	N	40.75839	-82.51545	4
2014	W	THOUGHTWORKS, INC.	CHICAGO	IL	60601		SOFTWARE DEVELOPERS, APPLICATIONS	15-1132	SOFTWARE DEVELOPERS, APPLICATIONS	Y	76357	Y		76773		Y	CHICAGO	IL			41.850033	-87.650055	2
2014	C	BANK OF THE WEST	SAN RAMON	CA	94583		FINANCIAL ANALYST II	13-2051	FINANCIAL ANALYSTS	Y	82618	Y		85000		Y	SAN RAMON	CA			37.779926	-121.97801	6
2012	C	TLC SKILLED HEALTH CARE PROVIDERS	LOS ANGELES	CA	90010		FINANCIAL ANALYST	13-2051	FINANCIAL ANALYSTS	N	25	H		25		H	LOS ANGELES	CA			34.052235	-118.24368	4
2016	C	ARTERIS INC.	CAMPBELL	CA	95008	USA	HARDWARE DESIGN ENGINEER	17-2072	ELECTRONICS ENGINEERS, EXCEPT COMPUTER		131955	Y		140000	0	Y	CAMPBELL	CA	N	N	37.287167	-121.94996	6
2017	W	VALOREM CONSULTING GROUP LLC	KANSAS CITY	MO	64108	USA	ENTERPRISE IT ADMINISTRATOR	15-1142	NETWORK AND COMPUTER SYSTEMS ADMINISTRATORS	Y	88026	Y	Level IV	92030	0	Y	SEATTLE	WA	N	N	47.60621	-122.33207	0
2015	C	SPERIDIAN TECHNOLOGIES, LLC	ALBUQUERQUE	NM	87106	USA	SENIOR SIEBEL CONSULTANT	15-1132	SOFTWARE DEVELOPERS, APPLICATIONS	Y	79498	Y	Level III	111151		Y	MIAMI	FL	Y	N	25.774265	-80.19366	6
2013	CW	POPULUS GROUP	TROY	MI	48083		SOFTWARE APPLICATION ENGINEER	15-1132	SOFTWARE DEVELOPERS, APPLICATIONS	Y	35.06	H		45		H	GAINESVILLE	FL			29.651634	-82.32483	13
2011	C	PIONEER TECHNOLOGIES, INC.	IRVING	TX	75063		SYSTEMS ANALYST	15-1121	COMPUTER SYSTEMS ANALYSTS	Y	51854	Y		52000		Y	IRVING	TX			32.81402	-96.94889	6
2016	C	EDGE MANUFACTURING, INC.	PEVELY	MO	63070	USA	ELECTRICAL ENGINEER	17-2071	ELECTRICAL ENGINEERS		84822	Y		89115.6	0	Y	PEVELY	MO	N	N	38.283386	-90.39512	6
2015	D	WESTERN PNEUMATICS, INC.	EUGENE	OR	97402	USA	MECHANICAL ENGINEER	17-2141	MECHANICAL ENGINEERS	Y	0	Y		35000		Y	EUGENE	OR	N	N	44.05207	-123.086754	10
2017	C	HALIFAX COUNTY SCHOOLS	HALIFAX	NC	27839		EXCEPTIONAL CHILDREN'S TEACHER	25-2054	SPECIAL EDUCATION TEACHERS, SECONDARY SCHOOL	Y	45637	Y		47910	0	Y	LITTLETON	NC	N	N	36.434593	-77.911934	5
2015	C	RECREATIONAL EQUIPMENT, INC.	KENT	WA	98032	USA	SENIOR SOFTWARE ENGINEER	15-1133	SOFTWARE DEVELOPERS, SYSTEMS SOFTWARE	Y	111155	Y	Level III	111155	125403	Y	KENT	WA	N	N	47.38093	-122.23484	7
2015	C	SAPPHIRE IT SERVICES, INC.	STAFFORD	TX	77477	USA	PROGRAMMER ANALYST	15-1121	COMPUTER SYSTEMS ANALYSTS	Y	60091	Y	Level I	64000	64000	Y	STAFFORD	TX	N	N	29.616068	-95.557724	6
2011	C	SCALAR USA, INC.	ROLLING MEADOWS	IL	60008		PROGRAMMER ANALYST	15-1051.00	COMPUTER SYSTEMS ANALYSTS	Y	46093	Y		65707		Y	JACKSONVILLE	FL			30.332184	-81.65565	6
2012	C	FLIPBOARD, INC.	PALO ALTO	CA	94301		SOFTWARE ENGINEER	15-1132	SOFTWARE DEVELOPERS, APPLICATIONS	Y	99653	Y		120000		Y	PALO ALTO	CA			37.441883	-122.14302	6
2014	C	ORACLE AMERICA, INC.	REDWOOD SHORES	CA	94065		CONSULTANT	15-1121	COMPUTER SYSTEMS ANALYSTS	Y	92498	Y		92498	139132	Y	EAST GREENVILLE	PA			40.406487	-75.50185	6
2016	C	FACEBOOK, INC.	MENLO PARK	CA	94025	USA	MARKET QUALITY MANAGER, COMMUNITY OPERATIONS	13-1111	MANAGEMENT ANALYSTS		102482	Y		115000	0	Y	AUSTIN	TX	Y	N	30.267153	-97.74306	7
2015	W	GRAND PACIFIC RESORTS, INC.	CARLSBAD	CA	92008	USA	SR. APPLICATION DEVELOPER	15-1132	SOFTWARE DEVELOPERS, APPLICATIONS	Y	84926	Y	Level II	125000		Y	CARLSBAD	CA	N	N	33.158092	-117.35059	6
2011	CW	DELL PRODUCTS LP	ROUND ROCK	TX	78682		SENIOR SOFTWARE ENGINEER	15-1032.00	COMPUTER SOFTWARE ENGINEERS, SYSTEMS SOFTWARE	Y	124363	Y		124363	139099	Y	SUNNYVALE	CA			37.36883	-122.03635	7
2017	C	SNAP, INC	CHANTILLY	VA	20151	USA	PROGRAMMER ANALYST	15-1131	COMPUTER PROGRAMMERS	Y	82534	Y	Level II	85000	0	Y	WASHINGTON	DC	N	N	38.89511	-77.03637	6
2013	C	LOS ANGELES PREMIER FUTBOL CLUB	PASADENA	CA	91101		DIRECTOR OF PLAYER DEVELOPMENT	27-2022	COACHES AND SCOUTS	Y	34553	Y		44000		Y	PASADENA	CA			34.147785	-118.144516	4
2015	C	ROBERT BOSCH LLC	FARMINGTON HILLS	MI	48331	USA	RESEARCH ENGINEER	15-1111	COMPUTER AND INFORMATION RESEARCH SCIENTISTS	Y	108597	Y	Level II	115000		Y	PALO ALTO	CA	N	N	37.441883	-122.14302	6
2011	C	FORTIN CONSTRUCTIONS	LADY LAKE	FL	32159		COST ESTIMATOR	13-1051.00	COST ESTIMATORS	Y	31.98	H		45		H	LADY LAKE	FL			28.917486	-81.92286	6
2011	C	TREACY & COMPANY, INC	NEEDHAM	MA	2492		ANALYST	13-1111.00	MANAGEMENT ANALYSTS	Y	58094	Y		69000		Y	NEEDHAM	MA			42.283432	-71.232834	6
2014	C	JPMORGAN CHASE & CO.	CHICAGO	IL	60603		ASSOCIATE	15-1132	SOFTWARE DEVELOPERS, APPLICATIONS	Y	94994	Y		110000		Y	HOUSTON	TX			29.763283	-95.36327	11
2016	C	SPL CONSULTING, LLC	IRVING	TX	75038	USA	BUSINESS ANALYST	.	15-1121	COMPUTER SYSTEMS ANALYSTS		60133	Y		65000	0	Y	IRVING	TX	N	N	32.81402	-96.94889	4
2015	C	COGNIZANT TECHNOLOGY SOLUTIONS U.S. CORPORATION	COLLEGE STATION	TX	77845	USA	BUSINESS ANALYST II	15-1121	COMPUTER SYSTEMS ANALYSTS	Y	70637	Y	Level II	70637		Y	RANCHO CORDOVA	CA	Y	N	38.589073	-121.30273	6
2016	W	SUDHI INFOMATICS INC	WESTERVILLE	OH	43082	USA	PROGRAMMER ANALYST	15-1131	COMPUTER PROGRAMMERS		62358	Y		65000	0	Y	WESTERVILLE	OH	Y	N	40.126175	-82.92907	0
2017	C	SOLGENIE TECHNOLOGIES INC.	NORCROSS	GA	30092		SYSTEMS ENGINEER	15-1199	COMPUTER OCCUPATIONS, ALL OTHER	Y	64771	Y		65000	0	Y	CARY	NC	N	N	35.79154	-78.78112	4
2012	C	AMAZON  CORPORATE LLC	SEATTLE	WA	98109		SOFTWARE DEVELOPMENT ENGINEER II	15-1132	SOFTWARE DEVELOPERS, APPLICATIONS	Y	84302	Y		105300		Y	SEATTLE	WA			47.60621	-122.33207	6
2013	C	COMPREHAB, INC.	GASTONIA	NC	28054		PHYSICAL THERAPIST	29-1123	PHYSICAL THERAPISTS	Y	59550	Y		60000		Y	PHENIX CITY	AL			32.470978	-85.00076	8
2013	C	PREMERE REHAB, LLC	WILSONVILLE	OR	97070		PHYSICAL THERAPIST	29-1123	PHYSICAL THERAPISTS	Y	29.82	H		35	40	H	LYNDEN	WA			48.946503	-122.45211	6
2011	C	SYSTEMGURU, INC.	WOODBRIDGE	NJ	7095		QA ANALYST	15-1021.00	COMPUTER PROGRAMMERS	Y	26.04	H		31		H	WOODBRIDGE	NJ			40.557606	-74.28459	6
2017	C	OFFERUP, INC.	BELLEVUE	WA	98004	USA	SOFTWARE DEVELOPMENT ENGINEER ANDROID	15-1132	SOFTWARE DEVELOPERS, APPLICATIONS	Y	106101	Y	Level II	106500	125000	Y	BELLEVUE	WA	N	N	47.61038	-122.200676	4
2016	C	BUCKMAN LABORATORIES INTERNATIONAL, INC.	MEMPHIS	TN	38108	USA	SR. SAP IM & WM SYSTEMS ANALYST	15-1121	COMPUTER SYSTEMS ANALYSTS		91333	Y		110000	0	Y	MEMPHIS	TN	N	N	35.149536	-90.04898	6
2015	C	MIRIA SYSTEMS, INC.	NORRISTOWN	PA	19403	USA	ECM ARCHITECT	15-1132	SOFTWARE DEVELOPERS, APPLICATIONS	Y	97406	Y	Level III	106288		Y	NORRISTOWN	PA	N	N	40.1215	-75.339905	6
2011	C	WAL-MART ASSOCIATES, INC.	BENTONVILLE	AR	72716-0215		SENIOR SOFTWARE ENGINEER	15-1031.00	COMPUTER SOFTWARE ENGINEERS, APPLICATIONS	Y	90480	Y		115000		Y	BRISBANE	CA			37.689716	-122.34001	7
2012	C	TOWERS WATSON PENNSYLVANIA INC.	ARLINGTON	VA	22203		SENIOR ANALYST	13-1141	COMPENSATION, BENEFITS, AND JOB ANALYSIS SPECIALIS	Y	59363	Y		76500		Y	NEW YORK	NY			40.761494	-73.98143	6
2013	C	LUCID TECHNOLOGIES, LLC	PRINCETON JUNCTION	NJ	8550		QA ANALYST	15-1199	COMPUTER OCCUPATIONS, ALL OTHER	Y	56222	Y		56222		Y	DETROIT	MI			42.33143	-83.04575	6
2011	C	BP AMERICA INC.	HOUSTON	TX	77079		PRICING ANALYST	13-2051.00	FINANCIAL ANALYSTS	Y	47923	Y		70200		Y	CHICAGO	IL			41.850033	-87.650055	6
2015	C	IBM CORPORATION	DURHAM	NC	27709	USA	SOFTWARE TEST SPECIALIST	15-1132	SOFTWARE DEVELOPERS, APPLICATIONS	Y	74194	Y	Level II	74194	85186	Y	DUBLIN	OH	N	N	40.099228	-83.114075	7
2015	C	WIPRO LIMITED	EAST BRUNSWICK	NJ	8816	USA	LEAD ENGINEER	15-1199	COMPUTER OCCUPATIONS, ALL OTHER	Y	66102	Y	Level II	66102		Y	TAMPA	FL	Y	N	27.947521	-82.45843	6
2016	C	QUESTAR ASSESSMENT INC.	APPLE VALLEY	MN	55124	USA	DATABASE DEVELOPER	15-1141	DATABASE ADMINISTRATORS		91541	Y		95000	0	Y	APPLE VALLEY	MN	N	N	44.73191	-93.21772	4
2015	C	SOFTTHINK SOLUTIONS, INC.	HERNDON	VA	20170	USA	DATA ANALYST	15-1199	COMPUTER OCCUPATIONS, ALL OTHER	Y	74776	Y	Level I	75000		Y	HERNDON	VA	Y	N	38.969555	-77.3861	6
2012	C	DATANOMICS, INC.	PISCATAWAY	NJ	8854		QA TESTER	15-1099.01	SOFTWARE QUALITY ASSURANCE ENGINEERS AND TESTERS	Y	40.14	H		45		H	WALNUT CREEK	CA			37.906315	-122.064964	6
2017	C	AT&T SERVICES, INC.	DALLAS	TX	75202	USA	SENIOR MEMBER OF TECHNICAL STAFF	15-1199	COMPUTER OCCUPATIONS, ALL OTHER	Y	125861	Y	Level IV	128000	0	Y	OAKTON	VA	N	N	38.880943	-77.30082	6
2014	C	AIR LIQUIDE INDUSTRIAL U.S. LP	HOUSTON	TX	77056		PROCESS RISK MANAGEMENT SPECIALIST	17-2112	INDUSTRIAL ENGINEERS	Y	83160	Y		85000	108000	Y	HOUSTON	TX			29.763283	-95.36327	6
2016	C	STRATEGIC IT EXPERTS, LLC	BALLWIN	MO	63011	USA	PROGRAMMER ANALYST	15-1131	COMPUTER PROGRAMMERS		52541	Y		60000	0	Y	RICHMOND	VA	Y	N	37.553757	-77.46026	6
2014	C	ASTEGIC, INC.	VIENNA	VA	22182		SENIOR NETWORK ENGINEER	15-1142	NETWORK AND COMPUTER SYSTEMS ADMINISTRATORS	Y	92872	Y		95000		Y	WASHINGTON	DC			38.89511	-77.03637	6
2013	C	TEKSYSTEMS GLOBAL SERVICES LLC	HANOVER	MD	21076		SENIOR CONSULTANT	15-1132	SOFTWARE DEVELOPERS, APPLICATIONS	Y	77810	Y		90000		Y	SAN MATEO	CA			37.562992	-122.32552	4
2012	C	TYCO HEALTHCARE GROUP LP	MANSFIELD	MA	2048		PROCESS ENGINEER	17-2112	INDUSTRIAL ENGINEERS	Y	67434	Y		67435	86700	Y	HOBART	NY			42.37147	-74.67043	6
2015	C	EPCOT TECHNOLOGIES INC.	ARLINGTON HEIGHTS	IL	60005	USA	SYSTEMS ENGINEER	15-1199	COMPUTER OCCUPATIONS, ALL OTHER	Y	60091	Y	Level II	70000		Y	DEERFIELD	IL	Y	N	42.171135	-87.84451	6
2015	C	MICROSOFT CORPORATION	REDMOND	WA	98052	USA	SENIOR SOFTWARE ENGINEER	15-1132	SOFTWARE DEVELOPERS, APPLICATIONS	Y	112986	Y	Level III	154000		Y	REDMOND	WA	N	N	47.67399	-122.12151	6
2015	C	GATEWAY CHARTER ACADEMY	DALLAS	TX	75241	USA	TEA	25-2021	ELEMENTARY SCHOOL TEACHERS, EXCEPT SPECIAL	Y	42130	Y	Level I	42130		Y	DALLAS	TX	N	N	32.783054	-96.80666	4
2016	C	SHUTTERFLY, INC.	REDWOOD CITY	CA	94065	USA	WEB ENGINEER	15-1132	SOFTWARE DEVELOPERS, APPLICATIONS		87410	Y		97000	0	Y	SANTA CLARA	CA	N	N	37.354107	-121.95524	6
2015	C	HITACHI CONSULTING CORPORATION	DALLAS	TX	75254	USA	SENIOR CONSULTANT	15-1121	COMPUTER SYSTEMS ANALYSTS	Y	73174	Y	Level II	85500		Y	DALLAS	TX	N	N	32.783054	-96.80666	6
2014	C	CAPITAL ONE SERVICES, LLC	RICHMOND	VA	23238		SENIOR BUSINESS SYSTEMS ANALYST	15-1121	COMPUTER SYSTEMS ANALYSTS	Y	70844.8	Y		90300	117200	Y	PLANO	TX			33.019844	-96.69888	6
2017	C	COGNITION LLC	DENVER	CO	80237	USA	SALESFORCE JAVA DEVELOPER	15-1132	SOFTWARE DEVELOPERS, APPLICATIONS	Y	80870	Y	Level I	80870	0	Y	PLEASANTON	CA	N	N	37.66243	-121.87468	6
2011	C	ENSUANT INC.	MOUNTAIN VIEW	CA	94043		COMPUTER SOFTWARE ENGINEER	15-1031.00	COMPUTER SOFTWARE ENGINEERS, APPLICATIONS	Y	82035	Y		83000		Y	MOUNTAIN VIEW	CA			37.38605	-122.083855	6
2017	C	WIPRO LIMITED	EAST BRUNSWICK	NJ	8816	USA	DATABASE ADMINISTRATOR	15-1141	DATABASE ADMINISTRATORS	Y	63024	Y	Level II	63024	0	Y	TULSA	OK	Y	N	36.15793	-96.016556	6
2011	C	CONCORD PROFESSIONAL SERVICES, LLC	HOPKINS	MN	55343		SENIOR INTEGRATION SOFTWARE ENGINEER	15-1031.00	COMPUTER SOFTWARE ENGINEERS, APPLICATIONS	Y	101483	Y		120000		Y	HOPKINS	MN			44.927704	-93.42196	6
2015	C	JNIT TECHNOLOGIES	PARLIN	NJ	8859	USA	.NET WEB DEVELOPER	15-1132	SOFTWARE DEVELOPERS, APPLICATIONS	Y	63003	Y	Level I	70000		Y	CHESTERFIELD	MO	Y	N	38.66311	-90.577065	7
2014	C	COGNIZANT TECHNOLOGY SOLUTIONS U.S. CORPORATION	COLLEGE STATION	TX	77845		SENIOR SYSTEMS ANALYST JC60	15-1121	COMPUTER SYSTEMS ANALYSTS	Y	76274	Y		76274		Y	HARTFORD	CT			41.76371	-72.6851	4
2012	C	QUALCOMM INCORPORATED	SAN DIEGO	CA	92121		SOFTWARE ENGINEER	15-1133	SOFTWARE DEVELOPERS, SYSTEMS SOFTWARE	Y	91229	Y		91229	106840	Y	SANTA CLARA	CA			37.354107	-121.95524	6
2011	D	LISA L JOHNSTON	YONKERS	NY	10704		LAW CLERK	23-2092.00	LAW CLERKS	Y	29952	Y		29952	29952	Y	YONKERS	NY			40.93121	-73.89875	8
2013	C	JAPAN GRAPHIC CORPORATION	TORRANCE	CA	90501		GRAPHIC EDITOR	27-3041	EDITORS	Y	38438	Y		38438		Y	TORRANCE	CA			33.83585	-118.34063	6
2013	C	UNIVERSITY OF MEDICINE AND DENTISTRY OF NEW JERSEY	NEWARK	NJ	7101		RESEARCH TEACHING SPECIALIST III	19-1029	BIOLOGICAL SCIENTISTS, ALL OTHER	Y	46998	Y		48049		Y	PISCATAWAY	NJ			40.49927	-74.39904	6
2016	C	RALPH LAUREN CORPORATION	NEW YORK	NY	10022	USA	SOURCING ANALYST	13-1081	LOGISTICIANS		65707	Y		71791	0	Y	NEW YORK	NY	N	N	40.761494	-73.98143	6
2014	C	K&L GATES LLP	PITTSBURGH	PA	15222		LAWYER	23-1011.00	LAWYERS	Y	154627	Y		235000	300000	Y	SEATTLE	WA			47.60621	-122.33207	6
2012	C	HCL AMERICA, INC.	SUNNYVALE	CA	94085		PROJECT MANAGER - IV	15-1131	COMPUTER PROGRAMMERS	Y	106829	Y		106829	126000	Y	DALLAS	TX			32.783054	-96.80666	7
2017	C	LEAD IT CORPORATION	SPRINGFIELD	IL	62704	USA	PROGRAMMER ANALYST	15-1131	COMPUTER PROGRAMMERS	Y	59134	Y	Level I	65000	0	Y	ALEXANDRIA	VA	Y	N	38.804836	-77.04692	6
2013	C	ARRIS SOLUTIONS, INC.	SUWANEE	GA	30024		SOFTWARE ENGINEER	15-1133	SOFTWARE DEVELOPERS, SYSTEMS SOFTWARE	Y	67808	Y		67808		Y	LAWRENCE	KS			38.97167	-95.23525	6
2012	C	CITICORP CREDIT SERVICES, INC. (USA)	NEW YORK	NY	10005		CREDIT AND PORTFOLIO RISK MANAGER	15-2031	OPERATIONS RESEARCH ANALYSTS	Y	46488	Y		90000		Y	ATLANTA	GA			33.748997	-84.387985	7
2011	C	DELHAIZE AMERICA SHARED SERVICES GROUP, LLC	SALISBURY	NC	28147		SENIOR BUSINESS AND INFORMATION ANALYST	15-2031.00	OPERATIONS RESEARCH ANALYSTS	Y	46738	Y		46738	72000	Y	SALISBURY	NC			35.67097	-80.47423	6
2015	C	THE METHODIST HOSPITAL RESEARCH INSTITUTE	HOUSTON	TX	77030	USA	POSTDOCTORAL FELLOW	19-1042	MEDICAL SCIENTISTS, EXCEPT EPIDEMIOLOGISTS	Y	40934	Y	Level I	48192		Y	HOUSTON	TX	N	N	29.763283	-95.36327	6
2015	C	BREATHOMETER, INC.	BURLINGAME	CA	94010	USA	SUPPLIER QUALITY ENGINEER	17-2112	INDUSTRIAL ENGINEERS	Y	73986	Y	Level I	73986		Y	BURLINGAME	CA	N	N	37.584103	-122.36608	6
2013	C	POWER-ONE RENEWABLE ENERGY SOLUTIONS, LLC	PHOENIX	AZ	85034		SENIOR ENGINEER	17-2071	ELECTRICAL ENGINEERS	Y	88769	Y		105000		Y	PHOENIX	AZ			33.448376	-112.074036	4
2015	W	CORPSYSTEMS LLC	ALPHARETTA	GA	30022	USA	COMPUTER SYSTEMS  ANALYST	15-1121	COMPUTER SYSTEMS ANALYSTS	Y	60278	Y	Level II	65000		Y	TAMPA	FL	Y	N	27.947521	-82.45843	0
2013	C	MANSAI, INC	PEARLAND	TX	77584		SYSTEMS ANALYST	15-1121	COMPUTER SYSTEMS ANALYSTS	Y	54496	Y		55000		Y	PEARLAND	TX			29.563566	-95.28605	7
2013	C	IBM INDIA PRIVATE LIMITED	RTP	NC	27709		INFORMATICA TERADATA TECHNICAL LEAD	15-1131	COMPUTER PROGRAMMERS	Y	65187	Y		68526	73834	Y	RICHMOND	VA			37.553757	-77.46026	4
2013	C	COMPUNNEL SOFTWARE GROUP, INC.	PLAINSBORO	NJ	8536		SYSTEMS ANALYST	15-1121	COMPUTER SYSTEMS ANALYSTS	Y	62733	Y		62734	97157	Y	SAN LEANDRO	CA			37.72493	-122.156075	6
2013	C	BALTIMORE CITY PUBLIC SCHOOLS	BALTIMORE	MD	21202		TEACHER - SPECIAL EDUCATION/APC	25-2041	SPECIAL EDUCATION TEACHERS, PRESCHOOL, KINDERGARTE	Y	81970	Y		81970		Y	BALTIMORE	MD			39.290386	-76.61219	6
2015	C	BALL STATE UNIVERSITY	MUNCIE	IN	47306	USA	ASSISTANT PROFESSOR OF HOSPITALITY MANAGEMENT	25-1192	HOME ECONOMICS TEACHERS, POSTSECONDARY	Y	43010	Y	Level I	65000		Y	MUNCIE	IN	N	N	40.19338	-85.38636	6
2012	C	KEMA, INCORPORATED	BURLINGTON	MA	1803		CONSULTANT	13-1111	MANAGEMENT ANALYSTS	Y	82202	Y		85025.2		Y	BURLINGTON	MA			42.504818	-71.19561	6
2017	C	ACCENTURE LLP	CHICAGO	IL	60601	USA	COMPUTER SYSTEMS ANALYST	15-1121	COMPUTER SYSTEMS ANALYSTS	Y	76170	Y	Level II	82000	0	Y	NORWALK	CA	N	N	33.902237	-118.08173	6
2017	C	NEW YORK LIFE INSURANCE COMPANY	NEW YORK	NY	10010	USA	SENIOR ASSOCIATE	15-1133	SOFTWARE DEVELOPERS, SYSTEMS SOFTWARE	Y	115398	Y	Level III	127100	0	Y	NEW YORK	NY	N	N	40.761494	-73.98143	6
2017	C	INFOSYS LIMITED	PLANO	TX	75024	USA	TEST ANALYST - US	15-1199	SOFTWARE QUALITY ASSURANCE ENGINEERS AND TESTERS	Y	59467	Y	Level I	65612	0	Y	MIAMISBURG	OH	Y	N	39.642838	-84.286606	7
2016	C	RALLY HEALTH, INC.	WASHINGTON	DC	20007	USA	SENIOR MARKETING DATA ANALYST	13-1161	MARKET RESEARCH ANALYSTS AND MARKETING SPECIALISTS		90106	Y		120000	150000	Y	SAN FRANCISCO	CA	N	N	37.77493	-122.41942	4
2011	C	DISCFLO CORPORATION	SANTEE	CA	92071		SALES APPLICATION ENGINEER	41-4011.00	SALES REPRESENTATIVES, WHOLESALE AND MANUFACTURING	Y	59176	Y		65000		Y	SANTEE	CA			32.838383	-116.973915	7
2015	C	HEXAWARE TECHNOLOGIES, INC.	JAMESBURG	NJ	8831	USA	SYSTEMS ANALYST	15-1121	COMPUTER SYSTEMS ANALYSTS	Y	80995	Y	Level II	84240		Y	JERSEY CITY	NJ	Y	N	40.728157	-74.077644	6
2017	C	GENERAL MOTORS COMPANY	DETROIT	MI	48265-3000	USA	SOFTWARE ENGINEER, AUTOMATED DRIVING - ADVANCED PROJECTS	17-2071	ELECTRICAL ENGINEERS	Y	87069	Y	Level III	97500	0	Y	WARREN	MI	N	N	42.49982	-83.005486	7
2016	C	NEW YORK UNIVERSITY	NEW YORK	NY	10012	USA	ASSOCIATE PROFESSOR	25-1061	ANTHROPOLOGY AND ARCHEOLOGY TEACHERS,		75220	Y		164000	0	Y	NEW YORK	NY	N	N	40.761494	-73.98143	6
2014	C	ELLINGTON & ASSOCIATES, INC.	HOUSTON	TX	77043		PALEONTOLOGIST/GEOLOGIST	19-2099	PHYSICAL SCIENTISTS, ALL OTHER	Y	73091	Y		84000		Y	HOUSTON	TX			29.763283	-95.36327	6
2011	C	VALTRA, INC.	PICO RIVERA	CA	90660		WEB DEVELOPER	15-1099.04	WEB DEVELOPERS	Y	46925	Y		46925		Y	PICO RIVERA	CA			33.98307	-118.09673	7
2014	C	AMAX ENGINEERING CORPORATION	FREMONT	CA	94539		MARKET COMMUNICATIONS SPECIALIST	13-1161	MARKET RESEARCH ANALYSTS AND MARKETING SPECIALISTS	N	23.71	H		23.71		H	FREMONT	CA			37.54827	-121.98857	9
2017	C	SYBASE, INC.	DUBLIN	CA	94568	USA	DEVELOPER	15-1132	SOFTWARE DEVELOPERS, APPLICATIONS	Y	80200	Y		100000	0	Y	SAN RAMON	CA	N	N	37.779926	-121.97801	4
2014	C	TRULIA INC.	SAN FRANCISCO	CA	94105		SENIOR EMAIL MARKETING MANAGER	Nov-21	MARKETING MANAGERS	Y	81700	Y		81700	117000	Y	SAN FRANCISCO	CA			37.77493	-122.41942	8
2012	C	GEORGIA INSTITUTE OF TECHNOLOGY	ATLANTA	GA	30332		RESEARCH SCIENTIST I	19-1042	MEDICAL SCIENTISTS, EXCEPT EPIDEMIOLOGISTS	Y	36026	Y		41000		Y	ATLANTA	GA			33.748997	-84.387985	6
2015	C	THE HENLEY GROUP, INC.	NATICK	MA	1760	USA	FINANCIAL ANALYST	13-2051	FINANCIAL ANALYSTS	N	28.54	H	Level I	28.54		H	NATICK	MA	N	N	42.28343	-71.3495	6
2016	C	LIBERMAN BROADCASTING INC.	BURBANK	CA	91504	USA	PROGRAM DEVELOPMENT ASSOCIATE	27-3041	EDITORS		73778	Y		74000	86000	Y	BURBANK	CA	N	N	34.18084	-118.30897	6
2017	C	SIRIUS XM RADIO INC.	NEW YORK	NY	10104	USA	SENIOR ANALYST, MOBILE SOLUTIONS	15-1121	COMPUTER SYSTEMS ANALYSTS	Y	92200	Y		92200	111800	Y	WASHINGTON	DC	N	N	38.89511	-77.03637	7
2011	C	E-COM INC.	GRADEN CITY	MI	48135		PROGRAMMER ANALYST	15-1051.00	COMPUTER SYSTEMS ANALYSTS	Y	58157	Y		58157		Y	PRINCETON	NJ			40.348717	-74.65905	6
2015	C	MIN ENGINEERING, INC	PIKESVILLE	MD	21208	USA	DESIGN ENGINEER	17-2141	MECHANICAL ENGINEERS	Y	56368	Y	Level I	70000		Y	PIKESVILLE	MD	N	N	39.37427	-76.72247	4
2015	C	ACCENTURE LLP	CHICAGO	IL	60601	USA	COMPUTER SPECIALIST/SYSTEM SUPPORT AND DEVELOPMENT ADMIN 2	15-1199	COMPUTER OCCUPATIONS, ALL OTHER	Y	64480	Y	Level II	67410		Y	WILMINGTON	DE	N	N	39.745945	-75.54659	6
2012	C	CHICAGO BULLS	DEERFIELD	IL	60015		ASSISTANT VIDEO COORDINATOR	27-4032	FILM AND VIDEO EDITORS	Y	31387	Y		31387		Y	DEERFIELD	IL			42.171135	-87.84451	4
2017	C	YTN RADIO USA INC.	LOS ANGELES	CA	90010	USA	NETWORK AND COMPUTER SYSTEMS ADMINISTRATOR	15-1142	NETWORK AND COMPUTER SYSTEMS ADMINISTRATORS	N	25.79	H	Level I	25.79	0	H	LOS ANGELES	CA	N	N	34.052235	-118.24368	6
2015	C	MICROSOFT CORPORATION	REDMOND	WA	98052	USA	SUPPORT ENGINEER	15-1199	COMPUTER OCCUPATIONS, ALL OTHER	Y	73632	Y	Level II	88676		Y	CHARLOTTE	NC	N	N	35.227085	-80.843124	6
2015	C	INFOSYS LIMITED	PLANO	TX	75024	USA	PROJECT MANAGER - US	15-1121	COMPUTER SYSTEMS ANALYSTS	Y	98904	Y	Level III	100000		Y	WEEHAWKEN	NJ	Y	N	40.769547	-74.02042	6
2017	C	THE AES GROUP, INC.	BELLEVUE	WA	98007		COMPUTER SYSTEMS ANALYST	15-1121	COMPUTER SYSTEMS ANALYSTS	Y	72800	Y		72800	0	Y	ROUND ROCK	TX	N	N	30.508255	-97.678894	6
2014	C	MATRIX RESOURCES, INC.	ATLANTA	GA	30328		TECHNICAL LEAD/SCRUMMASTER	15-1132	SOFTWARE DEVELOPERS, APPLICATIONS	Y	104437	Y		104437	114437	Y	ATLANTA	GA			33.748997	-84.387985	4
2017	C	EXPERIS US, INC.	MILWAUKEE	WI	53212	USA	SENIOR PROGRAMMER ANALYST	15-1121	COMPUTER SYSTEMS ANALYSTS	Y	35.07	H	Level II	35.07	70	H	RICHFIELD	OH	N	N	41.239777	-81.638176	4
2017	C	LEGIT LABS, INC.	BEVERLY HILLS	CA	90212	USA	CONSULTANT	15-2031	OPERATIONS RESEARCH ANALYSTS	Y	53040	Y	Level I	53040	0	Y	GLENDALE	CA	N	N	34.14251	-118.25507	6
2016	C	IBM INDIA PRIVATE LIMITED	DURHAM	NC	27709	USA	PROJECT LEAD	15-1131	COMPUTER PROGRAMMERS		78187	Y		78187	0	Y	GREENWOOD VILLAGE	CO	N	N	39.61721	-104.95081	4
2013	C	BANCBOX, INC.	SAN MATEO	CA	94402		PRODUCT MANAGER	15-1799	COMPUTER OCCUPATIONS, ALL OTHER	Y	93891	Y		120000		Y	SAN MATEO	CA			37.562992	-122.32552	4
2012	D	ALASKA SALES AND SERVICE, INC.	ANCHORAGE	AK	99501		FIXED OPERATIONS MANAGER	11-1021	GENERAL AND OPERATIONS MANAGERS	Y	115190	Y		250000		Y	ANCHORAGE	AK			61.218056	-149.90028	5
2017	C	LOUIS DREYFUS COMPANY LLC	WILTON	CT	6897	USA	TRADER TRAINEE	13-2051	FINANCIAL ANALYSTS	Y	57408	Y	Level I	70000	0	Y	WILTON	CT	N	N	41.195374	-73.4379	6
2016	C	TECH MAHINDRA (AMERICAS),INC.	PLANO	TX	75093	USA	MANAGEMENT ANALYST	13-1111	MANAGEMENT ANALYSTS		80683	Y		80683	0	Y	SAN RAMON	CA	Y	N	37.779926	-121.97801	6
2012	C	DELOITTE FINANCIAL ADVISORY SERVICES LLP	PHILADELPHIA	PA	19103		BUSINESS VALUATION ASSOCIATE	13-2051	FINANCIAL ANALYSTS	Y	54246	Y		60000		Y	COPPELL	TX			32.954567	-97.01501	7
2011	C	MAST INDUSTRIES, INC.	REYNOLDSBURG	OH	43068		MANAGER, TECHNICAL DESIGN	11-3051.00	INDUSTRIAL PRODUCTION MANAGERS	Y	94869	Y		109300	163800	Y	NEW YORK	NY			40.761494	-73.98143	6
2015	C	HCL AMERICA, INC.	SUNNYVALE	CA	94085	USA	PROGRAMMER ANALYST - II	15-1131	COMPUTER PROGRAMMERS	Y	63690	Y	Level II	63690	104000	Y	RICHARDSON	TX	Y	N	32.948177	-96.72972	7
2012	C	PYRAMID TECHNOLOGY SOLUTIONS, INC.	INDIANAPOLIS	IN	46216		PROGRAMMER ANALYST	15-1121	COMPUTER SYSTEMS ANALYSTS	Y	55661	Y		57034		Y	ANAHEIM	CA			33.835293	-117.914505	6
2012	C	CONSOLIDATED CATHOLIC ADMINISTRATIVE SERVICES, INC	THORNWOOD	NY	10594		VICE PRESIDENT OF OPERATIONS	11-1021	GENERAL AND OPERATIONS MANAGERS	Y	82243	Y		110000	120000	Y	ATLANTA	GA			33.748997	-84.387985	4
2016	C	LARSEN & TOUBRO INFOTECH LIMITED	EDISON	NJ	8817	USA	COMPUTER SYSTEMS ENGINEER	15-1199.02	COMPUTER SYSTEMS ENGINEERS		44658	Y		68856	0	Y	ATHENS	GA	Y	N	33.96095	-83.37794	7
2016	C	TEK SERVICES, LLC	NORCROSS	GA	30092	USA	SQL SERVER DBA	15-1141	DATABASE ADMINISTRATORS		63669	Y		78770	0	Y	BOTHELL	WA	Y	N	47.76232	-122.20541	6
2011	C	WORLDVENTURES HOLDINGS, LLC	PLANO	TX	75024		BUSINESS SYSTEMS MANAGER	11-3021.00	COMPUTER AND INFORMATION SYSTEMS MANAGERS	Y	86112	Y		86112	91112	Y	PLANO	TX			33.019844	-96.69888	4
2017	C	SKORUZ TECHNOLOGIES, INC	NEWARK	CA	94560	USA	DATABASE ADMINISTRATOR	15-1141	DATABASE ADMINISTRATORS	Y	48776	Y	Level I	60000	70000	Y	FULLERTON	CA	Y	N	33.870293	-117.92534	4
2016	C	JITSOL, INC.	HIGHLANDS RANCH	CO	80130	USA	ASSISTANT SYSTEM ENGINEER	15-1132	SOFTWARE DEVELOPERS, APPLICATIONS		70491	Y		70500	0	Y	ENGLEWOOD	CO	N	N	39.647766	-104.98776	5
2016	C	COLLABERA INC.	MORRISTOWN	NJ	7960	USA	SOFTWARE DEVELOPER	15-1132	SOFTWARE DEVELOPERS, APPLICATIONS		33.76	H		35	0	H	JERSEY CITY	NJ	N	N	40.728157	-74.077644	6
2016	C	INFOSYS LIMITED	PLANO	TX	75024	USA	LEAD CONSULTANT - US	15-1121	COMPUTER SYSTEMS ANALYST		69909	Y		101982	0	Y	MADISON	WI	Y	N	43.07305	-89.40123	6
2016	C	ALMIT SERVICES INC.	EDISON	NJ	8817	USA	DATABASE ADMINISTRATOR	15-1141	DATABASE ADMINISTRATORS		67059	Y		75000	0	Y	EDISON	NJ	N	N	40.518715	-74.412094	7
2011	C	POPULUS GROUP	TROY	MI	48083		SOFTWARE APPLICATION ENGINEER	15-1132.00		Y	35.33	H		45		H	WINSTON-SALEM	NC			36.09986	-80.24422	6
2011	CW	UNIVERSITY OF HOUSTON-CLEAR LAKE	HOUSTON	TX	77058		ASSISTANT PROFESSOR OF MANAGEMENT	25-1011.00	BUSINESS TEACHERS, POSTSECONDARY	Y	47900	Y		99500		Y	HOUSTON	TX			29.763283	-95.36327	6
2013	C	INFOSYS LIMITED	PLANO	TX	75024		TECHNOLOGY LEAD - US	15-1121	COMPUTER SYSTEMS ANALYSTS	Y	68058	Y		75576		Y	AUSTIN	TX			30.267153	-97.74306	6
2017	C	GERSON LEHRMAN GROUP, INC.	NEW YORK	NY	10165	USA	MANAGER, STRATEGIC PROJECTS	13-1111	MANAGEMENT ANALYSTS	Y	104562	Y	Level III	120000	0	Y	BOSTON	MA	N	N	42.35843	-71.05978	6
2016	D	FIDELITY BROKERAGE SERVICES LLC	DURHAM	NC	27709	USA	SENIOR SOFTWARE ENGINEER DEVELOPER	15-1132	SOFTWARE DEVELOPERS, APPLICATIONS		71400	Y		71400	93103	Y	DURHAM	NC	N	N	35.994034	-78.89862	4
2014	C	HCL AMERICA, INC.	SUNNYVALE	CA	94085		HUMAN RESOURCES SPECIALIST - III	13-1071	HUMAN RESOURCES SPECIALISTS	Y	68078	Y		68078	88000	Y	FRISCO	TX			33.150673	-96.82361	5
2013	C	CALVIN KLEIN INC.	NEW YORK	NY	10018		ASSISTANT DESIGNER, TEXTILES	27-1022	FASHION DESIGNERS	Y	41205	Y		52000		Y	NEW YORK	NY			40.761494	-73.98143	6
2013	C	CAVALIER IT INC.	JERSEY CITY	NJ	7302		PROGRAMMER ANALYST	15-1131	COMPUTER PROGRAMMERS	Y	50253	Y		60000		Y	HOUSTON	TX			29.763283	-95.36327	8
2011	C	TRELLIS TECHNOLOGY SOLUTIONS, LLC	IRVING	TX	75062		SYSTEMS ADMINISTRATOR	15-1071.00	NETWORK AND COMPUTER SYSTEMS ADMINISTRATORS	Y	52416	Y		60000		Y	IRVING	TX			32.81402	-96.94889	6
2017	C	EXELON BUSINESS SERVICES COMPANY, LLC	KENNETT SQUARE	PA	19348	USA	LEAD ANALYST IT	15-1132	SOFTWARE DEVELOPERS, APPLICATIONS	Y	79500	Y		84100	131400	Y	BALTIMORE	MD	N	N	39.290386	-76.61219	6
2016	C	SVK SYSTEMS INC	JOHNS CREEK	GA	30097	USA	PROGRAMMER ANALYST	15-1131	COMPUTER PROGRAMMERS		61610	Y		70000	0	Y	ORLANDO	FL	Y	N	28.538336	-81.379234	4
2015	C	ZUSYS, INC.	ADDISON	TX	75001	USA	APPLICATION ANALYST	15-1121	COMPUTER SYSTEMS ANALYSTS	Y	85571	Y	Level III	90000		Y	ADDISON	TX	N	N	32.96179	-96.82917	6
2015	C	CITIBANK, N.A.	NEW YORK	NY	10005	USA	IT BUSINESS ANALYST	15-1121	COMPUTER SYSTEMS ANALYSTS	Y	47341	Y	Level I	55000		Y	GETZVILLE	NY	N	N	43.023945	-78.76781	6
2014	C	IBS SOFTWARE SERVICES AMERICAS, INC.	ATLANTA	GA	30339		TECHNICAL LEAD	15-1121	COMPUTER SYSTEMS ANALYSTS	Y	56680	Y		62000		Y	HOUSTON	TX			29.763283	-95.36327	6
2017	C	UNIVERSITY OF FLORIDA	GAINESVILLE	FL	32611-5002		DATA MANAGEMENT ANALYST II	15-2041	STATISTICIANS	Y	51896	Y		73080	0	Y	GAINESVILLE	FL	N	N	29.651634	-82.32483	6
2011	C	WAVSYS LLC	BROOKLYN	NY	11211		RNC ENGINEER	17-2071.00	ELECTRICAL ENGINEERS	Y	33.43	H		36		H	MOBILE	AL			30.694357	-88.04305	6
2012	C	INFOSYS LIMITED	PLANO	TX	75024		PROGRAMMER	15-1131	COMPUTER PROGRAMMERS	Y	49650	Y		60000	61728	Y	KANSAS CITY	MO			39.099728	-94.57857	6
2013	C	IAC SEARCH & MEDIA, INC.	OAKLAND	CA	94607		SEM CONSUMER TRENDS ANALYST	15-2031	OPERATIONS RESEARCH ANALYSTS	Y	59925	Y		59925	118650	Y	OAKLAND	CA			37.80437	-122.270805	6
2014	C	MICDI PRODUCTIONS, INC.	BURBANK	CA	91506		ELECTRONIC DESIGN AND SYSTEMS OPERATIONS SPECIALIS	27-2041	MUSIC DIRECTORS AND COMPOSERS	Y	17.74	H		17.75		H	BURBANK	CA			34.18084	-118.30897	6
2015	C	GOOGLE INC.	MOUNTAIN VIEW	CA	94043	USA	SOFTWARE ENGINEER IN TEST	15-1132	SOFTWARE DEVELOPERS, APPLICATIONS	Y	99716	Y		115000		Y	MOUNTAIN VIEW	CA	N	N	37.38605	-122.083855	7
2013	C	T-MOBILE USA, INC.	BELLEVUE	WA	98006		SENIOR CONSULTANT, HUMAN RESOURCE ANALYTICS	15-2031	OPERATIONS RESEARCH ANALYSTS	Y	87838	Y		87838	97500	Y	BELLEVUE	WA			47.61038	-122.200676	6
2011	C	YALE NEW HAVEN HOSPITAL	NEW HAVEN	CT	6504		RESIDENT PHYSICIAN	29-1069.99	PHYSICIANS AND SURGEONS, ALL OTHER	Y	60283	Y		65100		Y	NEW HAVEN	CT			41.30815	-72.928154	6
2016	C	BLUECROSS AND BLUESHIELD ASSOCIATION	CHICAGO	IL	60601	USA	TECHNICAL SOLUTIONS LEAD	15-1132	SOFTWARE DEVELOPERS, APPLICATIONS		111218	Y		111218	127000	Y	CHICAGO	IL	N	N	41.850033	-87.650055	6
2017	C	EXILANT TECHNOLOGIES PRIVATE LIMITED	CUPERTINO	CA	95014	USA	SYSTEMS ANALYST II	15-1121	COMPUTER SYSTEMS ANALYSTS	Y	94619	Y	Level II	96954	0	Y	SUNNYVALE	CA	Y	N	37.36883	-122.03635	6
2014	C	ICONNECT LC	STERLING	VA	20190		PROGRAMMER ANALYST	15-1131	COMPUTER PROGRAMMERS	Y	51459	Y		68000		Y	STAMFORD	CT			41.05343	-73.538734	6
2012	C	GOOGLE INC.	MOUNTAIN VIEW	CA	94043		SOFTWARE ENGINEER	15-1132	SOFTWARE DEVELOPERS, APPLICATIONS	Y	82930	Y		96400		Y	MOUNTAIN VIEW	CA			37.38605	-122.083855	6
2014	C	NEXT JUMP, INC.	NEW YORK	NY	10016		DATABASE ADMINISTRATOR	15-1141	DATABASE ADMINISTRATORS	Y	74443	Y		88400		Y	NEW YORK	NY			40.761494	-73.98143	6
2017	C	DATABLOOM LLC	ROUND ROCK	TX	78681	USA	SOFTWARE DEVELOPER APPLICATIONS	15-1132	SOFTWARE DEVELOPERS, APPLICATIONS	N	36.67	H	Level II	36.7	0	H	AUSTIN	TX	N	N	30.267153	-97.74306	6
2013	C	A9.COM, INC.	PALO ALTO	CA	94301		SOFTWARE DEVELOPMENT ENGINEER I	15-1132	SOFTWARE DEVELOPERS, APPLICATIONS	Y	84802	Y		112000		Y	PALO ALTO	CA			37.441883	-122.14302	6
2011	D	SG AMERICAS SECURITIES, LLC	NEW YORK	NY	10020		TRADING ANALYST	13-2051	FINANCIAL ANALYSTS	Y	88213	Y		90000		Y	NEW YORK	NY			40.761494	-73.98143	5
2017	C	CONNVERTEX TECHNOLOGIES INC.	SOUTH JORDAN	UT	84095	USA	SECURITY ANALYST	15-1122	INFORMATION SECURITY ANALYSTS	Y	63170	Y	Level II	64000	0	Y	COLUMBIA	SC	Y	N	34.00071	-81.03481	6
2013	C	CHICAGO HOME HEALTHCARE, S.C.	CHICAGO	IL	60607		REGISTERED NURSE	29-1111	REGISTERED NURSES	Y	53456	Y		57583		Y	CHICAGO	IL			41.850033	-87.650055	6
2017	C	LABORATORY CORPORATION OF AMERICA HOLDINGS	BURLINGTON	NC	27215	USA	SENIOR QA ANALYST/SOFTWARE	15-1121	COMPUTER SYSTEMS ANALYSTS	Y	104458	Y	Level IV	104458	124467.2	Y	WESTBOROUGH	MA	N	N	42.26954	-71.61618	6
2013	C	ARISTA NETWORKS, INC.	SANTA CLARA	CA	95054		SOFTWARE ENGINEER	15-1133	SOFTWARE DEVELOPERS, SYSTEMS SOFTWARE	Y	94522	Y		100000		Y	SANTA CLARA	CA			37.354107	-121.95524	4
2017	C	OVERSTOCK.COM, INC.	MIDVALE	UT	84047	USA	WEBLOGIC ENGINEER	15-1132	SOFTWARE DEVELOPERS, APPLICATIONS	Y	96470	Y	Level III	124500	0	Y	MIDVALE	UT	N	N	40.611057	-111.89993	6
2015	C	EBIX INC	ATLANTA	GA	30328	USA	SYSTEM INTEGRATION ARCHITECT	15-1131	COMPUTER PROGRAMMERS	Y	55370	Y	Level I	96000		Y	ATLANTA	GA	N	N	33.748997	-84.387985	6
2015	C	STAPLES, INC.	FRAMINGHAM	MA	1702	USA	PROJECT MANAGER	13-1081	LOGISTICIANS	Y	88899	Y	Level III	102000		Y	FRAMINGHAM	MA	N	N	42.279263	-71.41617	6
2014	C	ERNST & YOUNG U.S. LLP	SECAUCUS	NJ	7094		ADVISORY SENIOR	13-1111	MANAGEMENT ANALYSTS	Y	82638	Y		100000		Y	NEW YORK	NY			40.761494	-73.98143	6
2013	C	AMERICAN CADASTRE LLC	HERNDON	VA	20171		SOFTWARE ARCHITECT I	15-1132	SOFTWARE DEVELOPERS, APPLICATIONS	Y	70491	Y		82000	93000	Y	HERNDON	VA			38.969555	-77.3861	6
2011	C	CONTEMPO INC.-USA	LOS ANGELES	CA	90061		STRATEGIC MANAGEMENT ANALYST	13-1111.00	MANAGEMENT ANALYSTS	N	24.67	H		25		H	LOS ANGELES	CA			34.052235	-118.24368	4
2015	C	ZENMONICS, INC.	CHARLOTTE	NC	28262	USA	SOFTWARE DEVELOPER	15-1132	SOFTWARE DEVELOPERS, APPLICATIONS	Y	74776	Y	Level II	76959.72		Y	CHARLOTTE	NC	Y	N	35.227085	-80.843124	7
2017	C	INFOSYS LIMITED	PLANO	TX	75024	USA	SENIOR PROJECT MANAGER - US - PRACTITIONER	15-1199	INFORMATION TECHNOLOGY PROJECT MANAGERS	Y	99840	Y	Level IV	99840	0	Y	TAMPA	FL	Y	N	27.947521	-82.45843	7
2016	C	GENOME INTERNATIONAL CORPORATION	MADISON	WI	53717	USA	PROGRAMMER/ANALYST	15-1131	COMPUTER PROGRAMMERS		66518	Y		66600	0	Y	SAN FRANCISCO	CA	Y	N	37.77493	-122.41942	7
2012	C	CH2M HILL, INC.	ENGLEWOOD	CO	80112		GEOTECHNICAL ENGINEER 1	17-2051	CIVIL ENGINEERS	Y	54891	Y		57000		Y	WAUKESHA	WI			43.011677	-88.23148	7
2014	W	BHARGAV COMPUTER CONSULTANTS USA-MA, INC	NORWOOD	MA	2062		SOFTWARE ENGINEER	15-1132	SOFTWARE DEVELOPERS, APPLICATIONS	Y	57949	Y		69000		Y	DULUTH	GA			34.00288	-84.14464	6
2013	C	BANK OF AMERICA N.A.	PENNINGTON	NJ	8534		AVP; CONSULTANT BUSINESS TECH INTG	15-1132	SOFTWARE DEVELOPERS, APPLICATIONS	Y	85363	Y		85363	105000	Y	SIMI VALLEY	CA			34.269447	-118.78148	6
2014	C	WIPRO LIMITED	EAST BRUNSWICK	NJ	8816		PROGRAMMER ANALYST LEVEL 1	15-1131	COMPUTER PROGRAMMERS	Y	60000	Y		60000		Y	SHELTON	CT			41.316486	-73.09316	7
2013	C	BANK OF AMERICA N.A.	PENNINGTON	NJ	8534		VP, INVESTMENT BANKING, GLOBAL INDUSTRIES GROUP	13-2051	FINANCIAL ANALYSTS	Y	142438	Y		165000	185000	Y	NEW YORK	NY			40.761494	-73.98143	7
2015	C	COGNIZANT TECHNOLOGY SOLUTIONS U.S. CORPORATION	COLLEGE STATION	TX	77845	USA	SENIOR BUSINESS ANALYST JC60	15-1121	COMPUTER SYSTEMS ANALYSTS	Y	70637	Y	Level II	70637		Y	RANCHO CORDOVA	CA	Y	N	38.589073	-121.30273	6
2013	C	SATYAM COMPUTER SERVICES LTD	PARSIPPANY	NJ	7054		COMPUTER PROGRAMMER	15-1131	COMPUTER PROGRAMMERS	Y	71011	Y		71011		Y	STAMFORD	CT			41.05343	-73.538734	6
2013	C	MARVELL SEMICONDUCTOR, INC.	SANTA CLARA	CA	95054		ENGINEER, DESIGN VERIFICATION TEST	17-2071	ELECTRICAL ENGINEERS	Y	67900	Y		68000	85000	Y	SANTA CLARA	CA			37.354107	-121.95524	6
2014	C	INFOSYS LIMITED	PLANO	TX	75024		SYSTEMS ENGINEER - US	15-1131	COMPUTER PROGRAMMERS	Y	50211	Y		62588		Y	NORTHFIELD	IL			42.09975	-87.7809	8
2011	C	UST GLOBAL INC.	ALISO VIEJO	CA	92656		SYSTEMS ANALYST/PROJECT MANAGER	15-1121	COMPUTER SYSTEMS ANALYSTS	Y	58906	Y		59363		Y	MONTVALE	NJ			41.046764	-74.02292	4
2012	C	NESTLE USA, INC.	GLENDALE	CA	91203		ANALYST SUPPLY CHAIN BUSINESS	15-2031	OPERATIONS RESEARCH ANALYSTS	Y	55099	Y		85000	111000	Y	GLENDALE	CA			34.14251	-118.25507	4
2015	C	INFOSYS LIMITED	PLANO	TX	75024	USA	LEAD CONSULTANT - US	15-1121	COMPUTER SYSTEMS ANALYSTS	Y	80350	Y	Level III	104789		Y	BOLINGBROOK	IL	Y	N	41.698643	-88.0684	6
2016	C	DATA AIXSYS INC	TAPPAN	NY	10983	USA	SYSTEMS ADMINISTRATOR	15-1142	NETWORK AND COMPUTER SYSTEMS ADMINISTRATORS		60112	Y		60112	0	Y	TAPPAN	NY	Y	N	41.02204	-73.94736	6
2013	C	ACCENTURE LLP	CHICAGO	IL	60601		COMPUTER SPECIALIST / SYSTEM SUPPORT AND DEVELOPME	15-1799	COMPUTER OCCUPATIONS, ALL OTHER	Y	65645	Y		65700		Y	MEMPHIS	TN			35.149536	-90.04898	7
2011	C	TWITTER, INC.	SAN FRANCISCO	CA	94107		SOFTWARE ENGINEER	15-1032.00	COMPUTER SOFTWARE ENGINEERS, SYSTEMS SOFTWARE	Y	97178	Y		97178	114150	Y	SAN FRANCISCO	CA			37.77493	-122.41942	6
2012	C	MERRILL LYNCH	PENNINGTON	NJ	8534		TECH ASSOCIATE	15-1121	COMPUTER SYSTEMS ANALYSTS	Y	51979	Y		75000	95000	Y	HOUSTON	TX			29.763283	-95.36327	4
2011	C	CUBIC TRANSPORTATION SYSTEMS, INC.	SAN DIEGO	CA	92111		SOFTWARE ENGINEER	15-1031.00	COMPUTER SOFTWARE ENGINEERS, APPLICATIONS	Y	77418	Y		85000		Y	SAN DIEGO	CA			32.71533	-117.15726	6
2016	C	CHINA MERCHANTS BANK CO., LTD.	NEW YORK	NY	10022	USA	INVESTMENT RESEARCH ANALYST	13-2051	FINANCIAL ANALYSTS		65187	Y		77250	0	Y	NEW YORK	NY	N	N	40.761494	-73.98143	4
2015	C	MPHASIS CORPORATION	NEW YORK	NY	10016	USA	SYSTEMS ANALYST	15-1121	COMPUTER SYSTEMS ANALYSTS	Y	54933	Y	Level I	60000	60001	Y	MIRAMAR	FL	Y	N	25.987314	-80.23227	6
2017	C	NETRA TECHNOLOGIES, INC.	NAPERVILLE	IL	60563	USA	DATABASE ADMINISTRATOR	15-1141	DATABASE ADMINISTRATORS	Y	89544	Y	Level II	89544	100000	Y	NEWARK	NJ	N	N	40.735657	-74.17236	6
2014	C	INFOTECH PRISM LLC	ALPHARETTA	GA	30009		SYSTEMS ANALYST	15-1121	COMPUTER SYSTEMS ANALYSTS	Y	61776	Y		72500		Y	ALPHARETTA	GA			34.075375	-84.29409	6
2015	C	IBM INDIA PRIVATE LIMITED	DURHAM	NC	27709	USA	PACKAGE SOLUTION CONSULTANT	15-1131	COMPUTER PROGRAMMERS	Y	55661	Y	Level II	74825		Y	MENOMONEE FALLS	WI	N	N	43.178898	-88.11731	6
2016	C	KATALYST TECHNOLOGIES INC	EVANSTON	IL	60201	USA	PROGRAMMER ANALYST	15-1132	SOFTWARE DEVELOPERS, APPLICATIONS		50856	Y		72100	0	Y	EVANSTON	IL	Y	N	42.04114	-87.690056	4
2012	C	WAL-MART ASSOCIATES, INC.	BENTONVILLE	AR	72716-0390		PHARMACY MANAGER	29-1051	PHARMACISTS	Y	114629	Y		125441.16		Y	DURHAM	NC			35.994034	-78.89862	6
2015	C	AIRWATCH, LLC	ATLANTA	GA	30338	USA	SENIOR SOFTWARE ENGINEER	15-1132	SOFTWARE DEVELOPERS, APPLICATIONS	Y	104437	Y	Level IV	104437		Y	ATLANTA	GA	N	N	33.748997	-84.387985	6
2012	C	WIPRO LIMITED	EAST BRUNSWICK	NJ	8816		PROGRAM MANAGER	15-1131	COMPUTER PROGRAMMERS	Y	85093	Y		85093	106000	Y	FARMINGTON HILLS	MI			42.485313	-83.37715	6
2017	C	ACCENTURE LLP	CHICAGO	IL	60601	USA	INFORMATION TECHNOLOGY PROJECT MANAGER 3	15-1199	COMPUTER OCCUPATIONS, ALL OTHER	Y	86902	Y	Level III	91000	0	Y	ATLANTA	GA	N	N	33.748997	-84.387985	6
2012	C	ADMARVEL, INC.	SAN MATEO	CA	94402		CONSUMER MOBILE PROJECT MANAGER	15-1799	COMPUTER OCCUPATIONS, ALL OTHER*	Y	57470	Y		60000		Y	SAN MATEO	CA			37.562992	-122.32552	6
2017	C	MTH, LLC	MILWAUKEE	WI	53205	USA	PHARMACIST	29-1051	PHARMACISTS	Y	97843	Y	Level I	98000	0	Y	MILWAUKEE	WI	N	N	43.038902	-87.90647	6
2013	C	SEAGATE US LLC	CUPERTINO	CA	95014		STAFF PROGRAM/PROJECT MANAGER	15-1132	SOFTWARE DEVELOPERS, APPLICATIONS	Y	115024	Y		115107.2		Y	SCOTTS VALLEY	CA			37.05106	-122.01469	6
2014	D	CARLOS SANTOS MD,PA	NORTH MIAMI BEACH	FL	33162		MEDICAL AND HEALTH SERVICES MANAGER	Nov-11	MEDICAL AND HEALTH SERVICES MANAGERS	Y	62000	Y		62000	65000	Y	NORTH MIAMI BEACH	FL			25.93315	-80.162544	7
2014	C	GCOM SOFTWARE, INC.	ALBANY	NY	12203		SOFTWARE DEVELOPERS, APPLICATIONS	15-1132	SOFTWARE DEVELOPERS, APPLICATIONS	Y	89378	Y		105000		Y	NEW YORK	NY			40.761494	-73.98143	7
2016	C	NRG ENERGY, INC.	PRINCETON	NJ	8540	USA	LEAD MARKET PLANNING ANALYST	13-2051	FINANCIAL ANALYSTS		84053	Y		112200	0	Y	PRINCETON	NJ	N	N	40.348717	-74.65905	7
2011	C	USDA, AGRICULTURAL RESEARCH SERVICE	MIAMI	FL	33158		RESEARCH GENETICIST PLANTS	19-1010.00	AGRICULTURAL AND FOOD SCIENTISTS	Y	51688	Y		64791		Y	MIAMI	FL			25.774265	-80.19366	6
2012	C	NETLOGIC SOLUTIONS, INC.	SANTA CLARA	CA	95054		COMPUTER SYSTEMS ANALYST	15-1121	COMPUTER SYSTEMS ANALYSTS	Y	61963	Y		62000		Y	SANTA CLARA	CA			37.354107	-121.95524	4
2013	C	IBM INDIA PRIVATE LIMITED	RTP	NC	27709		SENIOR SYSTEM ENGINEER	15-1121	COMPUTER SYSTEMS ANALYSTS	Y	73195	Y		74480		Y	CHARLOTTE	NC			35.227085	-80.843124	6
2016	C	TELEDATA COMMUNICATIONS, INC.	ISLANDIA	NY	11749	USA	SOFTWARE ENGINEER	15-1132	SOFTWARE DEVELOPERS, APPLICATIONS		72384	Y		80000	0	Y	ISLANDIA	NY	N	N	40.804264	-73.169	6
2016	C	INFOSYS LIMITED	PLANO	TX	75024	USA	PRODUCTION SUPPORT ANALYST - US	15-1121	COMPUTER SYSTEMS ANALYST		63398	Y		71862	0	Y	CHARLOTTE	NC	Y	N	35.227085	-80.843124	4
2016	C	SALESFORCE.COM, INC.	SAN FRANCISCO	CA	94105	USA	PRINCIPAL MEMBER OF TECHNICAL STAFF	15-1141	DATABASE ADMINISTRATORS		128939	Y		128939	0	Y	SAN FRANCISCO	CA	N	N	37.77493	-122.41942	6
2014	C	BDO USA, LLP	CHICAGO	IL	60601		ASSURANCE SENIOR ASSOCIATE	13-2011	ACCOUNTANTS AND AUDITORS	Y	60237	Y		105735		Y	COLUMBIA	MD			39.240383	-76.83942	6
2013	C	SCM DATA, INC	JERSEY CITY	NJ	7302		BUSINESS ANALYST	15-1121	COMPUTER SYSTEMS ANALYSTS	Y	60341	Y		61000		Y	BERKELEY HEIGHTS	NJ			40.683434	-74.44265	6
2014	C	RELIABLE SOFTWARE RESOURCES, INC.	NORTHVILLE	MI	48167		PROGRAMMER ANALYST	15-1121	COMPUTER SYSTEMS ANALYSTS	Y	67621	Y		68000		Y	HERNDON	VA			38.969555	-77.3861	6
2016	C	IMS HEALTH, INC.	PLYMOUTH MEETING	PA	19462	USA	CONSULTANT, FORECASTING	13-1161	MARKET RESEARCH ANALYSTS AND MARKETING SPECIALISTS		57970	Y		80000	132700	Y	PLYMOUTH MEETING	PA	N	N	40.102333	-75.274345	6
2012	W	FORZA SILICON CORPORATION	PASADENA	CA	91107		SR. SOFTWARE ARCHITECT	15-1132	SOFTWARE DEVELOPERS, APPLICATIONS	Y	94182	Y		100000		Y	PASADENA	CA			34.147785	-118.144516	4
2012	D	GENKI SUSHI USA, INC.	HONOLULU	HI	96813		ACCOUNTANT	13-2011	ACCOUNTANTS AND AUDITORS	N	19.56	H		19.56		H	HONOLULU	HI			21.306944	-157.85834	6
2016	C	INFOSYS LIMITED	PLANO	TX	75024	USA	TECHNOLOGY LEAD - ENGINEERING - US	15-1131	COMPUTER PROGRAMMER		59114	Y		78199	0	Y	PLYMOUTH	MI	Y	N	42.371426	-83.470215	6
2016	C	UNIVERSITY OF TEXAS MEDICAL BRANCH AT GALVESTON	GALVESTON	TX	77555	USA	RESEARCH ASSOCIATE	19-1021	BIOCHEMISTS AND BIOPHYSICISTS		27.82	H		27.82	0	H	GALVESTON	TX	N	N	29.30139	-94.797775	4
2016	C	TECH MAHINDRA (AMERICAS),INC.	PLANO	TX	75093	USA	NETWORK ADMINISTRATOR	15-1142	NETWORK AND COMPUTER SYSTEMS ADMINISTRATORS		61589	Y		61589	0	Y	CLEVELAND	OH	Y	N	41.499496	-81.69541	5
2015	C	NEXAGE TECHNOLOGIES USA INC	ISELIN	NJ	8830	USA	DATABASE ADMINISTRATOR	15-1141	DATABASE ADMINISTRATORS	Y	66560	Y	Level I	67000		Y	ISELIN	NJ	Y	N	40.575382	-74.32237	6
2014	C	SUHAS AHUJA COMPUTER CONSULTING, INC	REDWOOD CITY	CA	94065		QE ANALYST	15-1132	SOFTWARE DEVELOPERS, APPLICATIONS	Y	88296	Y		89000	114400	Y	CAMBRIDGE	MA			42.375095	-71.105606	5
2014	C	UNIVERSITY OF SOUTH DAKOTA	VERMILLION	SD	57069		INSTRUCTOR OF PHYSICAL THERAPY	25-1071	HEALTH SPECIALTIES TEACHERS, POSTSECONDARY	Y	40790	Y		51000		Y	VERMILLION	SD			42.77944	-96.92921	6
2016	C	INTEGRATED RESOURCES, INC	EDISON	NJ	8817	USA	MANAGEMENT DEVELOPMENT SPECIALISTS	13-1151	TRAINING AND DEVELOPMENT SPECIALISTS		52270	Y		85000	0	Y	FRISCO	TX	Y	N	33.150673	-96.82361	7
2015	C	POLMAK, INC.	SAN JOSE	CA	95110	USA	SYSTEMS ANALYST	15-1121	COMPUTER SYSTEMS ANALYSTS	N	41.02	H	Level II	42		H	SAN JOSE	CA	N	N	37.339386	-121.89496	6
2012	C	TERADYNE INFOTECH	FARMINGTON HILLS	MI	48335		COMPUTER SYSTEMS ANALYST	15-1121	COMPUTER SYSTEMS ANALYSTS	Y	51834	Y		51834		Y	WEST DES MOINES	IA			41.577213	-93.711334	4
2015	C	ENTYTLE, INC.	MOUNTAIN VIEW	CA	94043	USA	SENIOR STAFF SOFTWARE ENGINEER	15-1132	SOFTWARE DEVELOPERS, APPLICATIONS	Y	131269	Y	Level III	135000		Y	MOUNTAIN VIEW	CA	N	N	37.38605	-122.083855	6
2017	C	SLRI SOLUTIONS, LLC	HOUSTON	TX	77036	USA	INTEGRATION LEAD  INFORMATICA	15-1132	SOFTWARE DEVELOPERS, APPLICATIONS	Y	85862	Y	Level II	86000	0	Y	HOUSTON	TX	N	N	29.763283	-95.36327	6
2016	C	QUICK FITTING, INC.	WARWICK	RI	2886	USA	BUSINESS ANALYST	13-1111	MANAGEMENT ANALYSTS		26.27	H		26.27	0	H	WARWICK	RI	N	N	41.7001	-71.41617	6
2014	C	UNIVERSITY OF NORTH CAROLINA AT CHAPEL HILL	CHAPEL HILL	NC	27599		ASSISTANT PROFESSOR	25-1071	HEALTH SPECIALTIES TEACHERS, POSTSECONDARY	Y	80260	Y		80260		Y	CHAPEL HILL	NC			35.9132	-79.05585	4
2013	C	CH2M HILL, INC.	ENGLEWOOD	CO	80112		PROCESS ENGINEER 4	17-2041	CHEMICAL ENGINEERS	Y	103147	Y		115000.08		Y	HOUSTON	TX			29.763283	-95.36327	6
2013	C	CMC AMERICAS, INC.	BATON ROUGE	LA	70816		SYSTEMS ENGINEER (15-1199.02)	15-1799	COMPUTER OCCUPATIONS, ALL OTHER	Y	39187	Y		62046		Y	HARRODSBURG	KY			37.7623	-84.843285	7
2016	C	ACCENTURE LLP	CHICAGO	IL	60601	USA	COMPUTER PROGRAMMER/CONFIGURER 1	15-1131	COMPUTER PROGRAMMERS		57179	Y		57179	0	Y	BALTIMORE	MD	N	N	39.290386	-76.61219	4
2012	C	SUNTRANS INTERNATIONAL INC	ITASCA	IL	60143		MARKET DEVELOPER	13-1161	MARKET RESEARCH ANALYSTS AND MARKETING SPECIALISTS	Y	37000	Y		41000		Y	COLLEGE PARK	GA			33.653442	-84.44937	4
2012	C	VERACITY CONSULTING, LLC	ALPHARETTA	GA	30004		PROGRAMMER ANALYST	15-1133	SOFTWARE DEVELOPERS, SYSTEMS SOFTWARE	Y	60965	Y		61000		Y	NORCROSS	GA			33.94121	-84.21353	6
2017	C	DR. ZASSO & ASSOCIATES (GARFIELD), INC	PLANO	TX	75024	USA	GENERAL DENTIST	29-1021	DENTISTS, GENERAL	Y	137176	Y	Level II	150000	0	Y	GARFIELD HEIGHTS	OH	N	N	41.416996	-81.60596	6
2017	C	DELOITTE CONSULTING LLP	PHILADELPHIA	PA	19103		CONSULTANT	15-1121	COMPUTER SYSTEMS ANALYSTS	Y	60112	Y		70000	0	Y	MASON	OH	N	N	39.360058	-84.30994	6
2017	C	CLUNE CONSTRUCTION COMPANY LP	NEW YORK	NY	10174	USA	PROJECT ENGINEER	17-2051	CIVIL ENGINEERS	Y	62171	Y	Level I	62171	0	Y	NEW YORK	NY	N	N	40.761494	-73.98143	6
2012	D	VESTA, INC	LANHAM	MD	20706		THERAPIST/ SERVICE COORDINATOR	21-1015	REHABILITATION COUNSELORS	Y	15	H		16.09		H	SILVER SPRING	MD			38.990665	-77.026085	1
2014	C	ORPINE, INC.	ALPHARETTA	GA	30009		SAS PROGRAMMER	15-1131	COMPUTER PROGRAMMERS	Y	59800	Y		60000		Y	THOUSAND OAKS	CA			34.170563	-118.83759	7
2014	C	WAL-MART ASSOCIATES, INC.	BENTONVILLE	AR	72716-0215		SOFTWARE QUALITY ENGINEER III	15-1121	COMPUTER SYSTEMS ANALYSTS	Y	79269	Y		96000		Y	SUNNYVALE	CA			37.36883	-122.03635	6
2013	C	ENTROPIC COMMUNICATIONS, INC.	SAN DIEGO	CA	92121		FIRMWARE ENGINEER STAFF	17-2071	ELECTRICAL ENGINEERS	Y	75670	Y		75670	94600	Y	AUSTIN	TX			30.267153	-97.74306	6
2011	C	3I INFOTECH, INC.	EDISON	NJ	8837		PROGRAMMER ANALYST	15-1021.00	COMPUTER PROGRAMMERS	Y	50440	Y		51000		Y	ATLANTA	GA			33.748997	-84.387985	6
2017	C	BLACK & VEATCH CORPORATION	OVERLAND PARK	KS	66211	USA	ELECTRICAL ENGINEER 3	17-2071	ELECTRICAL ENGINEERS	Y	73570	Y		73570	111694	Y	BLOOMINGTON	MN	N	N	44.840797	-93.29828	6
2017	C	SHORETEL, INC.	SUNNYVALE	CA	94085	USA	QUALITY ASSURANCE ENGINEER, LEAD	15-1199	COMPUTER OCCUPATIONS, ALL OTHER	Y	124093	Y	Level III	124093	201500	Y	SUNNYVALE	CA	N	N	37.36883	-122.03635	7
2016	C	PRICEWATERHOUSECOOPERS LLP	TAMPA	FL	33607	USA	ADVISORY ASSOCIATE	13-2011	ACCOUNTANTS AND AUDITORS		42848	Y		42848	97000	Y	CHICAGO	IL	N	N	41.850033	-87.650055	6
2014	C	ALLIANCE INFORMATION TECHNOLOGY AND COMPUTER SOFTW	SAN RAMON	CA	94583		DATABASE ADMINISTRATOR	15-1141	DATABASE ADMINISTRATORS	Y	51522	Y		52790		Y	SAN RAMON	CA			37.779926	-121.97801	6
2017	C	SCHAEFFLER GROUP USA INC.	FORT MILL	SC	29715	USA	ASSOCIATE QUALITY ENGINEER	17-2141	MECHANICAL ENGINEERS	Y	60091	Y	Level I	62500	74000	Y	CHERAW	SC	N	N	34.697655	-79.8834	6
2015	C	FREUDENBERG IT LP	MORRISVILLE	NC	27560	USA	BASIS CONSULTANT	15-1121	COMPUTER SYSTEMS ANALYSTS	Y	83741	Y	Level III	83741	90000	Y	DURHAM	NC	N	N	35.994034	-78.89862	6
2013	W	FOCUS OPTIMAL LLC	FRAMINGHAM	MA	1701		DIGITAL MARKETING  ANALYST	13-1161	MARKET RESEARCH ANALYSTS AND MARKETING SPECIALISTS	Y	49317	Y		63000	63000	Y	FRAMINGHAM	MA			42.279263	-71.41617	0
2013	C	INFOSYS LIMITED	PLANO	TX	75024		PROJECT MANAGER - US	15-1121	COMPUTER SYSTEMS ANALYSTS	Y	73362	Y		78096		Y	SALT LAKE CITY	UT			40.76078	-111.891045	6
2013	C	SOUND INPATIENT PHYSICIANS OF TEXAS 1, INC.	TACOMA	WA	98402		HOSPITALIST PHYSICIAN	29-1063	INTERNISTS, GENERAL	Y	118768	Y		196560		Y	BAYTOWN	TX			29.735504	-94.977425	9
2015	C	LINKEDIN CORPORATION	MOUNTAIN VIEW	CA	94043	USA	SOFTWARE ENGINEER	15-1132	SOFTWARE DEVELOPERS, APPLICATIONS	Y	142376	Y	Level III	142376	155000	Y	SUNNYVALE	CA	N	N	37.36883	-122.03635	4
2016	C	EBAY INC.	SAN JOSE	CA	95125	USA	ASSET MANAGEMENT 4	15-2031	OPERATIONS RESEARCH ANALYSTS		119517	Y		130000	0	Y	SAN JOSE	CA	N	N	37.339386	-121.89496	6
2016	C	BASKET AND FLOWERS, INC.	LOS ANGELES	CA	90014	USA	MARKET SEARCH ANALYST	13-1161	MARKET RESEARCH ANALYSTS AND MARKETING SPECIALISTS		18.92	H		24.75	0	H	LOS ANGELES	CA	N	N	34.052235	-118.24368	6
2013	C	FIDELITY TECHNOLOGY GROUP LLC	MERRIMACK	NH	3054		SENIOR SOFTWARE ENGINEER	15-1132	SOFTWARE DEVELOPERS, APPLICATIONS	Y	76773	Y		76773	91166	Y	WESTLAKE	TX			32.991234	-97.195015	4
2013	D	CUMMINS EMISSION SOLUTIONS INC.	NASHVILLE	TN	37214		APPLICATION OEM INTEGRATION ENGINEER	17-2141	MECHANICAL ENGINEERS	Y	64438	Y		67000	82400	Y	COLUMBUS	IN			39.20144	-85.92138	6
2016	C	ZEYOSPACE INC	COPPELL	TX	75019	USA	PROGRAMMER ANALYST	15-1132	SOFTWARE DEVELOPERS, APPLICATIONS		65042	Y		70000	0	Y	COPPELL	TX	N	N	32.954567	-97.01501	6
2011	W	VITAMIN SHOPPE INDUSTRIES INC.	NORTH BERGEN	NJ	7047		CUSTOMER RELATIONSHIP MARKETING ANALYST	15-2031.00	OPERATIONS RESEARCH ANALYSTS	Y	56942	Y		56942		Y	NORTH BERGEN	NJ			40.804268	-74.012085	0
2011	C	DELOITTE CONSULTING LLP	PHILADELPHIA	PA	19103		CONSULTANT	13-1111.00	MANAGEMENT ANALYSTS	Y	52229	Y		80000		Y	NORCROSS	GA			33.94121	-84.21353	6
2016	C	CAPITAL HOME CARE LLC	FAIRFAX	VA	22031	USA	SALES AND MARKETING VICE PRESIDENT	Nov-22	SALES MANAGERS		35.24	H		35.5	0	H	FAIRFAX	VA	N	N	38.846222	-77.30637	4
2012	C	ENTERNET BUSINESS SYSTEMS, INC	MORGANVILLE	NJ	7751		COMPUTER SYSTEMS ANALYST	15-1121	COMPUTER SYSTEMS ANALYSTS	Y	56347	Y		62000		Y	CRANSTON	RI			41.779823	-71.43728	4
2016	C	SOFTRAMS LLC	LEESBURG	VA	20176	USA	PROGRAMMER ANALYST	15-1131	COMPUTER PROGRAMMERS		60549	Y		61000	0	Y	LEESBURG	VA	Y	N	39.11566	-77.5636	4
2011	C	ITS, INC.	JOHNSTON	IA	50131		PROGRAMMER/ANALYST II (C++/JAVA)	15-1051.00	COMPUTER SYSTEMS ANALYSTS	Y	60424	Y		65538		Y	JOHNSTON	IA			41.673042	-93.69772	4
2013	C	APPLE INC.	CUPERTINO	CA	95014		SW DEVELOP MGR	15-1142	NETWORK AND COMPUTER SYSTEMS ADMINISTRATORS	Y	113048	Y		162000	182000	Y	CUPERTINO	CA			37.322998	-122.03218	6
2012	C	IBM INDIA PRIVATE LIMITED	RTP	NC	27709		SAP SCM CONSULTANT	15-1121	COMPUTER SYSTEMS ANALYSTS	Y	70866	Y		75436	75436	Y	HERCULES	CA			38.017143	-122.28858	4
2014	C	KPIT INFOSYSTEMS, INC.	ISELIN	NJ	8830		FUNCTIONAL CONSULTANT (ORACLE)	15-1132	SOFTWARE DEVELOPERS, APPLICATIONS	Y	60403	Y		63292		Y	ISELIN	NJ			40.575382	-74.32237	9
2015	C	IMS HEALTH INCORPORATED	PLYMOUTH MEETING	PA	19462	USA	SENIOR CONSULTANT	13-1111	MANAGEMENT ANALYSTS	Y	77688	Y	Level II	95000		Y	PLYMOUTH MEETING	PA	N	N	40.102333	-75.274345	6
2016	C	EXCELA SOLUTIONS INC	FREMONT	CA	94538	USA	PROGRAMMER ANALYST	15-1131	COMPUTER PROGRAMMERS		54059	Y		60000	0	Y	FREMONT	CA	N	N	37.54827	-121.98857	4
2011	D	APLICOR, LLC	BOCA RATON	FL	33432		PROFESSIONAL SERVICES - SENIOR CONSULTANT	15-1051.00	COMPUTER SYSTEMS ANALYSTS	Y	86674	Y		86674	114000	Y	BOCA RATON	FL			26.358688	-80.0831	6
2013	C	DELOITTE CONSULTING LLP	PHILADELPHIA	PA	19103		MANAGER	15-1133	SOFTWARE DEVELOPERS, SYSTEMS SOFTWARE	Y	96949	Y		141000		Y	GOLDEN	CO			39.755543	-105.2211	4
2013	C	GLEN SHIRE NURSING AND REHABILITATION CENTER, LTD.	SKOKIE	IL	60077		STAFF TRAINING AND DEVELOPMENT MANAGER	Nov-31	TRAINING AND DEVELOPMENT MANAGERS	Y	24.47	H		25		H	RICHTON PARK	IL			41.484478	-87.70338	6
2013	C	DELOITTE CONSULTING LLP	PHILADELPHIA	PA	19103		SENIOR CONSULTANT	15-1121	COMPUTER SYSTEMS ANALYSTS	Y	66746	Y		83637		Y	DAYTON	OH			39.75895	-84.191605	6
2012	C	VISUAL REVENUE, INC.	NEW YORK	NY	10005		SOFTWARE ENGINEER	17-2199	ENGINEERS, ALL OTHER	Y	51833.6	Y		57000		Y	NEW YORK	NY			40.761494	-73.98143	6
2016	C	INFOSYS LIMITED	PLANO	TX	75024	USA	TECHNOLOGY ANALYST - US	15-1121	COMPUTER SYSTEMS ANALYST		69805	Y		90000	0	Y	SUNNYVALE	CA	Y	N	37.36883	-122.03635	4
2014	C	TATA CONSULTANCY SERVICES LIMITED	ROCKVILLE	MD	20850		COMPUTER SYSTEM ENGINEER/ARCHITECT	15-1199	COMPUTER OCCUPATIONS, ALL OTHER	Y	60507	Y		63700		Y	MORRISVILLE	NC			35.823483	-78.82556	8
2012	C	QUADRATIC SYSTEMS, INC.	SCHAUMBURG	IL	60173		SOFTWARE ENGINEER	15-1132	SOFTWARE DEVELOPERS, APPLICATIONS	Y	80974	Y		80974	100974	Y	CHICAGO	IL			41.850033	-87.650055	4
2016	C	PUGNA TECHNOLOGIES	AMES	IA	50010	USA	IT PROJECT MANAGER	15-1199	COMPUTER OCCUPATIONS, ALL OTHER		61651	Y		70000	0	Y	AMES	IA	N	N	42.03471	-93.61994	4
2017	C	MINDTREE LIMITED	WARREN	NJ	7059	USA	TECHNICAL MANGER	15-1121	COMPUTER SYSTEMS ANALYSTS	Y	78832	Y	Level II	78832	0	Y	CHARLOTTE	NC	Y	N	35.227085	-80.843124	6
2017	C	PARBEL OF FLORIDA, INC	MIAMI	FL	33126	USA	HUMAN RESOURCES ADVISER	13-1071	HUMAN RESOURCES SPECIALISTS	Y	70034	Y	Level IV	76500	0	Y	MIAMI	FL	N	N	25.774265	-80.19366	6
2011	D	CHOICES COUNSELING SERVICES, P.C.	VALPARAISO	IN	46383		MENTAL HEALTH THERAPIST	21-1014.00	MENTAL HEALTH COUNSELORS	Y	14.7	H		20		H	VALPARAISO	IN			41.473095	-87.06114	4
2012	C	ARCON CORPORATION	WALTHAM	MA	2451		STAFF ENGINEER	15-1132	SOFTWARE DEVELOPERS, APPLICATIONS	Y	70034	Y		72504		Y	WALTHAM	MA			42.376484	-71.23561	7
2017	C	BANK OF THE WEST	SAN RAMON	CA	94583	USA	DATA ANALYTICS ANALYST	13-2051	FINANCIAL ANALYSTS	Y	126464	Y	Level IV	140000	0	Y	SAN RAMON	CA	N	N	37.779926	-121.97801	7
2016	C	CHINESE INFORMATION AND SERVICE CENTER	SEATTLE	WA	98104	USA	CASE MANAGER - ELDERLY HEALTH SERVICES	21-1029	SOCIAL WORKERS, ALL OTHER		18.19	H		18.19	20	H	SEATTLE	WA	N	N	47.60621	-122.33207	4
2015	C	CYRET TECHNOLOGIES INC.	MANNAS	VA	20109	USA	SYSTEMS ANALYST	15-1121	COMPUTER SYSTEMS ANALYSTS	Y	67621	Y	Level I	72000		Y	MANASSAS	VA	N	N	38.75095	-77.475266	6
2013	C	TIBCO SOFTWARE, INC.	PALO ALTO	CA	94304		SENIOR CONSULTANT (SOFTWARE ENGINEER)	15-1132	SOFTWARE DEVELOPERS, APPLICATIONS	Y	71448	Y		115700		Y	ATLANTA	GA			33.748997	-84.387985	6
2012	C	CAVALIER IT INC.	JERSEY CITY	NJ	7302		PROGRAMMER ANALYST	15-1131	COMPUTER PROGRAMMERS	Y	50669	Y		60000		Y	OLYMPIA	WA			47.037872	-122.900696	6
2016	C	BULGARI CORPORATION OF AMERICA	NEW YORK	NY	10022	USA	FINANCIAL ANALYST	13-2051	FINANCIAL ANALYSTS		94640	Y		100000	120000	Y	NEW YORK	NY	N	N	40.761494	-73.98143	6
2017	W	JIREH SOLUTIONS LLC	ALPHARETTA	GA	30009	USA	PROGRAMMER ANALYST	15-1132	SOFTWARE DEVELOPERS, APPLICATIONS	Y	70304	Y	Level II	70500	0	Y	FARMINGTON HILLS	MI	Y	N	42.485313	-83.37715	4
2012	C	ABINGTON MEMORIAL HOSPITAL	ABINGTON	PA	19001		UPPER YEAR RESIDENT (PGY 2-3), INTERNAL MEDICINE	29-1063	INTERNISTS, GENERAL	Y	50831	Y		50831	54250	Y	ABINGTON	PA			40.120667	-75.11795	4
2013	C	BRIGHT DENTAL AT MERIDEN, PC	MERIDEN	CT	6450		GENERAL DENTIST	29-1021	DENTISTS, GENERAL	Y	90355	Y		90355		Y	MERIDEN	CT			41.538155	-72.807045	10
2017	W	TELEDATA COMMUNICATIONS, INC.	ISLANDIA	NY	11749	USA	SOFTWARE DEVELOPER	15-1132	SOFTWARE DEVELOPERS, APPLICATIONS	Y	71386	Y	Level I	72000	0	Y	ISLANDIA	NY	N	N	40.804264	-73.169	0
2013	W	SLK AMERICA INC	CINCINNATI	OH	45202		BUSINESS ANALYST	15-1132	SOFTWARE DEVELOPERS, APPLICATIONS	Y	81661	Y		97485		Y	BUFFALO	NY			42.886448	-78.87837	0
2016	C	YAHOO! INC.	SUNNYVALE	CA	94089	USA	ASSOCIATE PROGRAM - PRODUCT MANAGER III	15-1121	COMPUTER SYSTEMS ANALYSTS		108493	Y		108493	139400	Y	SUNNYVALE	CA	N	N	37.36883	-122.03635	6
2017	C	TRUSTEK INC.	PRINCETON	NJ	8540		SOFTWARE ENGINEER	15-1132	SOFTWARE DEVELOPERS, APPLICATIONS	Y	85925	Y		95000	0	Y	SAN DIEGO	CA	Y	N	32.71533	-117.15726	6
2013	C	IBM CORPORATION	RTP	NC	27709		SENIOR CONSULTANT	13-1111.00	MANAGEMENT ANALYSTS	Y	78083	Y		100000		Y	PISCATAWAY	NJ			40.49927	-74.39904	4
2016	C	AL JANNATH, INC	HOUSTON	TX	77036	USA	ADVERTISING/PROMOTIONS/SALES MANAGER	Nov-11	ADVERTISING AND PROMOTIONS MANAGERS		44158	Y		44158	0	Y	HOUSTON	TX	N	N	29.763283	-95.36327	6
2016	C	HEXAWARE TECHNOLOGIES, INC.	ISELIN	NJ	8830	USA	COMPUTER PROGRAMMER	15-1131	COMPUTER PROGRAMMERS		56285	Y		60000	0	Y	EAGAN	MN	Y	N	44.80413	-93.166885	4
2013	W	DELIV, INC.	PALO ALTO	CA	94301		SOFTWARE ENGINEER	15-1132	SOFTWARE DEVELOPERS, APPLICATIONS	Y	100984	Y		110000		Y	PALO ALTO	CA			37.441883	-122.14302	2
2017	W	EMBTEL, INC.	FREMONT	CA	94538		TECHNICAL ANALYST	13-1111	MANAGEMENT ANALYSTS	Y	56118	Y		56118	0	Y	CHARLOTTE	NC	Y	N	35.227085	-80.843124	1
2016	C	IU HEALTH CARE ASSOCIATES	INDIANAPOLIS	IN	46202	USA	ASSISTANT PROFESSOR	29-1069	PHYSICIANS AND SURGEONS, ALL OTHER		56.25	H		91.34	0	H	INDIANAPOLIS	IN	N	N	39.768375	-86.15804	4
2017	C	FLEXERA GLOBAL, INC.	SUGAR LAND	TX	77478	USA	SOFTWARE ENGINEER	15-1132	SOFTWARE DEVELOPERS, APPLICATIONS	Y	69472	Y	Level I	81000	0	Y	SUGAR LAND	TX	Y	N	29.619678	-95.63495	6
2014	C	EXECUTIVE FINANCIAL ENTERPRISES INC	HOLLYWOOD	CA	90028		TRAINING AND STAFF DEVELOPMENT SPECIALIST	13-1151	TRAINING AND DEVELOPMENT SPECIALISTS	Y	38230	Y		38230		Y	HOLLYWOOD	CA			34.0984	-118.326645	10
2013	C	TD SECURITIES (USA) LLC	NEW YORK	NY	10019		TRADING ASSISTANT US RATES	13-2051	FINANCIAL ANALYSTS	Y	63898	Y		90000		Y	NEW YORK	NY			40.761494	-73.98143	6
2014	C	FACEBOOK, INC.	MENLO PARK	CA	94025		SOFTWARE ENGINEER	15-1132	SOFTWARE DEVELOPERS, APPLICATIONS	Y	100920	Y		120000		Y	MENLO PARK	CA			37.453827	-122.18219	4
2013	C	TABCOTECH ENTERPRISES, INC.	CALSTADT	NJ	7072		FINANCIAL ANALYST	13-2051	FINANCIAL ANALYSTS	N	30.72	H		35	35	H	CARLSTADT	NJ			40.840378	-74.0907	4
2012	C	THE TRIZETTO GROUP, INC.	GREENWOOD VILLAGE	CO	80111		CONSULTANT I	15-1121	COMPUTER SYSTEMS ANALYSTS	Y	57200	Y		57200	77200	Y	GREENWOOD VILLAGE	CO			39.61721	-104.95081	6
2014	C	INFOSYS LIMITED	PLANO	TX	75024		TECHNOLOGY ANALYST - US	15-1121	COMPUTER SYSTEMS ANALYSTS	Y	66373	Y		68901		Y	HARTFORD	CT			41.76371	-72.6851	7
2016	C	BROADWAY ADVANCE LLC	NEW YORK	NY	10006	USA	CREDIT RISK ANALYST	13-2041	CREDIT ANALYSTS		30.98	H		31	0	H	NEW YORK	NY	N	N	40.761494	-73.98143	6
2012	C	INFOVITY, INC.	FOSTER CITY	CA	94404		PROGRAMMER ANALYST	15-1131	COMPUTER PROGRAMMERS	Y	65541	Y		95000		Y	SAN FRANCISCO	CA			37.77493	-122.41942	6
2013	C	IBM CORPORATION	RTP	NC	27709		SENIOR CONSULTANT	15-1132.00		Y	81141	Y		88000		Y	MINNEAPOLIS	MN			44.979965	-93.26384	4
2015	C	UST GLOBAL INC.	ALISO VIEJO	CA	92656	USA	ASSOCIATE PROJECT MANAGER	15-1199	COMPUTER OCCUPATIONS, ALL OTHER	Y	63149	Y	Level II	75000		Y	CALABASAS	CA	Y	N	34.157784	-118.63842	6
2013	C	INFODAT INTERNATIONAL INC	HOUSTON	TX	77042		COMPUTER SYSTEM ANALYSTS	15-1121	COMPUTER SYSTEMS ANALYSTS	Y	54496	Y		54496	54496	Y	HOUSTON	TX			29.763283	-95.36327	5
2011	C	FUJITSU AMERICA, INC.	SUNNYVALE	CA	94085		COMPUTER SOFTWARE ENGINEER, APPLICATIONS	15-1031.00	COMPUTER SOFTWARE ENGINEERS, APPLICATIONS	Y	91790	Y		91790		Y	IRVING	TX			32.81402	-96.94889	7
2013	C	CSC COVANSYS CORPORATION	FALLS CHURCH	VA	22042		PROGRAMMER ANALYST PROFESSIONAL	15-1121	COMPUTER SYSTEMS ANALYSTS	Y	62462	Y		62462		Y	SILVER SPRING	MD			38.990665	-77.026085	6
2016	CW	BEEPI, INC.	LOS ALTOS	CA	94022	USA	PRODUCT DESIGNER	15-1132	SOFTWARE DEVELOPERS, APPLICATIONS		98342	Y		98342	120349	Y	LOS ALTOS	CA	N	N	37.38522	-122.11413	7
2017	C	INTUIT INC.	MOUNTAIN VIEW	CA	94043		SENIOR SOFTWARE ENGINEER	15-1132	SOFTWARE DEVELOPERS, APPLICATIONS	Y	133016	Y		133016	190000	Y	MOUNTAIN VIEW	CA	N	N	37.38605	-122.083855	6
2016	C	FEI COMPANY	HILLSBORO	OR	97124-5793	USA	SR. APPLICATIONS ENGINEER	19-2032	MATERIALS SCIENTISTS		59072	Y		97000	0	Y	HILLSBORO	OR	N	N	45.522892	-122.98983	6
2017	C	HCL AMERICA, INC.	SUNNYVALE	CA	94085	USA	SYSTEMS ANALYST - III	15-1121	COMPUTER SYSTEMS ANALYSTS	Y	91021	Y	Level III	91021	111000	Y	MELVILLE	NY	Y	N	40.79343	-73.41512	6
2017	C	E PRO TECHNOLOGIES, LLC	ISELIN	NJ	8830	USA	SOFTWARE QUALITY ASSURANCE ENGINEER	15-1199	COMPUTER OCCUPATIONS, ALL OTHER	Y	53165	Y	Level I	54000	0	Y	NEW YORK	NY	Y	N	40.761494	-73.98143	6
2016	W	ACRO SERVICE CORPORATION	LIVONIA	MI	48152	USA	LABORATORY	29-2011	MEDICAL AND CLINICAL LABORATORY TECHNOLOGISTS		46654	Y		54080	0	Y	MONMOUTH JUNCTION	NJ	N	N	40.378994	-74.54655	5
2015	C	IBM INDIA PRIVATE LIMITED	DURHAM	NC	27709	USA	PROJECT MANAGER	15-1199	COMPUTER OCCUPATIONS, ALL OTHER	Y	69077	Y	Level III	81200	85200	Y	PHOENIX	AZ	N	N	33.448376	-112.074036	4
2017	C	PURSUIT, INC	MEMPHIS	TN	38125	USA	BUSINESS ANALYST	15-1132	SOFTWARE DEVELOPERS, APPLICATIONS	Y	61027	Y	Level I	63000	0	Y	COLLIERVILLE	TN	Y	N	35.042034	-89.66453	6
2015	C	ITNEWTON INC	ASHBURN	VA	20147	USA	PROGRAMMER ANALYST	15-1131	COMPUTER PROGRAMMERS	Y	56368	Y	Level I	58000		Y	MADISON	WI	Y	N	43.07305	-89.40123	6
2014	C	INTERNATIONAL TECHNOLOGY SOLUTIONS, INC.	MONMOUTH JUNCTION	NJ	8852		SAS PROGRAMMER	15-1131	COMPUTER PROGRAMMERS	Y	52229	Y		65000		Y	ATLANTA	GA			33.748997	-84.387985	7
2015	C	LINCOLN UNIVERSITY	JEFFERSON CITY	MO	65102	USA	POST DOC RESEARCH BIOLOGICAL TECHNICIAN	19-4021	BIOLOGICAL TECHNICIANS	Y	33467	Y	Level II	35190		Y	JEFFERSON CITY	MO	N	N	38.576702	-92.173515	6
2015	C	LARSEN & TOUBRO TECHNOLOGY SERVICES LTD.	EDISON	NJ	8817	USA	INDUSTRIAL DESIGNER	27-1021	COMMERCIAL AND INDUSTRIAL DESIGNERS	Y	40227	Y	Level I	55260		Y	MARYSVILLE	OH	Y	N	40.23645	-83.36714	6
2014	C	PHILIPS ELECTRONICS NORTH AMERICA CORPORATION	ANDOVER	MA	1810		HEALTHCARE TRANSFORMATION SERVICES CONSULTING MANA	13-1111	MANAGEMENT ANALYSTS	Y	125715	Y		150000		Y	ANDOVER	MA			42.658424	-71.137	8
2012	C	MARKETLIVE, INC.	PETALUMA	CA	94952		SENIOR SOFTWARE ENGINEER	15-1132	SOFTWARE DEVELOPERS, APPLICATIONS	Y	102024	Y		115000		Y	PETALUMA	CA			38.232418	-122.63665	4
2012	C	DIRECT FLOWERS INC.	MIAMI	FL	331		GRAPHIC DESIGNER	27-1024	GRAPHIC DESIGNERS	Y	37315	Y		50000		Y	MIAMI	FL			25.774265	-80.19366	6
2011	C	THE UNIVERISTY OF SOUTHERN MISSISIPPI	HATTIESBURG	MS	39406		RESEARCH ASSOCIATE	19-4031.00	CHEMICAL TECHNICIANS	Y	24814	Y		42000		Y	HATTIESBURG	MS			31.32712	-89.29034	6
2015	C	TECH MAHINDRA (AMERICAS),INC.	PLANO	TX	75093	USA	BUSINESS ANALYST	13-1111	MANAGEMENT ANALYSTS	Y	75774	Y	Level II	75774		Y	PLANO	TX	Y	N	33.019844	-96.69888	7
2012	C	APOGEE MEDICAL GROUP,KENTUCKY, PSC	PHOENIX	AZ	85016		HOSPITALIST PHYSICIAN	29-1063	INTERNISTS, GENERAL	Y	162718	Y		220000		Y	ASHLAND	KY			38.478413	-82.63794	7
2014	C	LARSEN & TOUBRO LIMITED	EDISON	NJ	8817		COMPUTER SYSTEMS ENGINEER	15-1199	COMPUTER OCCUPATIONS, ALL OTHER	Y	56659	Y		60000		Y	DUNCAN	SC			34.937897	-82.14511	10
2014	C	INDIANA UNIV. PURDUE UNIV. INDIANAPOLIS	INDIANAPOLIS	IN	46202		POSTDOCTORAL FELLOW	19-2031	CHEMISTS	Y	38771	Y		39264		Y	INDIANAPOLIS	IN			39.768375	-86.15804	7
2016	C	UNIVERSITY OF CALIFORNIA, SAN FRANCISCO	SAN FRANCISCO	CA	94143	USA	HS ASSISTANT CLINICAL PROFESSOR	25-1071	HEALTH SPECIALTIES TEACHERS, POSTSECONDARY		105973	Y		200000	0	Y	SAN FRANCISCO	CA	N	N	37.77493	-122.41942	4
2016	C	INFOSYS LIMITED	PLANO	TX	75024	USA	TECHNOLOGY ARCHITECT - US - PRACTITIONER	15-1199	COMPUTER SYSTEMS ENGINEERS/ARCHITECTS		78416	Y		86259	0	Y	MERRIMACK	NH	Y	N	42.86814	-71.4834	6
2011	C	AVANT HEALTHCARE PROFESSIONALS	WINTER PARK	FL	32792		PHYSICAL THERAPIST	29-1123.00	PHYSICAL THERAPISTS	Y	23.31	H		23.31		H	CARLSBAD	NM			32.420673	-104.228836	7
2014	C	SYSAZZLE, INC.	PHOENIX	AZ	85048		COMPUTER SYSTEMS ANALYST	15-1121	COMPUTER SYSTEMS ANALYSTS	Y	79622	Y		85540		Y	COLUMBIA	MO			38.951706	-92.334076	7
2016	C	HCL AMERICA, INC.	SUNNYVALE	CA	94085	USA	PROJECT MANAGER - III	15-1131	COMPUTER PROGRAMMERS		75816	Y		75816	96000	Y	LAKE MARY	FL	Y	N	28.758883	-81.31785	6
2012	C	SMALLARC, INC.	EDISON	NJ	8820		PROGRAMMER ANALYST	15-1131	COMPUTER PROGRAMMERS	Y	40830	Y		60000		Y	PITTSBURGH	PA			40.440624	-79.99589	4
2014	C	COMPUTER SCIENCES CORPORATION	FALLS CHURCH	VA	22042		PROFESSIONAL: PROGRAMMER ANALYST	15-1121	COMPUTER SYSTEMS ANALYSTS	Y	53914	Y		53914		Y	JACKSONVILLE	FL			30.332184	-81.65565	6
2014	C	SYMANTEC CORPORATION	MOUNTAIN VIEW	CA	94043		SR. SOFTWARE ENGINEER	15-1132	SOFTWARE DEVELOPERS, APPLICATIONS	Y	93267	Y		99189		Y	CULVER CITY	CA			34.021122	-118.39647	6
2012	C	KCCM, INC.	TROY	MI	48098		PROGRAM MANAGER	41-9031	SALES ENGINEERS	Y	71448	Y		80000		Y	TROY	MI			42.60559	-83.14993	6
2016	C	MICROSOFT CORPORATION	REDMOND	WA	98052	USA	SOFTWARE ENGINEER	15-1132	SOFTWARE DEVELOPERS, APPLICATIONS		101088	Y		126500	0	Y	BELLEVUE	WA	N	N	47.61038	-122.200676	4
2017	C	ISTREAM SOLUTIONS INC	ASHBURN	VA	20147	USA	SOFTWARE ENGINEER	15-1132	SOFTWARE DEVELOPERS, APPLICATIONS	Y	110386	Y	Level III	120000	0	Y	EL MONTE	CA	Y	N	34.068623	-118.027565	7
2013	C	FEDEX CORPORATE SERVICES, INC.	MEMPHIS	TN	38125		REVENUE MANAGEMENT ADVISOR	19-3011	ECONOMISTS	Y	71178	Y		71178	111576	Y	MEMPHIS	TN			35.149536	-90.04898	7
2014	C	PEOPLENET COMMUNICATIONS CORPORATION	MINNETONKA	MN	55343		DATABASE ADMINISTRATOR	15-1141	DATABASE ADMINISTRATORS	Y	87048	Y		87048	95000	Y	MINNETONKA	MN			44.929173	-93.48284	6
2014	W	YQ PARTNER LLC	BOSTON	MA	2111		BUSINESS INTELLIGENCE ANALYST	15-1199	COMPUTER OCCUPATIONS, ALL OTHER	N	30.78	H		32		H	BOSTON	MA			42.35843	-71.05978	5
2016	C	VANDERBILT UNIVERSITY	NASHVILLE	TN	37203	USA	POSTDOCTORAL RESEARCH FELLOW	19-1029	BIOLOGICAL SCIENTISTS, ALL OTHER		41891	Y		49092	0	Y	NASHVILLE	TN	N	N	36.16589	-86.78445	4
2017	C	GALLANT GLOBAL, INC.	IRVING	TX	75039	USA	SYSTEMS ADMINISTRATOR	15-1142	NETWORK AND COMPUTER SYSTEMS ADMINISTRATORS	Y	71427	Y	Level I	72000	0	Y	SUNNYVALE	CA	Y	N	37.36883	-122.03635	6
2015	C	SIRI INFOSOLUTIONS INC.	EDISON	NJ	8817	USA	PROGRAMMER ANALYST	15-1121	COMPUTER SYSTEMS ANALYSTS	Y	65083	Y	Level I	70000		Y	EDISON	NJ	Y	N	40.518715	-74.412094	5
2014	C	NORTHERN MICHIGAN UNIVERSITY	MARQUETTE	MI	49855		ASSISTANT PROFESSOR	25-1011	BUSINESS TEACHERS, POSTSECONDARY	Y	48606	Y		87500		Y	MARQUETTE	MI			46.543545	-87.39542	6
2017	W	BOEHRINGER INGELHEIM PHARMACEUTICALS, INC.	RIDGEFIELD	CT	6877	USA	STATISTICAL PROGRAMMING EXPERT	15-2041	STATISTICIANS	Y	138070	Y	Level IV	150000	0	Y	RIDGEFIELD	CT	N	N	41.281483	-73.49818	6
2016	C	GOLDMAN, SACHS & CO.	NEW YORK	NY	10282	USA	VICE PRESIDENT/INTERMEDIATE FINANCE ASSOCIATE	13-2051	FINANCIAL ANALYSTS		124093	Y		220000	0	Y	NEW YORK	NY	N	N	40.761494	-73.98143	4
2015	C	TECH MAHINDRA (AMERICAS),INC.	PLANO	TX	75093	USA	PROGRAMMER ANALYST	15-1131	COMPUTER PROGRAMMERS	Y	66394	Y	Level II	66394		Y	HOUSTON	TX	Y	N	29.763283	-95.36327	6
2014	C	CUMMINS INC.	NASHVILLE	TN	37214		OBD AND SIR ENGINEER - TECHNICAL SPECIALIST	17-2141	MECHANICAL ENGINEERS	Y	66269	Y		80000	97300	Y	COLUMBUS	IN			39.20144	-85.92138	7
2011	C	UNIVERSITY OF DELAWARE	NEWARK	DE	19716		POST DOC RESEARCHER	19-2099.99	PHYSICAL SCIENTISTS, ALL OTHER	Y	40747	Y		51000		Y	NEWARK	DE			39.683723	-75.74966	6
2015	C	FUJITSU AMERICA, INC.	RICHARDSON	TX	75082	USA	COMPUTER SOFTWARE ENGINEER, APPLICATIONS	15-1132	SOFTWARE DEVELOPERS, APPLICATIONS	Y	93018	Y	Level III	93018		Y	EDISON	NJ	N	N	40.518715	-74.412094	6
2016	C	CES USA INC.	BOLINGBROOK	IL	60440	USA	EDI ANALYST	15-1199	COMPUTER OCCUPATIONS, ALL OTHER		53706	Y		58926	0	Y	BOLINGBROOK	IL	Y	N	41.698643	-88.0684	5
2017	C	SPIRENT COMMUNICATIONS, INC.	CALABASAS	CA	91301	USA	PRODUCT MANAGER	15-1142	NETWORK AND COMPUTER SYSTEMS ADMINISTRATORS	Y	96100	Y		96100	0	Y	EATONTOWN	NJ	N	N	40.296223	-74.05097	6
2017	C	L&T TECHNOLOGY SERVICES LIMITED	EDISON	NJ	8817	USA	SOFTWARE ENGINEER AND TESTER	15-1199	COMPUTER OCCUPATIONS, ALL OTHER	Y	65666	Y	Level II	65666	75000	Y	BOTHELL	WA	Y	N	47.76232	-122.20541	6
2017	C	APPLIED MATERIALS, INC.	SANTA CLARA	CA	95054	USA	INTERNAL AUDIT	13-2011	ACCOUNTANTS AND AUDITORS	Y	59363	Y	Level I	59363	99976	Y	SANTA CLARA	CA	N	N	37.354107	-121.95524	4
2013	C	CORECENTRIC SOLUTIONS INC.	GLENDALE HEIGHTS	IL	60139-1956		MECHANICAL ENGINEER	17-2141	MECHANICAL ENGINEERS	Y	53248	Y		65000		Y	GLENDALE HEIGHTS	IL			41.910305	-88.07173	6
2012	C	SYNTEL INC	TROY	MI	48083		PROGRAMMER ANALYST	15-1121	COMPUTER SYSTEMS ANALYSTS	Y	77792	Y		77792		Y	LOUISVILLE	KY			38.25424	-85.75941	5
2014	C	TATA CONSULTANCY SERVICES LIMITED	ROCKVILLE	MD	20850		WEB DEVELOPER	15-1134	WEB DEVELOPERS	Y	49941	Y		69600		Y	BLOOMINGTON	IL			40.484203	-88.99369	7
2013	C	A.T. KEARNEY, INC.	CHICAGO	IL	60606		ANALYTICS MANAGER	15-2041	STATISTICIANS	Y	81890	Y		128000	145000	Y	CHICAGO	IL			41.850033	-87.650055	6
2017	C	DELOITTE CONSULTING LLP	PHILADELPHIA	PA	19103	USA	SPECIALIST SENIOR	15-1121	COMPUTER SYSTEMS ANALYSTS	Y	60278	Y	Level II	104000	0	Y	CUMBERLAND	MD	N	N	39.652866	-78.76252	6
2015	C	DIRECT CHASSISLINK INC.	CHARLOTTE	NC	28273	USA	BUSINESS ANALYST	15-2031	OPERATIONS RESEARCH ANALYSTS	Y	46592	Y	Level I	50000	60000	Y	CHARLOTTE	NC	N	N	35.227085	-80.843124	4
2017	C	SHIVAM INFOTECH, INC	KENDALL PARK	NJ	8824	USA	SERVER ADMINISTRATOR	15-1142	NETWORK AND COMPUTER SYSTEMS ADMINISTRATORS	Y	73195	Y	Level II	75000	0	Y	IRVING	TX	Y	N	32.81402	-96.94889	6
2017	C	APLOMB TECHNOLOGIES INC	SOMERSET	NJ	8873	USA	DEVOPS CONSULTANT	15-1131	COMPUTER PROGRAMMERS	Y	43472	Y	Level I	60000	0	Y	NORFOLK	VA	Y	N	36.846813	-76.28522	6
2012	C	AUGUST NINTH ANALYSES, INC.	63 FRANKLIN ROAD	NY	10583		ELECTRICAL ENGINEER	17-2071	ELECTRICAL ENGINEERS	N	28.88	H		28.88		H	SCARSDALE	NY			41.005096	-73.78458	7
2012	W	UNIVERSITY OF MARYLAND COLLEGE PARK	COLLEGE PARK	MD	20742		RESEARCH ASSOCIATE	19-2012	PHYSICISTS	Y	46301	Y		55000		Y	GAITHERSBURG	MD			39.14344	-77.20137	0
2016	C	CORPORATEFEVER DOT COM INC	SILVER SPRING	MD	20901	USA	SENIOR QUALITY ANALYST	15-1132	SOFTWARE DEVELOPERS, APPLICATIONS		67142	Y		68000	0	Y	SILVER SPRING	MD	N	N	38.990665	-77.026085	6
2011	C	ORACLE AMERICA, INC.	REDWOOD SHORES	CA	94065		SOFTWARE ENGINEER	15-1031.00	COMPUTER SOFTWARE ENGINEERS, APPLICATIONS	Y	62600	Y		62600	173668	Y	SAN DIEGO	CA			32.71533	-117.15726	6
2016	C	MICROSOFT CORPORATION	REDMOND	WA	98052	USA	OPERATIONS PM	13-1111	MANAGEMENT ANALYSTS		85114	Y		115000	0	Y	REDMOND	WA	N	N	47.67399	-122.12151	6
2014	C	TUFTS UNIVERSITY	MEDFORD	MA	2155		POSTDOCTORAL SCHOLAR	17-2144	MECHANICAL ENGINEERS, R&D	Y	39832	Y		49000		Y	MEDFORD	MA			42.41843	-71.10616	6
2016	C	SYNTEL INC	TROY	MI	48083	USA	PROGRAMMER ANALYST	15-1121	COMPUTER SYSTEMS ANALYSTS		65645	Y		88559	0	Y	CEDAR RAPIDS	IA	Y	N	42.00833	-91.644066	6
2012	C	ACCENTURE LLP	CHICAGO	IL	60601		COMPUTER PROGRAMMER / CONFIGURER 2	15-1131	COMPUTER PROGRAMMERS	Y	45781	Y		45800		Y	OKLAHOMA CITY	OK			35.471508	-97.54021	6
2013	C	INFOSYS LIMITED	PLANO	TX	75024		TEST ANALYST - US	15-1799	COMPUTER OCCUPATIONS, ALL OTHER	Y	39978	Y		63091		Y	SALT LAKE CITY	UT			40.76078	-111.891045	5
2014	C	IGATE TECHNOLOGIES INC.	FREMONT	CA	94555		DBA	15-1141	DATABASE ADMINISTRATORS	Y	64917	Y		65000		Y	HOLTSVILLE	NY			40.815376	-73.045105	6
2011	C	AT&T MOBILITY SERVICES, LLC	DALLAS	TX	75202		PROFESSIONAL RAN ENGINEER	15-1031.00	COMPUTER SOFTWARE ENGINEERS, APPLICATIONS	Y	75650	Y		95568		Y	ALBANY	NY			42.65258	-73.75623	6
2012	C	OPTIMAL SOLUTIONS INTEGRATION INC.	IRVING	TX	75038		CONSULTANT	15-1132	SOFTWARE DEVELOPERS, APPLICATIONS	Y	75608	Y		90000		Y	LOS ANGELES	CA			34.052235	-118.24368	6
2016	C	OSAIR TECHNOLOGIES LLC	CLIFTON	VA	20124	USA	BUSINESS ANALYS	13-1111	MANAGEMENT ANALYSTS		64189	Y		64189	0	Y	CLIFTON	VA	Y	N	38.780113	-77.38665	7
2013	C	NORTHWESTERN POLYTECHNIC UNIVERSITY	FREMONT	CA	94539		INSTRUCTOR	25-1199	POSTSECONDARY TEACHERS, ALL OTHER	N	24.42	H		25		H	FREMONT	CA			37.54827	-121.98857	5
2013	C	CAPGEMINI FINANCIAL SERVICES USA INC	ROSEMONT	IL	60018		SENIOR CONSULTANT	15-1121	COMPUTER SYSTEMS ANALYSTS	Y	51480	Y		61500	115000	Y	HAGERSTOWN	MD			39.64176	-77.71999	4
2017	C	TRINITY WEST	STEUBENVILLE	OH	43952	USA	PEDIATRICIAN	29-1065	PEDIATRICIANS, GENERAL	Y	150717	Y	Level I	151000	0	Y	WINTERSVILLE	OH	N	N	40.375347	-80.70369	7
2015	C	MAJESCOMASTEK	EDISON	NJ	8837	USA	TEST LEAD	15-1121	COMPUTER SYSTEMS ANALYSTS	Y	70512	Y	Level II	88873.92		Y	CINCINNATI	OH	Y	N	39.114662	-84.529686	6
2017	C	REVENUE MANAGEMENT SOLUTIONS, LLC	TAMPA	FL	33602	USA	SENIOR ANALYST	13-1111	MANAGEMENT ANALYSTS	Y	61755	Y	Level II	62004	0	Y	TAMPA	FL	N	N	27.947521	-82.45843	6
2014	C	COMMVAULT AMERICAS, INC.	OCEANPORT	NJ	7757		SOFTWARE DEVELOPER, JAVA	15-1133	SOFTWARE DEVELOPERS, SYSTEMS SOFTWARE	Y	91416	Y		113000	113000	Y	OCEANPORT	NJ			40.318165	-74.01514	6
2017	C	THE UNIVERSITY OF KANSAS MEDICAL CENTER	KANSAS CITY	KS	66160	USA	RESEARCH ASSOCIATE	19-1021	BIOCHEMISTS AND BIOPHYSICISTS	Y	41434	Y	Level I	41434	0	Y	KANSAS CITY	KS	N	N	39.11417	-94.62746	6
2013	C	MEMORIAL SLOAN-KETTERING CANCER CENTER	NEW YORK	NY	10017		RESEARCH TECHNICIAN	19-4021	BIOLOGICAL TECHNICIANS	Y	37232	Y		38318	38318	Y	NEW YORK	NY			40.761494	-73.98143	7
2016	C	DOLBY LABORATORIES, INC.	SAN FRANCISCO	CA	94103	USA	BUSINESS DEVELOPMENT MANAGER - VIDEO	41-9031	SALES ENGINEERS		139941	Y		139941	164045	Y	SAN FRANCISCO	CA	N	N	37.77493	-122.41942	6
2011	C	DELOITTE CONSULTING LLP	PHILADELPHIA	PA	19103		ASSOCIATE 6	15-1051.00	COMPUTER SYSTEMS ANALYSTS	Y	74360	Y		80000		Y	NEW YORK	NY			40.761494	-73.98143	6
2015	CW	QUESTPAY,INC	METUCHEN	NJ	8840	USA	BPM SYSTEM ARCHITECT	15-1199	COMPUTER OCCUPATIONS, ALL OTHER	Y	64314	Y	Level II	70000		Y	NEW YORK	NY	Y	N	40.761494	-73.98143	10
2016	C	CIGNA HEALTH AND LIFE INSURANCE COMPANY	PHILADELPHIA	PA	19192	USA	APPLICATION DEVELOPMENT MANAGER	Nov-21	COMPUTER AND INFORMATION SYSTEMS MANAGERS		124301	Y		129187.54	0	Y	PLANO	TX	N	N	33.019844	-96.69888	6
2017	C	MOODY'S ANALYTICS, INC.	NEW YORK	NY	10007	USA	DATA OPERATIONS ASSOCIATE	15-2031	OPERATIONS RESEARCH ANALYSTS	Y	82430	Y	Level II	85000	0	Y	SAN FRANCISCO	CA	N	N	37.77493	-122.41942	6
2011	C	THE COMPREHENSIVE GROUP (FORMERLY COMPREHENSIVE TH	GLENVIEW	IL	60026		PHYSICAL THERAPIST	29-1123.00	PHYSICAL THERAPISTS	Y	28.1	H		37		H	HINSDALE	IL			41.800865	-87.937004	7
2017	C	VIRGINIA TRANSFORMER CORPORATION	ROANOKE	VA	24012	USA	QUALITY ENGINEER	17-2112	INDUSTRIAL ENGINEERS	Y	52374	Y	Level I	55005	0	Y	ROANOKE	VA	N	N	37.27097	-79.94143	6
2015	C	PHOENIX TECHNICAL SOLUTIONS INC	MEADVILLE	PA	16335	USA	PROJECT ENGINEER	17-2143	MECHANICAL ENGINEERS, NON R&D	Y	28.04	H	Level II	28.04		H	ERIE	PA	N	N	42.129223	-80.08506	4
2017	C	VENSOFT, INC.	GLENDALE	AZ	85306	USA	SOFTWARE DEVELOPER-WEB APPLICATIONS	15-1132	SOFTWARE DEVELOPERS, APPLICATIONS	Y	63482	Y	Level II	63482	0	Y	HARRISBURG	PA	Y	N	40.2737	-76.884415	6
2016	C	JUPITER SOFTWARE SOLUTIONS, INC.	LAS VEGAS	NV	89149	USA	PRODUCT MANAGER	15-1131	COMPUTER PROGRAMMERS		82389	Y		85000	0	Y	FRISCO	TX	N	N	33.150673	-96.82361	4
2012	C	MINDTREE LIMITED	SAN JOSE	CA	95110		PRINCIPAL CONSULTANT	15-1132	SOFTWARE DEVELOPERS, APPLICATIONS	Y	91437	Y		91437	121437	Y	ATLANTA	GA			33.748997	-84.387985	7
2016	C	BALTIMORE CITY COMMUNITY COLLEGE	BALTIMORE	MD	21215	USA	ASSSTANT PROFESSOR, ELECTRICAL ENGINEERING/MECHATRONICS	25-1032	ENGINEERING TEACHERS, POSTSECONDARY		57300	Y		58802	0	Y	BALTIMORE	MD	N	N	39.290386	-76.61219	6
2017	C	KPK TECHNOLOGIES INC	SOUTHFIELD	MI	48034	USA	SOFTWARE ENGINEER	15-1132	SOFTWARE DEVELOPERS, APPLICATIONS	Y	64584	Y	Level II	64584	0	Y	TULSA	OK	Y	N	36.15793	-96.016556	6
2015	C	PRICEWATERHOUSECOOPERS LLP	TAMPA	FL	33607	USA	ASSURANCE ASSOCIATE	13-2011	ACCOUNTANTS AND AUDITORS	Y	55474	Y	Level I	65000		Y	MCLEAN	VA	N	N	38.934277	-77.17748	5
2015	C	ST. JOSEPH AMBULATORY CARE, INC.	BANGOR	ME	4401	USA	RHEUMATOLOGIST	29-1063	INTERNISTS, GENERAL	Y	144310	Y	Level I	230000		Y	BANGOR	ME	N	N	44.80118	-68.77782	6
2014	C	ERNST & YOUNG U.S. LLP	SECAUCUS	NJ	7094		ADVISORY SENIOR	13-1111	MANAGEMENT ANALYSTS	Y	78083	Y		81725		Y	WASHINGTON	DC			38.89511	-77.03637	6
2011	C	GDF SUEZ ENERGY NORTH AMERICA, INC.	HOUSTON	TX	77056		ANALYST OF ACQUISITIONS, INVESTMENTS & FINANCIAL A	13-2051	FINANCIAL ANALYSTS	Y	48714	Y		51708		Y	HOUSTON	TX			29.763283	-95.36327	4
2014	C	PROFICIENT BUSINESS SYSTEMS, INC.	VERNON HILLS	IL	60061		PROGRAMMER ANALYST	15-1121	COMPUTER SYSTEMS ANALYSTS	Y	62213	Y		62213		Y	WEST PALM BEACH	FL			26.715342	-80.053375	6
2015	C	JRD SYSTEMS, INC.	CLINTON TOWNSHIP	MI	48038	USA	PROGRAMMER ANALYST	15-1121	COMPUTER SYSTEMS ANALYSTS	Y	55000	Y	Level I	55000	120000	Y	GRAND RAPIDS	MI	Y	N	42.96336	-85.66808	6
2014	C	ORIAN ENGINEERS INCORPORATED	KENNESAW	GA	30144		PROGRAMMER ANALYST	15-1121	COMPUTER SYSTEMS ANALYSTS	Y	61693	Y		65000		Y	MOUNTAIN VIEW	CA			37.38605	-122.083855	7
2017	C	SOFTCOM SYSTEMS INC.	PRINCETON	NJ	8540		SOFTWARE DEVELOPER	15-1132	SOFTWARE DEVELOPERS, APPLICATIONS	Y	87693	Y		88000	0	Y	PRINCETON	NJ	Y	N	40.348717	-74.65905	6
2011	D	SPI MANAGEMENT SERVICES, LLC	BEDFORD	MA	1730		PROGRAMMER ANALYST	15-1131	COMPUTER PROGRAMMERS	Y	76378	Y		77000		Y	BEDFORD	MA			42.49065	-71.27617	3
2012	C	ORION SYSTEMS INTEGRATORS, INC	MONMOUTH JCT	NJ	8852		PROGRAMMER ANALYST	15-1131	COMPUTER PROGRAMMERS	Y	48589	Y		60000		Y	ALPHARETTA	GA			34.075375	-84.29409	7
2014	C	PREMIUM TECHNOLOGY, INC.	NEW YORK	NY	10004		COMPUTER USER SUPPORT SPECIALISTS	15-1151	COMPUTER USER SUPPORT SPECIALISTS	Y	37024	Y		37024	45000	Y	NEW YORK	NY			40.761494	-73.98143	6
2016	C	ELIPSIQ INCORPORATION	PLEASANTON	CA	94566	USA	JAVA DEVELOPER	15-1131	COMPUTER PROGRAMMERS		68682	Y		73500	0	Y	PLEASANTON	CA	Y	N	37.66243	-121.87468	6
2015	C	WIPRO LIMITED	EAST BRUNSWICK	NJ	8816	USA	DATABASE ADMINISTRATOR	15-1141	DATABASE ADMINISTRATORS	Y	60000	Y	Level II	60000		Y	SYRACUSE	NY	Y	N	43.048122	-76.14742	4
2015	C	ABB INC.	CARY	NC	27518	USA	SENIOR SALES ENGINEER	41-9031	SALES ENGINEERS	Y	62317	Y	Level I	71594	108100	Y	PINETOPS	NC	N	N	35.78849	-77.63775	4
2012	C	ULTIMATE CARE INC	DELRAY BEACH	FL	33484		PHYSICAL THERAPIST	29-1123	PHYSICAL THERAPISTS	Y	28.17	H		29		H	LINCOLNSHIRE	IL			42.190025	-87.9084	6
2016	C	BIZ TECHNIX INC	FRISCO	TX	75034	USA	WEB CENTER ADMINISTRATOR	15-1199	COMPUTER OCCUPATIONS, ALL OTHER		65312	Y		68000	0	Y	FRISCO	TX	N	N	33.150673	-96.82361	6
2016	C	TECH MAHINDRA (AMERICAS),INC.	PLANO	TX	75093	USA	CAD/CAM ENGINEER	17-2141	MECHANICAL ENGINEERS		63773	Y		63773	0	Y	MAYFIELD HEIGHTS	OH	Y	N	41.51922	-81.45789	6
2013	C	SENECA NURSING HOME	DES PLAINES	IL	60016		MDS COORDINATOR	Nov-11	MEDICAL AND HEALTH SERVICES MANAGERS	Y	62275	Y		63000		Y	DES PLAINES	IL			42.033363	-87.8834	4
2011	C	THE PERMANENTE MEDICAL GROUP, INC.	ROSEVILLE	CA	95661		PHYSICIAN (HOSPITALIST)	29-1063.00	INTERNISTS, GENERAL	N	79.25	H		99.23		H	ROSEVILLE	CA			38.752125	-121.28801	6
2011	C	MORNINGSTAR, INC.	CHICAGO	IL	60602		DEVELOPER	15-1021.00	COMPUTER PROGRAMMERS	Y	50357	Y		61000		Y	CHICAGO	IL			41.850033	-87.650055	6
2013	C	NOMURA AMERICA SERVICES, LLC	NEW YORK	NY	10281		ASSOCIATE, LEAD DEVELOPER	15-1132	SOFTWARE DEVELOPERS, APPLICATIONS	Y	104458	Y		120000		Y	NEW YORK	NY			40.761494	-73.98143	6
2014	C	BITWISE INC	SCHAUMBURG	IL	60173		CONSULTANT	15-1131	COMPUTER PROGRAMMERS	Y	56597	Y		67500		Y	MONTVALE	NJ			41.046764	-74.02292	6
2012	C	YAMASHO, INC.	ELK GROVE VILLAGE	IL	60007		MARKETING SPECIALIST	13-1161	MARKET RESEARCH ANALYSTS AND MARKETING SPECIALISTS	Y	34798	Y		34800	44500	Y	ELK GROVE VILLAGE	IL			42.003918	-87.970345	4
2017	C	TATA CONSULTANCY SERVICES LIMITED	ROCKVILLE	MD	20850	USA	ARCHITECT	15-1199	COMPUTER OCCUPATIONS, ALL OTHER	Y	71802	Y	Level II	71802	95800	Y	PORTLAND	OR	Y	N	45.523453	-122.67621	4
2015	C	OBERON IT, INC.	IRVING	TX	75038	USA	BUSINESS ANALYST	15-1121	COMPUTER SYSTEMS ANALYSTS	Y	58885	Y	Level I	59000		Y	IRVING	TX	Y	N	32.81402	-96.94889	4
2015	C	KRISHNA PHARMACY, INC.	WALDWICK	NJ	7463	USA	PHARMACIST	29-1051	PHARMACISTS	Y	91790	Y	Level I	93600		Y	WALDWICK	NJ	N	N	41.010654	-74.11792	6
2017	C	WIPRO LLC	EAST BRUNSWICK	NJ	8816	USA	VLSI LEAD-L1	17-2072	ELECTRONICS ENGINEERS, EXCEPT COMPUTER	Y	108805	Y	Level II	108805	0	Y	SUNNYVALE	CA	Y	N	37.36883	-122.03635	4
2013	C	GENESIS ELDERCARE REHABILITATION SERVICES, INC.	KENNETT SQUARE	PA	19348		PHYSICAL THERAPIST	29-1123	PHYSICAL THERAPISTS	Y	29.55	H		29.9	40.84	H	MOORESVILLE	NC			35.584858	-80.810074	6
2012	C	THE UNIV. OF ALA. AT BIRMINGHAM (UAB)	BIRMINGHAM	AL	35294		POSTDOCTORAL FELLOW	19-1042	MEDICAL SCIENTISTS, EXCEPT EPIDEMIOLOGISTS	Y	38521.6	Y		41702		Y	BIRMINGHAM	AL			33.52066	-86.80249	6
2011	C	RESEARCH FOUNDATION OF S.U.N.Y.	BROOKLYN	NY	11203		POSTDOCTORAL ASSOCIATE	19-1029.99	BIOLOGICAL SCIENTISTS, ALL OTHER	Y	43784	Y		44000		Y	BROOKLYN	NY			40.650093	-73.94956	4
2015	C	INFOR (US), INC.	ALPHARETTA	GA	30004	USA	SR. BUSINESS CONSULTANT	15-1121	COMPUTER SYSTEMS ANALYSTS	Y	80995	Y	Level II	99131		Y	NEW YORK	NY	N	N	40.761494	-73.98143	6
2016	C	MASTECH, INC., A MASTECH HOLDINGS, INC. COMPANY	MOON TOWNSHIP	PA	15108	USA	SENIOR SOFTWARE DEVELOPER	15-1132	SOFTWARE DEVELOPERS, APPLICATIONS		82181	Y		82181	97181	Y	NASHVILLE	TN	Y	N	36.16589	-86.78445	6
2015	C	TATA CONSULTANCY SERVICES LIMITED	ROCKVILLE	MD	20850	USA	ARCHITECT	15-1199	COMPUTER OCCUPATIONS, ALL OTHER	Y	64189	Y	Level II	71500		Y	SKILLMAN	NJ	Y	N	40.420105	-74.71461	6
2015	C	CSS SOLUTIONS INC.	FREMONT	CA	94538	USA	SYSTEMS ANALYST	15-1121	COMPUTER SYSTEMS ANALYSTS	Y	74568	Y	Level II	96000		Y	CHARLOTTE	NC	N	N	35.227085	-80.843124	6
2011	C	SCANBUY, INC.	NEW YORK	NY	10018		QA & HANDSET OPERATIONS MANAGER	15-1099.99	COMPUTER SPECIALISTS, ALL OTHER	Y	43035	Y		50000		Y	NEW YORK	NY			40.761494	-73.98143	4
2012	C	GE MEDICAL SYSTEMS, LLC	WAUKESHA	WI	53188		PET SOFTWARE RECONSTRUCTION ENGINEER	15-1133	SOFTWARE DEVELOPERS, SYSTEMS SOFTWARE	Y	59134	Y		60000	70000	Y	WAUKESHA	WI			43.011677	-88.23148	6
2012	C	PELLI CLARKE PELLI ARCHITECTS LLP	NEW YORK	NY	10001		ARCHITECTURAL DESIGNER	17-3011	ARCHITECTURAL AND CIVIL DRAFTERS	Y	48485	Y		81000		Y	NEW YORK	NY			40.761494	-73.98143	7
2015	C	NORGATE TECHNOLOGY	GARDEN CITY	NY	11530	USA	AB INITIO DEVELOPER	15-1132	SOFTWARE DEVELOPERS, APPLICATIONS	Y	60.46	H	Level IV	61	70	H	HERNDON	VA	Y	N	38.969555	-77.3861	6
2017	C	ANADARKO PETROLEUM CORPORATION	THE WOODLANDS	TX	77380	USA	DIRECTOR, LNG PLANT/ONSHORE	Nov-41	ARCHITECTURAL AND ENGINEERING MANAGERS	Y	223850	Y	Level IV	234185	0	Y	THE WOODLANDS	TX	N	N	30.157993	-95.48939	7
2012	C	UNIVERSITY OF OKLAHOMA HEALTH SCIENCES CENTER	OKLAHOMA CITY	OK	73104		ASSISTANT PROFESSOR	29-1069	PHYSICIANS AND SURGEONS, ALL OTHER	Y	80912	Y		80912		Y	OKLAHOMA CITY	OK			35.471508	-97.54021	7
2014	C	US TEKRECRUIT	SOUTH PLAINFIELD	NJ	7080		BUSINESS SYSTEMS ANALYST	15-1121	COMPUTER SYSTEMS ANALYSTS	Y	62442	Y		63000		Y	SOUTH PLAINFIELD	NJ			40.57927	-74.41154	8
2014	C	INFOSYS LIMITED	PLANO	TX	75024		TECHNOLOGY LEAD - US	15-1121	COMPUTER SYSTEMS ANALYSTS	Y	61838	Y		71248		Y	SALT LAKE CITY	UT			40.76078	-111.891045	4
2015	C	KELLY SERVICES, INC.	TROY	MI	48084-4782	USA	RESEARCHER 7	19-4021	BIOLOGICAL TECHNICIANS	Y	21.81	H	Level II	26.47		H	FRAMINGHAM	MA	N	N	42.279263	-71.41617	6
2012	C	CUMMINS INC.	NASHVILLE	TN	37214		INDUSTRIAL ENGINEER-SENIOR	17-2112	INDUSTRIAL ENGINEERS	Y	70616	Y		70616	82400	Y	COLUMBUS	IN			39.20144	-85.92138	6
2011	C	SPRING INTERNATIONAL LANGUAGE CENTER, INC	FAYETTEVILLE	AR	72701		INSTRUCTOR	25-1123.00	ENGLISH LANGUAGE AND LITERATURE TEACHERS, POSTSECO	Y	36950	Y		36950		Y	FAYETTEVILLE	AR			36.06258	-94.157425	4
2016	C	MEIJER GREAT LAKES LIMITED PARTNERSHIP	GRAND RAPIDS	MI	49544	USA	SAP QUALITY ASSURANCE ANALYST	15-1121	COMPUTER SYSTEMS ANALYSTS		78957	Y		118000	0	Y	GRAND RAPIDS	MI	N	N	42.96336	-85.66808	6
2012	C	MID SUSSEX MEDICAL CENTER	SEAFORD	DE	19973		GASTROENTEROLOGIST	29-1069	PHYSICIANS AND SURGEONS, ALL OTHER	Y	166400	Y		410000		Y	SEAFORD	DE			38.641224	-75.61104	4
2014	C	POPULUS GROUP	TROY	MI	48083		IT PROJECT MANAGER	15-1199.09		Y	34.51	H		53		H	DETROIT	MI			42.33143	-83.04575	6
2013	C	DEEMSYS INC	GAHANNA	OH	43004		BUSINESS INTELLIGENCE ANALYSTS	15-1799	COMPUTER OCCUPATIONS, ALL OTHER	Y	79685	Y		80000		Y	GAHANNA	OH			40.01923	-82.87934	6
2012	C	GOOGLE INC.	MOUNTAIN VIEW	CA	94043		SOFTWARE ENGINEER	15-1132	SOFTWARE DEVELOPERS, APPLICATIONS	Y	85530	Y		159800		Y	NEW YORK	NY			40.761494	-73.98143	7
2016	C	CALIFORNIA MASTERPLANT, INC.	TRACY	CA	95304	USA	CHIEF EXECUTIVE OFFICER	11-1011	CHIEF EXECUTIVES		85051	Y		130000	0	Y	TRACY	CA	N	N	37.73965	-121.425224	4
2013	W	BAANYAN SOFTWARE SERVICES, INC	EDISON	NJ	8837		BUSINESS INTELLIGENCE DEVELOPER	15-1121	COMPUTER SYSTEMS ANALYSTS	Y	61194	Y		75000		Y	SACRAMENTO	CA			38.581573	-121.4944	1
2016	W	HAVAS EDGE, LLC	CARLSBAD	CA	92008	USA	SENIOR DIGITAL STRATEGIST	Nov-21	MARKETING MANAGERS		168667	Y		169042	0	Y	BOSTON	MA	N	N	42.35843	-71.05978	1
2016	C	EPHICACY CONSULTING GROUP, INC.	ISELIN	NJ	8830	USA	STATISTICAL PROGRAMMER	15-1131	COMPUTER PROGRAMMERS		68869	Y		69000	0	Y	ISELIN	NJ	N	N	40.575382	-74.32237	6
2011	C	SYNERGENE THERAPEUTICS, INC.	POTOMAC	MD	20854		VETERINARY TECHNICIAN	19-4021	BIOLOGICAL TECHNICIANS	Y	33363	Y		40000		Y	ROCKVILLE	MD			39.083996	-77.152756	6
2011	C	MORGAN STANLEY & CO. INC.	NEW YORK	NY	10036		MANAGING DIRECTOR, BANKING	13-2051.00	FINANCIAL ANALYSTS	Y	136989	Y		400000		Y	NEW YORK	NY			40.761494	-73.98143	7
2015	C	NATIONWIDE INSURANCE	COLUMBUS	OH	43215-2220	USA	SPECIALIST, IT PROJECT MANAGEMENT	15-1199.09	INFORMATION TECHNOLOGY PROJECT MANAGERS	Y	71448	Y	Level II	85000	95000	Y	COLUMBUS	OH	N	N	39.961174	-82.998795	6
2014	C	ARCUS TECHNOLOGIES DBA KAT TECH SYSTEMS, INC.	ARLINGTON HEIGHTS	IL	60005		SOFTWARE ENGINEER	15-1132	SOFTWARE DEVELOPERS, APPLICATIONS	Y	81141	Y		90000		Y	EDEN PRAIRIE	MN			44.854687	-93.47079	6
2013	W	ALPINE SCHOOL DISTRICT	AMERICAN FORK	UT	84003		JUNIOR HIGH MATHEMATICS TEACHER	25-2022	MIDDLE SCHOOL TEACHERS, EXCEPT SPECIAL AND CAREER/	Y	32960	Y		35013		Y	OREM	UT			40.296898	-111.69465	0
2017	C	TATA CONSULTANCY SERVICES LIMITED	ROCKVILLE	MD	20850	USA	ARCHITECT	15-1199	COMPUTER OCCUPATIONS, ALL OTHER	Y	61610	Y	Level II	62500	94500	Y	PASADENA	CA	Y	N	34.147785	-118.144516	7
2012	C	WIPRO LIMITED	EAST BRUNSWICK	NJ	8816		CONSULTANT	15-1799	COMPUTER OCCUPATIONS, ALL OTHER*	Y	66955	Y		66955	87000	Y	CANTON	MA			42.158432	-71.144775	6
2015	C	CORPORATE COMPUTER SOLUTIONS LLC	TAMPA	FL	33617	USA	LINUX ADMINISTRATOR	15-1142	NETWORK AND COMPUTER SYSTEMS ADMINISTRATORS	Y	61714	Y	Level I	65000		Y	WASHINGTON	DC	Y	N	38.89511	-77.03637	5
2017	C	SHUTTERFLY, INC.	REDWOOD CITY	CA	94065	USA	WEB ENGINEER	15-1132	SOFTWARE DEVELOPERS, APPLICATIONS	Y	90604	Y		97000	0	Y	REDWOOD CITY	CA	N	N	37.485214	-122.23635	6
2013	C	JOWETT GARMENT FACTORY INC.	SOUTH EL MONTE	CA	91733		MARKET RESEARCH ANALYST	13-1161	MARKET RESEARCH ANALYSTS AND MARKETING SPECIALISTS	Y	16.38	H		16.38		H	SOUTH EL MONTE	CA			34.051956	-118.04674	6
2017	C	DISCOVER PRODUCTS INC.	RIVERWOODS	IL	60015		SENIOR ASSOCIATE FRAUD STRATEGY	15-2041	STATISTICIANS	Y	74277	Y		74500	88500	Y	PHOENIX	AZ	N	N	33.448376	-112.074036	4
2015	C	DELOITTE CONSULTING LLP	PHILADELPHIA	PA	19103	USA	SENIOR CONSULTANT	15-1142	NETWORK AND COMPUTER SYSTEMS ADMINISTRATORS	Y	75005	Y	Level II	80000	158000	Y	MOUNTAIN VIEW	CA	N	N	37.38605	-122.083855	6
2015	C	MICHAEL PAGE INTERNATIONAL, INC.	STAMFORD	CT	6901	USA	RECRUITMENT CONSULTANT	13-1071	HUMAN RESOURCES SPECIALISTS	Y	38189	Y	Level I	50000		Y	LOS ANGELES	CA	N	N	34.052235	-118.24368	6
2014	C	INFOSYS LIMITED	PLANO	TX	75024		PRODUCTION SUPPORT LEAD - US	15-1121	COMPUTER SYSTEMS ANALYSTS	Y	70845	Y		77290		Y	ADDISON	TX			32.96179	-96.82917	5
