application_id,submission_date,decision_date,applicant_country,visa_type,processing_office,submission_month,submission_year,season,processing_time_days,submission_dayofweek,is_peak_month,quarter,target_days
VISA-0000001,1623456000000000000,2021-07-22,China,Unknown,Singapore,6,2021,Summer,40,5,1,Q2,40
VISA-0000002,1731456000000000000,2024-12-22,Nigeria,Tourist,Unknown,11,2024,Autumn,39,2,0,Q4,39
VISA-0000003,1712620800000000000,2024-05-12,Mexico,Dependent,Singapore,4,2024,Spring,33,1,0,Q2,33
VISA-0000004,1678579200000000000,2023-05-19,France,Tourist,Chennai,3,2023,Spring,68,6,0,Q1,68
VISA-0000005,1677715200000000000,2023-04-06,Australia,Student,Sydney,3,2023,Spring,35,3,0,Q1,35
VISA-0000006,1744761600000000000,2025-06-06,India,Student,Dubai,4,2025,Spring,51,2,0,Q2,51
VISA-0000007,1622937600000000000,2021-07-16,Bangladesh,Tourist,London,6,2021,Summer,40,6,1,Q2,40
VISA-0000008,1719360000000000000,2024-08-09,Bangladesh,Tourist,Johannesburg,6,2024,Summer,44,2,1,Q2,44
VISA-0000009,1641168000000000000,2022-02-05,Nigeria,Transit,Sydney,1,2022,Winter,33,0,0,Q1,33
VISA-0000010,1624233600000000000,2021-08-22,Philippines,Dependent,Dubai,6,2021,Summer,62,0,1,Q2,62
VISA-0000011,1692403200000000000,2023-09-28,France,Dependent,Chennai,8,2023,Summer,40,5,1,Q3,40
VISA-0000012,1763251200000000000,2025-12-27,Nigeria,Tourist,Ottawa,11,2025,Autumn,41,6,0,Q4,41
VISA-0000013,1725408000000000000,2024-10-02,India,Tourist,Dubai,9,2024,Autumn,28,2,0,Q3,28
VISA-0000014,1729468800000000000,2024-12-08,Nigeria,Student,Ottawa,10,2024,Autumn,48,0,0,Q4,48
VISA-0000015,1722556800000000000,2024-09-25,Mexico,Student,Paris,8,2024,Summer,54,4,1,Q3,54
VISA-0000016,1733356800000000000,2025-01-23,Nigeria,Tourist,Mumbai,12,2024,Winter,49,3,1,Q4,49
VISA-0000017,1690329600000000000,2023-10-28,Mexico,Business,Mumbai,7,2023,Summer,94,2,1,Q3,94
VISA-0000018,1629590400000000000,2021-09-20,Canada,Transit,London,8,2021,Summer,29,6,1,Q3,29
VISA-0000019,1741824000000000000,2025-05-04,Kenya,Student,London,3,2025,Spring,52,3,0,Q1,52
VISA-0000020,1680393600000000000,2023-05-14,China,Student,Paris,4,2023,Spring,42,6,0,Q2,42
VISA-0000021,1688342400000000000,2023-08-21,UK,Student,Singapore,7,2023,Summer,49,0,1,Q3,49
VISA-0000022,1667865600000000000,2022-12-10,Germany,Tourist,Sydney,11,2022,Autumn,32,1,0,Q4,32
VISA-0000023,1638230400000000000,2022-01-14,Bangladesh,Tourist,Sydney,11,2021,Autumn,45,1,0,Q4,45
VISA-0000024,1755561600000000000,2025-10-07,Australia,Student,London,8,2025,Summer,49,1,1,Q3,49
VISA-0000025,1732665600000000000,2025-01-14,India,Student,Sydney,11,2024,Autumn,48,2,0,Q4,48
VISA-0000026,1710979200000000000,2024-05-04,Brazil,Student,Unknown,3,2024,Spring,44,3,0,Q1,44
VISA-0000027,1672876800000000000,2023-02-19,Canada,Dependent,Berlin,1,2023,Winter,45,3,0,Q1,45
VISA-0000028,1739145600000000000,2025-04-03,Bangladesh,Tourist,Johannesburg,2,2025,Winter,52,0,0,Q1,52
VISA-0000029,1695427200000000000,2023-11-11,Bangladesh,Tourist,Dubai,9,2023,Autumn,49,5,0,Q3,49
VISA-0000030,1679356800000000000,2023-04-30,Australia,Tourist,London,3,2023,Spring,40,1,0,Q1,40
VISA-0000031,1680480000000000000,2023-06-07,Nigeria,Tourist,New Delhi,4,2023,Spring,65,0,0,Q2,65
VISA-0000032,1645228800000000000,2022-04-19,Mexico,Work,Berlin,2,2022,Winter,59,5,0,Q1,59
VISA-0000033,1623974400000000000,2021-07-30,Australia,Business,Paris,6,2021,Summer,42,4,1,Q2,42
VISA-0000034,1696896000000000000,2023-12-06,UK,Dependent,Dubai,10,2023,Autumn,57,1,0,Q4,57
VISA-0000035,1749427200000000000,2025-08-12,Germany,Work,Johannesburg,6,2025,Summer,64,0,1,Q2,64
VISA-0000036,1619481600000000000,2021-06-20,Philippines,Student,London,4,2021,Spring,54,1,0,Q2,54
VISA-0000037,1744761600000000000,2025-05-18,Philippines,Tourist,New Delhi,4,2025,Spring,32,2,0,Q2,32
VISA-0000038,1739923200000000000,2025-04-08,Nigeria,Student,Dubai,2,2025,Winter,48,2,0,Q1,48
VISA-0000039,1653091200000000000,2022-06-20,Germany,Tourist,Mumbai,5,2022,Spring,30,5,0,Q2,30
VISA-0000040,1708992000000000000,2024-04-19,Canada,Dependent,New Delhi,2,2024,Winter,52,1,0,Q1,52
VISA-0000041,1635465600000000000,2021-12-20,Kenya,Student,Berlin,10,2021,Autumn,52,4,0,Q4,52
VISA-0000042,1728950400000000000,2024-11-10,Canada,Tourist,Ottawa,10,2024,Autumn,26,1,0,Q4,26
VISA-0000043,1719878400000000000,2024-08-06,Philippines,Tourist,Dubai,7,2024,Summer,35,1,1,Q3,35
VISA-0000044,1665360000000000000,2022-11-13,Brazil,Tourist,Paris,10,2022,Autumn,34,0,0,Q4,34
VISA-0000045,1620086400000000000,2021-06-22,Bangladesh,Dependent,Ottawa,5,2021,Spring,49,1,0,Q2,49
VISA-0000046,1762473600000000000,2025-12-04,Unknown,Tourist,Dubai,11,2025,Autumn,27,4,0,Q4,27
VISA-0000047,1679702400000000000,2023-04-19,Australia,Tourist,Sydney,3,2023,Spring,25,5,0,Q1,25
VISA-0000048,1750204800000000000,2025-07-14,France,Tourist,Dubai,6,2025,Summer,26,2,1,Q2,26
VISA-0000049,1716336000000000000,2024-06-18,Mexico,Business,Berlin,5,2024,Spring,27,2,0,Q2,27
VISA-0000050,1732147200000000000,2025-01-08,Canada,Student,Ottawa,11,2024,Autumn,48,3,0,Q4,48
VISA-0000051,1729209600000000000,2024-12-03,Australia,Work,Sydney,10,2024,Autumn,46,4,0,Q4,46
VISA-0000052,1640131200000000000,2022-03-10,Philippines,Student,Dubai,12,2021,Winter,78,2,1,Q4,78
VISA-0000053,1682985600000000000,2023-06-15,China,Tourist,Mumbai,5,2023,Spring,44,1,0,Q2,44
VISA-0000054,1687910400000000000,2023-08-12,France,Dependent,Chennai,6,2023,Summer,45,2,1,Q2,45
VISA-0000055,1616284800000000000,2021-05-01,UK,Tourist,New Delhi,3,2021,Spring,41,6,0,Q1,41
VISA-0000056,1695600000000000000,2023-10-23,India,Tourist,Chennai,9,2023,Autumn,28,0,0,Q3,28
VISA-0000057,1633737600000000000,2021-11-30,Germany,Work,Ottawa,10,2021,Autumn,52,5,0,Q4,52
VISA-0000058,1726617600000000000,2024-10-25,Bangladesh,Tourist,Johannesburg,9,2024,Autumn,37,2,0,Q3,37
VISA-0000059,1717113600000000000,2024-07-05,Bangladesh,Tourist,Johannesburg,5,2024,Spring,35,4,0,Q2,35
VISA-0000060,1754870400000000000,2025-09-19,Australia,Business,Paris,8,2025,Summer,39,0,1,Q3,39
VISA-0000061,1726876800000000000,2024-11-14,Philippines,Student,Dubai,9,2024,Autumn,54,5,0,Q3,54
VISA-0000062,1667260800000000000,2022-11-30,Philippines,Tourist,Chennai,11,2022,Autumn,29,1,0,Q4,29
VISA-0000063,1761955200000000000,2025-12-07,Bangladesh,Tourist,London,11,2025,Autumn,36,5,0,Q4,36
VISA-0000064,1674172800000000000,2023-02-27,Canada,Business,Paris,1,2023,Winter,38,4,0,Q1,38
VISA-0000065,1660780800000000000,2022-09-29,Canada,Tourist,Singapore,8,2022,Summer,42,3,1,Q3,42
VISA-0000066,1752192000000000000,2025-08-15,France,Tourist,Johannesburg,7,2025,Summer,35,4,1,Q3,35
VISA-0000067,1667865600000000000,2023-01-04,Mexico,Work,Ottawa,11,2022,Autumn,57,1,0,Q4,57
VISA-0000068,1621468800000000000,2021-07-26,Pakistan,Work,Sydney,5,2021,Spring,67,3,0,Q2,67
VISA-0000069,1683417600000000000,2023-06-04,Mexico,Transit,Sydney,5,2023,Spring,28,6,0,Q2,28
VISA-0000070,1734912000000000000,2025-03-03,Mexico,Student,New Delhi,12,2024,Winter,70,0,1,Q4,70
VISA-0000071,1639267200000000000,2022-02-10,Bangladesh,Tourist,Mumbai,12,2021,Winter,60,6,1,Q4,60
VISA-0000072,1682380800000000000,2023-06-10,France,Student,New Delhi,4,2023,Spring,46,1,0,Q2,46
VISA-0000073,1629936000000000000,2021-11-08,Philippines,Work,Paris,8,2021,Summer,74,3,1,Q3,74
VISA-0000074,1717632000000000000,2024-07-28,China,Tourist,Chennai,6,2024,Summer,52,3,1,Q2,52
VISA-0000075,1684454400000000000,2023-07-13,Mexico,Work,Berlin,5,2023,Spring,55,4,0,Q2,55
VISA-0000076,1661472000000000000,2022-09-28,Canada,Tourist,Ottawa,8,2022,Summer,33,4,1,Q3,33
VISA-0000077,1645228800000000000,2022-04-08,Australia,Dependent,Paris,2,2022,Winter,48,5,0,Q1,48
VISA-0000078,1698451200000000000,2023-12-10,Brazil,Dependent,Mumbai,10,2023,Autumn,43,5,0,Q4,43
VISA-0000079,1715040000000000000,2024-06-25,Nigeria,Student,London,5,2024,Spring,49,1,0,Q2,49
VISA-0000080,1757721600000000000,2025-10-05,India,Transit,Chennai,9,2025,Autumn,22,5,0,Q3,22
VISA-0000081,1678320000000000000,2023-04-01,Philippines,Transit,Unknown,3,2023,Spring,23,3,0,Q1,23
VISA-0000082,1634774400000000000,2021-12-24,Australia,Tourist,Dubai,10,2021,Autumn,64,3,0,Q4,64
VISA-0000083,1740700800000000000,2025-04-29,Nigeria,Student,Mumbai,2,2025,Winter,60,4,0,Q1,60
VISA-0000084,1708732800000000000,2024-04-18,UK,Work,Berlin,2,2024,Winter,54,5,0,Q1,54
VISA-0000085,1719792000000000000,2024-07-26,Canada,Tourist,Johannesburg,7,2024,Summer,25,0,1,Q3,25
VISA-0000086,1624752000000000000,2021-08-29,Canada,Student,New Delhi,6,2021,Summer,63,6,1,Q2,63
VISA-0000087,1658707200000000000,2022-09-04,Germany,Tourist,New Delhi,7,2022,Summer,41,0,1,Q3,41
VISA-0000088,1730505600000000000,2024-11-21,India,Transit,Johannesburg,11,2024,Autumn,19,5,0,Q4,19
VISA-0000089,1740614400000000000,2025-05-02,Philippines,Student,Berlin,2,2025,Winter,64,3,0,Q1,64
VISA-0000090,1678060800000000000,2023-04-15,Brazil,Business,Johannesburg,3,2023,Spring,40,0,0,Q1,40
VISA-0000091,1736294400000000000,2025-03-05,India,Student,Berlin,1,2025,Winter,56,2,0,Q1,56
VISA-0000092,1742169600000000000,2025-04-18,Pakistan,Tourist,Berlin,3,2025,Spring,32,0,0,Q1,32
VISA-0000093,1670544000000000000,2023-02-14,Kenya,Dependent,Mumbai,12,2022,Winter,67,4,1,Q4,67
VISA-0000094,1751068800000000000,2025-07-29,India,Tourist,Sydney,6,2025,Summer,31,5,1,Q2,31
VISA-0000095,1654905600000000000,2022-07-29,France,Tourist,Ottawa,6,2022,Summer,48,5,1,Q2,48
VISA-0000096,1647216000000000000,2022-05-07,Pakistan,Student,Singapore,3,2022,Spring,54,0,0,Q1,54
VISA-0000097,1717027200000000000,2024-07-20,Germany,Work,New Delhi,5,2024,Spring,51,3,0,Q2,51
VISA-0000098,1709856000000000000,2024-04-12,China,Tourist,New Delhi,3,2024,Spring,35,4,0,Q1,35
VISA-0000099,1631491200000000000,2021-10-12,Australia,Tourist,Dubai,9,2021,Autumn,29,0,0,Q3,29
VISA-0000100,1740700800000000000,2025-03-31,India,Tourist,Johannesburg,2,2025,Winter,31,4,0,Q1,31
VISA-0000101,1640908800000000000,2022-02-08,Unknown,Tourist,Johannesburg,12,2021,Winter,39,4,1,Q4,39
VISA-0000102,1736294400000000000,2025-02-13,UK,Tourist,Dubai,1,2025,Winter,36,2,0,Q1,36
VISA-0000103,1610582400000000000,2021-03-10,Brazil,Student,Ottawa,1,2021,Winter,55,3,0,Q1,55
VISA-0000104,1735084800000000000,2025-01-29,India,Tourist,London,12,2024,Winter,35,2,1,Q4,35
VISA-0000105,1733529600000000000,2025-01-19,Bangladesh,Tourist,Johannesburg,12,2024,Winter,43,5,1,Q4,43
VISA-0000106,1732492800000000000,2025-02-04,China,Work,Chennai,11,2024,Autumn,71,0,0,Q4,71
VISA-0000107,1714262400000000000,2024-05-26,Bangladesh,Business,Mumbai,4,2024,Spring,28,6,0,Q2,28
VISA-0000108,1683763200000000000,2023-06-09,Germany,Tourist,Sydney,5,2023,Spring,29,3,0,Q2,29
VISA-0000109,1720569600000000000,2024-08-21,Mexico,Tourist,Ottawa,7,2024,Summer,42,2,1,Q3,42
VISA-0000110,1653091200000000000,2022-06-20,Mexico,Tourist,Sydney,5,2022,Spring,30,5,0,Q2,30
VISA-0000111,1732492800000000000,2024-12-11,Mexico,Transit,Singapore,11,2024,Autumn,16,0,0,Q4,16
VISA-0000112,1697068800000000000,2023-11-09,Mexico,Tourist,Chennai,10,2023,Autumn,28,3,0,Q4,28
VISA-0000113,1681776000000000000,2023-05-11,China,Tourist,Singapore,4,2023,Spring,23,1,0,Q2,23
VISA-0000114,1689120000000000000,2023-09-04,Mexico,Student,Chennai,7,2023,Summer,54,2,1,Q3,54
VISA-0000115,1699056000000000000,2023-11-27,UK,Tourist,London,11,2023,Autumn,23,5,0,Q4,23
VISA-0000116,1615334400000000000,2021-04-14,Brazil,Tourist,New Delhi,3,2021,Spring,35,2,0,Q1,35
VISA-0000117,1631491200000000000,2021-10-09,Germany,Tourist,Berlin,9,2021,Autumn,26,0,0,Q3,26
VISA-0000118,1648166400000000000,2022-05-21,France,Work,Singapore,3,2022,Spring,57,4,0,Q1,57
VISA-0000119,1627516800000000000,2021-10-08,Germany,Work,Singapore,7,2021,Summer,71,3,1,Q3,71
VISA-0000120,1678752000000000000,2023-07-06,Pakistan,Work,Mumbai,3,2023,Spring,114,1,0,Q1,114
VISA-0000121,1714780800000000000,2024-06-01,Brazil,Business,Paris,5,2024,Spring,28,5,0,Q2,28
VISA-0000122,1712620800000000000,2024-05-12,Kenya,Tourist,Mumbai,4,2024,Spring,33,1,0,Q2,33
VISA-0000123,1683676800000000000,2023-06-17,Canada,Dependent,Dubai,5,2023,Spring,38,2,0,Q2,38
VISA-0000124,1744243200000000000,2025-05-04,Unknown,Business,Berlin,4,2025,Spring,24,3,0,Q2,24
VISA-0000125,1698537600000000000,2023-12-01,Unknown,Business,Mumbai,10,2023,Autumn,33,6,0,Q4,33
VISA-0000126,1621900800000000000,2021-07-02,Germany,Business,Mumbai,5,2021,Spring,38,1,0,Q2,38
VISA-0000127,1730073600000000000,2024-12-10,Pakistan,Student,New Delhi,10,2024,Autumn,43,0,0,Q4,43
VISA-0000128,1700006400000000000,2023-12-17,France,Tourist,Berlin,11,2023,Autumn,32,2,0,Q4,32
VISA-0000129,1709510400000000000,2024-04-22,Australia,Student,Dubai,3,2024,Spring,49,0,0,Q1,49
VISA-0000130,1698537600000000000,2023-12-07,Nigeria,Tourist,Mumbai,10,2023,Autumn,39,6,0,Q4,39
VISA-0000131,1696723200000000000,2023-11-26,Australia,Student,Sydney,10,2023,Autumn,49,6,0,Q4,49
VISA-0000132,1623715200000000000,2021-07-28,Canada,Tourist,Paris,6,2021,Summer,43,1,1,Q2,43
VISA-0000133,1697587200000000000,2023-11-19,Australia,Tourist,Chennai,10,2023,Autumn,32,2,0,Q4,32
VISA-0000134,1734739200000000000,2025-02-09,Canada,Dependent,Dubai,12,2024,Winter,50,5,1,Q4,50
VISA-0000135,1657324800000000000,2022-09-20,France,Work,London,7,2022,Summer,73,5,1,Q3,73
VISA-0000136,1704499200000000000,2024-03-14,Nigeria,Work,Chennai,1,2024,Winter,68,5,0,Q1,68
VISA-0000137,1614297600000000000,2021-04-03,Kenya,Unknown,Ottawa,2,2021,Winter,36,4,0,Q1,36
VISA-0000138,1664236800000000000,2022-11-26,China,Work,Unknown,9,2022,Autumn,60,1,0,Q3,60
VISA-0000139,1678320000000000000,2023-04-27,Philippines,Dependent,Sydney,3,2023,Spring,49,3,0,Q1,49
VISA-0000140,1764374400000000000,2026-01-24,Australia,Work,Chennai,11,2025,Autumn,56,5,0,Q4,56
VISA-0000141,1643241600000000000,2022-04-15,India,Work,Ottawa,1,2022,Winter,78,3,0,Q1,78
VISA-0000142,1653004800000000000,2022-07-17,Mexico,Student,Dubai,5,2022,Spring,58,4,0,Q2,58
VISA-0000143,1673827200000000000,2023-02-26,China,Tourist,Ottawa,1,2023,Winter,41,0,0,Q1,41
VISA-0000144,1765929600000000000,2026-02-09,Brazil,Work,Berlin,12,2025,Winter,54,2,1,Q4,54
VISA-0000145,1743984000000000000,2025-05-11,Nigeria,Transit,Mumbai,4,2025,Spring,34,0,0,Q2,34
VISA-0000146,1614902400000000000,2021-05-15,Bangladesh,Student,Mumbai,3,2021,Spring,71,4,0,Q1,71
VISA-0000147,1646265600000000000,2022-04-29,Mexico,Student,Singapore,3,2022,Spring,57,3,0,Q1,57
VISA-0000148,1738972800000000000,2025-04-03,Canada,Student,Sydney,2,2025,Winter,54,5,0,Q1,54
VISA-0000149,1618617600000000000,2021-06-04,Canada,Student,Dubai,4,2021,Spring,48,5,0,Q2,48
VISA-0000150,1744329600000000000,2025-05-04,Kenya,Transit,Paris,4,2025,Spring,23,4,0,Q2,23
VISA-0000151,1653782400000000000,2022-08-07,Kenya,Work,Mumbai,5,2022,Spring,70,6,0,Q2,70
VISA-0000152,1754092800000000000,2025-09-17,Mexico,Student,Johannesburg,8,2025,Summer,46,5,1,Q3,46
VISA-0000153,1655683200000000000,2022-08-09,Canada,Student,Ottawa,6,2022,Summer,50,0,1,Q2,50
VISA-0000154,1677888000000000000,2023-04-10,India,Student,Singapore,3,2023,Spring,37,5,0,Q1,37
VISA-0000155,1713744000000000000,2024-05-29,Kenya,Tourist,Ottawa,4,2024,Spring,37,0,0,Q2,37
VISA-0000156,1629331200000000000,2021-10-30,UK,Student,Ottawa,8,2021,Summer,72,3,1,Q3,72
VISA-0000157,1697241600000000000,2023-11-18,Germany,Business,Dubai,10,2023,Autumn,35,5,0,Q4,35
VISA-0000158,1689033600000000000,2023-10-31,Brazil,Work,Chennai,7,2023,Summer,112,1,1,Q3,112
VISA-0000159,1733011200000000000,2025-03-07,Bangladesh,Tourist,Dubai,12,2024,Winter,96,6,1,Q4,96
VISA-0000160,1766448000000000000,2026-02-03,India,Business,Johannesburg,12,2025,Winter,42,1,1,Q4,42
VISA-0000161,1673913600000000000,2023-03-09,UK,Business,Berlin,1,2023,Winter,51,1,0,Q1,51
VISA-0000162,1673481600000000000,2023-02-23,Bangladesh,Tourist,New Delhi,1,2023,Winter,42,3,0,Q1,42
VISA-0000163,1675296000000000000,2023-04-11,Brazil,Work,Berlin,2,2023,Winter,68,3,0,Q1,68
VISA-0000164,1737763200000000000,2025-03-22,UK,Work,New Delhi,1,2025,Winter,56,5,0,Q1,56
VISA-0000165,1660089600000000000,2022-09-26,UK,Dependent,Mumbai,8,2022,Summer,47,2,1,Q3,47
VISA-0000166,1635724800000000000,2021-12-19,Philippines,Tourist,London,11,2021,Autumn,48,0,0,Q4,48
VISA-0000167,1662163200000000000,2022-10-07,Canada,Tourist,London,9,2022,Autumn,34,5,0,Q3,34
VISA-0000168,1613001600000000000,2021-04-14,India,Student,New Delhi,2,2021,Winter,62,3,0,Q1,62
VISA-0000169,1626134400000000000,2021-08-27,Kenya,Tourist,New Delhi,7,2021,Summer,45,1,1,Q3,45
VISA-0000170,1623628800000000000,2021-08-20,Mexico,Student,Paris,6,2021,Summer,67,0,1,Q2,67
VISA-0000171,1731110400000000000,2024-12-07,Brazil,Business,Sydney,11,2024,Autumn,28,5,0,Q4,28
VISA-0000172,1723334400000000000,2024-09-04,UK,Tourist,Chennai,8,2024,Summer,24,6,1,Q3,24
VISA-0000173,1719273600000000000,2024-08-05,Unknown,Student,Ottawa,6,2024,Summer,41,1,1,Q2,41
VISA-0000174,1682208000000000000,2023-05-23,Nigeria,Transit,Berlin,4,2023,Spring,30,6,0,Q2,30
VISA-0000175,1722470400000000000,2024-09-23,UK,Student,Paris,8,2024,Summer,53,3,1,Q3,53
VISA-0000176,1634860800000000000,2022-02-10,Bangladesh,Student,London,10,2021,Autumn,111,4,0,Q4,111
VISA-0000177,1751414400000000000,2025-08-31,UK,Work,Mumbai,7,2025,Summer,60,2,1,Q3,60
VISA-0000178,1688428800000000000,2023-08-14,India,Tourist,Johannesburg,7,2023,Summer,41,1,1,Q3,41
VISA-0000179,1757289600000000000,2025-10-10,Philippines,Tourist,Dubai,9,2025,Autumn,32,0,0,Q3,32
VISA-0000180,1633392000000000000,2021-12-14,Philippines,Work,Johannesburg,10,2021,Autumn,70,1,0,Q4,70
VISA-0000181,1687824000000000000,2023-09-09,Bangladesh,Student,London,6,2023,Summer,74,1,1,Q2,74
VISA-0000182,1719187200000000000,2024-07-16,Canada,Tourist,Mumbai,6,2024,Summer,22,0,1,Q2,22
VISA-0000183,1687564800000000000,2023-08-08,Canada,Tourist,Ottawa,6,2023,Summer,45,5,1,Q2,45
VISA-0000184,1679788800000000000,2023-05-07,Germany,Dependent,London,3,2023,Spring,42,6,0,Q1,42
VISA-0000185,1635638400000000000,2021-12-09,UK,Tourist,Berlin,10,2021,Autumn,39,6,0,Q4,39
VISA-0000186,1669507200000000000,2023-01-02,France,Business,Berlin,11,2022,Autumn,36,6,0,Q4,36
VISA-0000187,1647043200000000000,2022-05-11,Mexico,Student,New Delhi,3,2022,Spring,60,5,0,Q1,60
VISA-0000188,1656979200000000000,2022-09-10,Kenya,Work,Dubai,7,2022,Summer,67,1,1,Q3,67
VISA-0000189,1717200000000000000,2024-07-12,Mexico,Tourist,London,6,2024,Summer,41,5,1,Q2,41
VISA-0000190,1708819200000000000,2024-03-26,UK,Tourist,Dubai,2,2024,Winter,30,6,0,Q1,30
VISA-0000191,1705190400000000000,2024-03-03,Canada,Student,Ottawa,1,2024,Winter,49,6,0,Q1,49
VISA-0000192,1666483200000000000,2022-12-23,Australia,Work,Sydney,10,2022,Autumn,61,6,0,Q4,61
VISA-0000193,1760745600000000000,2025-11-20,Brazil,Tourist,Berlin,10,2025,Autumn,33,5,0,Q4,33
VISA-0000194,1623196800000000000,2021-08-21,France,Student,London,6,2021,Summer,73,2,1,Q2,73
VISA-0000195,1663459200000000000,2022-11-05,Brazil,Student,Chennai,9,2022,Autumn,48,6,0,Q3,48
VISA-0000196,1628035200000000000,2021-09-07,France,Tourist,Berlin,8,2021,Summer,34,2,1,Q3,34
VISA-0000197,1662854400000000000,2022-11-20,Philippines,Work,Johannesburg,9,2022,Autumn,70,6,0,Q3,70
VISA-0000198,1761091200000000000,2025-11-16,Unknown,Tourist,Ottawa,10,2025,Autumn,25,2,0,Q4,25
VISA-0000199,1667174400000000000,2022-12-19,Canada,Student,Johannesburg,10,2022,Autumn,49,0,0,Q4,49
VISA-0000200,1752710400000000000,2025-08-26,UK,Tourist,Chennai,7,2025,Summer,40,3,1,Q3,40
VISA-0000201,1687478400000000000,2023-08-17,Canada,Student,Singapore,6,2023,Summer,55,4,1,Q2,55
VISA-0000202,1719705600000000000,2024-08-04,Mexico,Tourist,Johannesburg,6,2024,Summer,35,6,1,Q2,35
VISA-0000203,1681516800000000000,2023-06-04,Pakistan,Student,London,4,2023,Spring,50,5,0,Q2,50
VISA-0000204,1651363200000000000,2022-06-27,Mexico,Student,Mumbai,5,2022,Spring,57,6,0,Q2,57
VISA-0000205,1729900800000000000,2024-11-29,China,Dependent,Berlin,10,2024,Autumn,34,5,0,Q4,34
VISA-0000206,1762214400000000000,2025-12-21,Bangladesh,Student,Singapore,11,2025,Autumn,47,1,0,Q4,47
VISA-0000207,1650931200000000000,2022-06-02,UK,Business,New Delhi,4,2022,Spring,37,1,0,Q2,37
VISA-0000208,1732233600000000000,2024-12-02,Germany,Tourist,Berlin,11,2024,Autumn,10,4,0,Q4,10
VISA-0000209,1650585600000000000,2022-06-03,Kenya,Student,Singapore,4,2022,Spring,42,4,0,Q2,42
VISA-0000210,1722470400000000000,2024-09-16,China,Tourist,New Delhi,8,2024,Summer,46,3,1,Q3,46
VISA-0000211,1733788800000000000,2025-02-02,Nigeria,Unknown,Sydney,12,2024,Winter,54,1,1,Q4,54
VISA-0000212,1680307200000000000,2023-05-21,Mexico,Work,New Delhi,4,2023,Spring,50,5,0,Q2,50
VISA-0000213,1725580800000000000,2024-10-20,Australia,Dependent,Mumbai,9,2024,Autumn,44,4,0,Q3,44
VISA-0000214,1652313600000000000,2022-07-23,Pakistan,Work,Sydney,5,2022,Spring,72,3,0,Q2,72
VISA-0000215,1621900800000000000,2021-07-18,China,Work,London,5,2021,Spring,54,1,0,Q2,54
VISA-0000216,1624579200000000000,2021-08-24,UK,Tourist,New Delhi,6,2021,Summer,60,4,1,Q2,60
VISA-0000217,1679875200000000000,2023-04-29,India,Tourist,Paris,3,2023,Spring,33,0,0,Q1,33
VISA-0000218,1751760000000000000,2025-08-13,Mexico,Business,Chennai,7,2025,Summer,38,6,1,Q3,38
VISA-0000219,1629504000000000000,2021-09-28,Germany,Tourist,Singapore,8,2021,Summer,38,5,1,Q3,38
VISA-0000220,1681257600000000000,2023-06-15,Pakistan,Tourist,Mumbai,4,2023,Spring,64,2,0,Q2,64
VISA-0000221,1720396800000000000,2024-08-21,Germany,Dependent,Sydney,7,2024,Summer,44,0,1,Q3,44
VISA-0000222,1641340800000000000,2022-01-26,Pakistan,Transit,Berlin,1,2022,Winter,21,2,0,Q1,21
VISA-0000223,1723161600000000000,2024-10-13,France,Work,Sydney,8,2024,Summer,65,4,1,Q3,65
VISA-0000224,1657670400000000000,2022-09-15,Pakistan,Student,Ottawa,7,2022,Summer,64,2,1,Q3,64
VISA-0000225,1736899200000000000,2025-04-08,India,Dependent,Paris,1,2025,Winter,83,2,0,Q1,83
VISA-0000226,1700784000000000000,2023-12-28,India,Tourist,New Delhi,11,2023,Autumn,34,4,0,Q4,34
VISA-0000227,1695686400000000000,2023-12-29,Germany,Student,Singapore,9,2023,Autumn,94,1,0,Q3,94
VISA-0000228,1637280000000000000,2022-01-24,India,Student,Berlin,11,2021,Autumn,66,4,0,Q4,66
VISA-0000229,1682467200000000000,2023-06-13,Nigeria,Dependent,Paris,4,2023,Spring,48,2,0,Q2,48
VISA-0000230,1744502400000000000,2025-05-13,India,Dependent,Ottawa,4,2025,Spring,30,6,0,Q2,30
VISA-0000231,1612483200000000000,2021-04-16,Brazil,Work,Ottawa,2,2021,Winter,70,4,0,Q1,70
VISA-0000232,1729036800000000000,2024-11-23,Bangladesh,Tourist,Dubai,10,2024,Autumn,38,2,0,Q4,38
VISA-0000233,1687132800000000000,2023-08-07,Canada,Student,Unknown,6,2023,Summer,49,0,1,Q2,49
VISA-0000234,1722902400000000000,2024-09-11,Philippines,Tourist,Johannesburg,8,2024,Summer,36,1,1,Q3,36
VISA-0000235,1714003200000000000,2024-06-05,Kenya,Dependent,Singapore,4,2024,Spring,41,3,0,Q2,41
VISA-0000236,1677542400000000000,2023-04-11,India,Tourist,New Delhi,2,2023,Winter,42,1,0,Q1,42
VISA-0000237,1658102400000000000,2022-09-12,India,Tourist,Mumbai,7,2022,Summer,56,0,1,Q3,56
VISA-0000238,1708300800000000000,2024-04-20,Mexico,Work,Johannesburg,2,2024,Winter,61,0,0,Q1,61
VISA-0000239,1631491200000000000,2021-11-03,France,Student,Ottawa,9,2021,Autumn,51,0,0,Q3,51
VISA-0000240,1701475200000000000,2024-02-03,Nigeria,Dependent,Dubai,12,2023,Winter,63,5,1,Q4,63
VISA-0000241,1624320000000000000,2021-08-10,Bangladesh,Tourist,New Delhi,6,2021,Summer,49,1,1,Q2,49
VISA-0000242,1711843200000000000,2024-05-06,India,Business,Mumbai,3,2024,Spring,36,6,0,Q1,36
VISA-0000243,1708560000000000000,2024-03-20,Germany,Tourist,Ottawa,2,2024,Winter,27,3,0,Q1,27
VISA-0000244,1622764800000000000,2021-07-24,India,Tourist,Berlin,6,2021,Summer,50,4,1,Q2,50
VISA-0000245,1728864000000000000,2024-11-24,Unknown,Student,Paris,10,2024,Autumn,41,0,0,Q4,41
VISA-0000246,1674950400000000000,2023-02-17,Canada,Tourist,Singapore,1,2023,Winter,19,6,0,Q1,19
VISA-0000247,1733529600000000000,2025-02-07,Australia,Work,Chennai,12,2024,Winter,62,5,1,Q4,62
VISA-0000248,1615939200000000000,2021-05-03,Brazil,Tourist,Chennai,3,2021,Spring,47,2,0,Q1,47
VISA-0000249,1637712000000000000,2021-12-17,Canada,Tourist,Sydney,11,2021,Autumn,23,2,0,Q4,23
VISA-0000250,1687305600000000000,2023-07-29,Brazil,Business,Dubai,6,2023,Summer,38,2,1,Q2,38
VISA-0000251,1639094400000000000,2022-01-18,India,Tourist,New Delhi,12,2021,Winter,39,4,1,Q4,39
VISA-0000252,1661385600000000000,2022-10-25,Canada,Work,Ottawa,8,2022,Summer,61,3,1,Q3,61
VISA-0000253,1713571200000000000,2024-05-22,Bangladesh,Business,Singapore,4,2024,Spring,32,5,0,Q2,32
VISA-0000254,1632182400000000000,2021-10-27,Brazil,Tourist,Mumbai,9,2021,Autumn,36,1,0,Q3,36
VISA-0000255,1716249600000000000,2024-06-26,Brazil,Business,Singapore,5,2024,Spring,36,1,0,Q2,36
VISA-0000256,1625702400000000000,2021-08-10,France,Tourist,Ottawa,7,2021,Summer,33,3,1,Q3,33
VISA-0000257,1637020800000000000,2022-01-09,China,Student,Sydney,11,2021,Autumn,54,1,0,Q4,54
VISA-0000258,1702080000000000000,2024-01-19,Nigeria,Tourist,Berlin,12,2023,Winter,41,5,1,Q4,41
VISA-0000259,1734566400000000000,2025-01-24,Canada,Dependent,Berlin,12,2024,Winter,36,3,1,Q4,36
VISA-0000260,1636329600000000000,2022-01-12,Philippines,Work,Berlin,11,2021,Autumn,65,0,0,Q4,65
VISA-0000261,1656720000000000000,2022-09-05,Brazil,Student,Mumbai,7,2022,Summer,65,5,1,Q3,65
VISA-0000262,1755302400000000000,2025-09-10,India,Transit,London,8,2025,Summer,25,5,1,Q3,25
VISA-0000263,1765497600000000000,2026-01-14,India,Tourist,Singapore,12,2025,Winter,33,4,1,Q4,33
VISA-0000264,1701043200000000000,2024-01-12,France,Dependent,New Delhi,11,2023,Autumn,46,0,0,Q4,46
VISA-0000265,1679875200000000000,2023-04-29,India,Business,Berlin,3,2023,Spring,33,0,0,Q1,33
VISA-0000266,1664150400000000000,2022-11-05,Germany,Dependent,Sydney,9,2022,Autumn,40,0,0,Q3,40
VISA-0000267,1705968000000000000,2024-03-06,Australia,Dependent,Mumbai,1,2024,Winter,43,1,0,Q1,43
VISA-0000268,1702598400000000000,2024-01-05,Philippines,Transit,Mumbai,12,2023,Winter,21,4,1,Q4,21
VISA-0000269,1655856000000000000,2022-08-05,Brazil,Tourist,Johannesburg,6,2022,Summer,44,2,1,Q2,44
VISA-0000270,1613001600000000000,2021-04-06,Germany,Business,New Delhi,2,2021,Winter,54,3,0,Q1,54
VISA-0000271,1633305600000000000,2021-11-24,Kenya,Business,New Delhi,10,2021,Autumn,51,0,0,Q4,51
VISA-0000272,1760572800000000000,2025-12-16,China,Work,New Delhi,10,2025,Autumn,61,3,0,Q4,61
VISA-0000273,1675382400000000000,2023-03-18,Kenya,Tourist,Dubai,2,2023,Winter,43,4,0,Q1,43
VISA-0000274,1685491200000000000,2023-06-17,Kenya,Transit,Johannesburg,5,2023,Spring,17,2,0,Q2,17
VISA-0000275,1683072000000000000,2023-06-04,China,Tourist,Mumbai,5,2023,Spring,32,2,0,Q2,32
VISA-0000276,1732838400000000000,2025-01-13,India,Student,Paris,11,2024,Autumn,45,4,0,Q4,45
VISA-0000277,1619654400000000000,2021-06-13,Germany,Student,Berlin,4,2021,Spring,45,3,0,Q2,45
VISA-0000278,1622419200000000000,2021-07-10,China,Tourist,Chennai,5,2021,Spring,40,0,0,Q2,40
VISA-0000279,1652918400000000000,2022-07-04,Bangladesh,Business,New Delhi,5,2022,Spring,46,3,0,Q2,46
VISA-0000280,1686182400000000000,2023-07-19,India,Tourist,Sydney,6,2023,Summer,41,3,1,Q2,41
VISA-0000281,1715212800000000000,2024-06-30,UK,Work,New Delhi,5,2024,Spring,52,3,0,Q2,52
VISA-0000282,1686787200000000000,2023-08-08,Mexico,Dependent,Mumbai,6,2023,Summer,54,3,1,Q2,54
VISA-0000283,1679011200000000000,2023-04-16,China,Tourist,Sydney,3,2023,Spring,30,4,0,Q1,30
VISA-0000284,1757289600000000000,2025-10-29,India,Work,Paris,9,2025,Autumn,51,0,0,Q3,51
VISA-0000285,1634774400000000000,2021-11-24,Canada,Tourist,Johannesburg,10,2021,Autumn,34,3,0,Q4,34
VISA-0000286,1699574400000000000,2024-01-03,Pakistan,Dependent,Dubai,11,2023,Autumn,54,4,0,Q4,54
VISA-0000287,1694908800000000000,2023-10-10,China,Transit,London,9,2023,Autumn,23,6,0,Q3,23
VISA-0000288,1684108800000000000,2023-06-06,France,Tourist,London,5,2023,Spring,22,0,0,Q2,22
VISA-0000289,1736726400000000000,2025-03-24,Bangladesh,Unknown,Dubai,1,2025,Winter,70,0,0,Q1,70
VISA-0000290,1651536000000000000,2022-06-25,Brazil,Student,Mumbai,5,2022,Spring,53,1,0,Q2,53
VISA-0000291,1759795200000000000,2025-11-24,Kenya,Student,Sydney,10,2025,Autumn,48,1,0,Q4,48
VISA-0000292,1661731200000000000,2022-11-06,UK,Work,Paris,8,2022,Summer,69,0,1,Q3,69
VISA-0000293,1695340800000000000,2023-11-04,UK,Student,Singapore,9,2023,Autumn,43,4,0,Q3,43
VISA-0000294,1691539200000000000,2023-10-21,Canada,Work,New Delhi,8,2023,Summer,73,2,1,Q3,73
VISA-0000295,1743379200000000000,2025-04-28,UK,Tourist,London,3,2025,Spring,28,0,0,Q1,28
VISA-0000296,1678665600000000000,2023-05-06,Pakistan,Student,Chennai,3,2023,Spring,54,0,0,Q1,54
VISA-0000297,1654300800000000000,2022-08-08,Kenya,Dependent,Dubai,6,2022,Summer,65,5,1,Q2,65
VISA-0000298,1612828800000000000,2021-03-27,Philippines,Tourist,Chennai,2,2021,Winter,46,1,0,Q1,46
VISA-0000299,1666742400000000000,2023-01-01,UK,Work,Johannesburg,10,2022,Autumn,67,2,0,Q4,67
VISA-0000300,1739664000000000000,2025-03-26,Brazil,Tourist,Johannesburg,2,2025,Winter,38,6,0,Q1,38
VISA-0000301,1611014400000000000,2021-03-26,India,Dependent,London,1,2021,Winter,66,1,0,Q1,66
VISA-0000302,1750723200000000000,2025-08-24,China,Work,Ottawa,6,2025,Summer,61,1,1,Q2,61
VISA-0000303,1694995200000000000,2023-10-21,Australia,Student,Ottawa,9,2023,Autumn,33,0,0,Q3,33
VISA-0000304,1631491200000000000,2021-10-13,Germany,Tourist,New Delhi,9,2021,Autumn,30,0,0,Q3,30
VISA-0000305,1657065600000000000,2022-09-12,Nigeria,Student,Singapore,7,2022,Summer,68,2,1,Q3,68
VISA-0000306,1696809600000000000,2023-10-22,UK,Transit,Paris,10,2023,Autumn,13,0,0,Q4,13
VISA-0000307,1659225600000000000,2022-09-23,India,Student,London,7,2022,Summer,54,6,1,Q3,54
VISA-0000308,1626566400000000000,2021-09-24,India,Student,Dubai,7,2021,Summer,68,6,1,Q3,68
VISA-0000309,1714435200000000000,2024-06-03,Pakistan,Business,Ottawa,4,2024,Spring,34,1,0,Q2,34
VISA-0000310,1715385600000000000,2024-07-11,Bangladesh,Student,Chennai,5,2024,Spring,61,5,0,Q2,61
VISA-0000311,1628121600000000000,2021-10-09,Kenya,Student,London,8,2021,Summer,65,3,1,Q3,65
VISA-0000312,1653782400000000000,2022-07-17,Germany,Tourist,Mumbai,5,2022,Spring,49,6,0,Q2,49
VISA-0000313,1647907200000000000,2022-04-24,Mexico,Tourist,Paris,3,2022,Spring,33,1,0,Q1,33
VISA-0000314,1713398400000000000,2024-05-18,France,Business,Berlin,4,2024,Spring,30,3,0,Q2,30
VISA-0000315,1724544000000000000,2024-10-10,Philippines,Dependent,Johannesburg,8,2024,Summer,46,6,1,Q3,46
VISA-0000316,1724025600000000000,2024-10-13,France,Dependent,New Delhi,8,2024,Summer,55,0,1,Q3,55
VISA-0000317,1757462400000000000,2025-10-16,Canada,Dependent,Dubai,9,2025,Autumn,36,2,0,Q3,36
VISA-0000318,1730592000000000000,2024-12-22,India,Student,Dubai,11,2024,Autumn,49,6,0,Q4,49
VISA-0000319,1660003200000000000,2022-09-25,India,Tourist,Dubai,8,2022,Summer,47,1,1,Q3,47
VISA-0000320,1626393600000000000,2021-09-18,Kenya,Work,Johannesburg,7,2021,Summer,64,4,1,Q3,64
VISA-0000321,1706313600000000000,2024-02-12,China,Transit,Ottawa,1,2024,Winter,16,5,0,Q1,16
VISA-0000322,1753833600000000000,2025-09-06,Kenya,Business,Mumbai,7,2025,Summer,38,2,1,Q3,38
VISA-0000323,1763164800000000000,2026-02-13,Germany,Student,New Delhi,11,2025,Autumn,90,5,0,Q4,90
VISA-0000324,1645747200000000000,2022-04-27,Canada,Work,Sydney,2,2022,Winter,61,4,0,Q1,61
VISA-0000325,1646697600000000000,2022-04-22,Australia,Business,Mumbai,3,2022,Spring,45,1,0,Q1,45
VISA-0000326,1615334400000000000,2021-04-30,Canada,Dependent,Mumbai,3,2021,Spring,51,2,0,Q1,51
VISA-0000327,1631664000000000000,2021-10-27,Canada,Business,Mumbai,9,2021,Autumn,42,2,0,Q3,42
VISA-0000328,1696896000000000000,2023-11-28,Bangladesh,Student,London,10,2023,Autumn,49,1,0,Q4,49
VISA-0000329,1695600000000000000,2023-11-05,Brazil,Tourist,Mumbai,9,2023,Autumn,41,0,0,Q3,41
VISA-0000330,1667865600000000000,2022-12-15,Brazil,Student,Sydney,11,2022,Autumn,37,1,0,Q4,37
VISA-0000331,1658275200000000000,2022-08-22,Canada,Tourist,Berlin,7,2022,Summer,33,2,1,Q3,33
VISA-0000332,1740268800000000000,2025-04-22,Bangladesh,Dependent,London,2,2025,Winter,58,6,0,Q1,58
VISA-0000333,1681948800000000000,2023-06-13,India,Student,Unknown,4,2023,Spring,54,3,0,Q2,54
VISA-0000334,1736899200000000000,2025-02-27,Mexico,Student,Dubai,1,2025,Winter,43,2,0,Q1,43
VISA-0000335,1761264000000000000,2025-11-18,Pakistan,Tourist,New Delhi,10,2025,Autumn,25,4,0,Q4,25
VISA-0000336,1659398400000000000,2022-10-11,Philippines,Work,Paris,8,2022,Summer,70,1,1,Q3,70
VISA-0000337,1641340800000000000,2022-03-09,UK,Student,Unknown,1,2022,Winter,63,2,0,Q1,63
VISA-0000338,1759708800000000000,2025-11-07,Mexico,Tourist,Ottawa,10,2025,Autumn,32,0,0,Q4,32
VISA-0000339,1709510400000000000,2024-04-16,UK,Dependent,Chennai,3,2024,Spring,43,0,0,Q1,43
VISA-0000340,1655251200000000000,2022-08-02,Germany,Student,London,6,2022,Summer,48,2,1,Q2,48
VISA-0000341,1707436800000000000,2024-04-02,Nigeria,Student,Mumbai,2,2024,Winter,53,4,0,Q1,53
VISA-0000342,1690588800000000000,2023-09-08,Mexico,Tourist,Dubai,7,2023,Summer,41,5,1,Q3,41
VISA-0000343,1752192000000000000,2025-09-20,Pakistan,Work,Mumbai,7,2025,Summer,71,4,1,Q3,71
VISA-0000344,1649808000000000000,2022-06-16,Bangladesh,Work,Unknown,4,2022,Spring,64,2,0,Q2,64
VISA-0000345,1765756800000000000,2026-02-12,China,Dependent,Chennai,12,2025,Winter,59,0,1,Q4,59
VISA-0000346,1757030400000000000,2025-10-15,Pakistan,Tourist,Dubai,9,2025,Autumn,40,4,0,Q3,40
VISA-0000347,1637884800000000000,2021-12-30,Canada,Transit,Sydney,11,2021,Autumn,34,4,0,Q4,34
VISA-0000348,1635379200000000000,2022-01-02,Pakistan,Work,Dubai,10,2021,Autumn,66,3,0,Q4,66
VISA-0000349,1693526400000000000,2023-10-02,Kenya,Tourist,Paris,9,2023,Autumn,31,4,0,Q3,31
VISA-0000350,1616457600000000000,2021-05-03,Pakistan,Tourist,Dubai,3,2021,Spring,41,1,0,Q1,41
VISA-0000351,1656547200000000000,2022-07-21,Germany,Tourist,Singapore,6,2022,Summer,21,3,1,Q2,21
VISA-0000352,1678060800000000000,2023-04-10,Brazil,Dependent,Chennai,3,2023,Spring,35,0,0,Q1,35
VISA-0000353,1762300800000000000,2025-11-22,Australia,Tourist,Paris,11,2025,Autumn,17,2,0,Q4,17
VISA-0000354,1765929600000000000,2026-02-04,France,Student,London,12,2025,Winter,49,2,1,Q4,49
VISA-0000355,1633305600000000000,2021-12-17,Australia,Work,Dubai,10,2021,Autumn,74,0,0,Q4,74
VISA-0000356,1750032000000000000,2025-07-27,Germany,Dependent,Sydney,6,2025,Summer,41,0,1,Q2,41
VISA-0000357,1623715200000000000,2021-08-28,UK,Work,Singapore,6,2021,Summer,74,1,1,Q2,74
VISA-0000358,1727481600000000000,2024-11-01,Pakistan,Business,Chennai,9,2024,Autumn,34,5,0,Q3,34
VISA-0000359,1742774400000000000,2025-04-16,Australia,Tourist,Sydney,3,2025,Spring,23,0,0,Q1,23
VISA-0000360,1749859200000000000,2025-08-01,France,Dependent,Mumbai,6,2025,Summer,48,5,1,Q2,48
VISA-0000361,1644624000000000000,2022-04-04,Unknown,Tourist,Dubai,2,2022,Winter,51,5,0,Q1,51
VISA-0000362,1750291200000000000,2025-07-27,China,Tourist,New Delhi,6,2025,Summer,38,3,1,Q2,38
VISA-0000363,1627689600000000000,2021-09-06,India,Transit,Ottawa,7,2021,Summer,37,5,1,Q3,37
VISA-0000364,1691193600000000000,2023-09-13,Mexico,Tourist,New Delhi,8,2023,Summer,39,5,1,Q3,39
VISA-0000365,1683417600000000000,2023-06-14,India,Tourist,London,5,2023,Spring,38,6,0,Q2,38
VISA-0000366,1659225600000000000,2022-10-06,Canada,Work,Sydney,7,2022,Summer,67,6,1,Q3,67
VISA-0000367,1612915200000000000,2021-03-27,China,Tourist,Unknown,2,2021,Winter,45,2,0,Q1,45
VISA-0000368,1731110400000000000,2024-12-02,Kenya,Tourist,Ottawa,11,2024,Autumn,23,5,0,Q4,23
VISA-0000369,1662336000000000000,2022-11-09,China,Work,Mumbai,9,2022,Autumn,65,0,0,Q3,65
VISA-0000370,1713744000000000000,2024-05-18,Bangladesh,Business,Berlin,4,2024,Spring,26,0,0,Q2,26
VISA-0000371,1674086400000000000,2023-02-21,Brazil,Business,Paris,1,2023,Winter,33,3,0,Q1,33
VISA-0000372,1668297600000000000,2022-12-08,Canada,Tourist,Sydney,11,2022,Autumn,25,6,0,Q4,25
VISA-0000373,1749168000000000000,2025-08-10,UK,Work,New Delhi,6,2025,Summer,65,4,1,Q2,65
VISA-0000374,1624320000000000000,2021-08-16,Kenya,Business,New Delhi,6,2021,Summer,55,1,1,Q2,55
VISA-0000375,1725580800000000000,2024-10-03,France,Tourist,Berlin,9,2024,Autumn,27,4,0,Q3,27
VISA-0000376,1727136000000000000,2024-10-23,Kenya,Tourist,Johannesburg,9,2024,Autumn,29,1,0,Q3,29
VISA-0000377,1669334400000000000,2022-12-30,Bangladesh,Tourist,Singapore,11,2022,Autumn,35,4,0,Q4,35
VISA-0000378,1650758400000000000,2022-06-11,UK,Student,Ottawa,4,2022,Spring,48,6,0,Q2,48
VISA-0000379,1610236800000000000,2021-02-06,Canada,Tourist,Sydney,1,2021,Winter,27,6,0,Q1,27
VISA-0000380,1757116800000000000,2025-10-06,France,Business,Mumbai,9,2025,Autumn,30,5,0,Q3,30
VISA-0000381,1758844800000000000,2025-10-14,Germany,Transit,New Delhi,9,2025,Autumn,18,4,0,Q3,18
VISA-0000382,1647388800000000000,2022-04-20,Mexico,Tourist,Paris,3,2022,Spring,35,2,0,Q1,35
VISA-0000383,1614470400000000000,2021-05-10,Brazil,Work,Ottawa,2,2021,Winter,71,6,0,Q1,71
VISA-0000384,1628812800000000000,2021-09-27,Bangladesh,Tourist,Sydney,8,2021,Summer,45,4,1,Q3,45
VISA-0000385,1620086400000000000,2021-06-10,India,Tourist,London,5,2021,Spring,37,1,0,Q2,37
VISA-0000386,1740441600000000000,2025-04-06,France,Business,London,2,2025,Winter,40,1,0,Q1,40
VISA-0000387,1750032000000000000,2025-08-02,Mexico,Student,Johannesburg,6,2025,Summer,47,0,1,Q2,47
VISA-0000388,1633564800000000000,2021-11-23,China,Dependent,Paris,10,2021,Autumn,47,3,0,Q4,47
VISA-0000389,1727136000000000000,2024-11-01,Brazil,Student,Berlin,9,2024,Autumn,38,1,0,Q3,38
VISA-0000390,1637712000000000000,2021-12-19,France,Tourist,Ottawa,11,2021,Autumn,25,2,0,Q4,25
VISA-0000391,1667347200000000000,2022-12-22,Mexico,Student,Berlin,11,2022,Autumn,50,2,0,Q4,50
VISA-0000392,1703894400000000000,2024-02-12,Pakistan,Tourist,London,12,2023,Winter,44,5,1,Q4,44
VISA-0000393,1722902400000000000,2024-09-19,France,Dependent,Sydney,8,2024,Summer,44,1,1,Q3,44
VISA-0000394,1747353600000000000,2025-07-08,India,Work,Mumbai,5,2025,Spring,53,4,0,Q2,53
VISA-0000395,1616457600000000000,2021-06-13,Germany,Tourist,Berlin,3,2021,Spring,82,1,0,Q1,82
VISA-0000396,1640390400000000000,2022-03-09,Brazil,Student,New Delhi,12,2021,Winter,74,5,1,Q4,74
VISA-0000397,1653609600000000000,2022-07-19,UK,Work,Berlin,5,2022,Spring,53,4,0,Q2,53
VISA-0000398,1658361600000000000,2022-09-13,Canada,Business,Dubai,7,2022,Summer,54,3,1,Q3,54
VISA-0000399,1766793600000000000,2026-01-29,China,Tourist,New Delhi,12,2025,Winter,33,5,1,Q4,33
VISA-0000400,1731974400000000000,2024-12-12,France,Tourist,Sydney,11,2024,Autumn,23,1,0,Q4,23
VISA-0000401,1659916800000000000,2022-09-10,France,Tourist,Chennai,8,2022,Summer,33,0,1,Q3,33
VISA-0000402,1762646400000000000,2025-12-27,Kenya,Student,Sydney,11,2025,Autumn,48,6,0,Q4,48
VISA-0000403,1688169600000000000,2023-08-23,UK,Student,Unknown,7,2023,Summer,53,5,1,Q3,53
VISA-0000404,1688342400000000000,2023-08-07,Philippines,Tourist,Berlin,7,2023,Summer,35,0,1,Q3,35
VISA-0000405,1677801600000000000,2023-04-23,Canada,Student,Sydney,3,2023,Spring,51,4,0,Q1,51
VISA-0000406,1632096000000000000,2021-11-11,Brazil,Student,London,9,2021,Autumn,52,0,0,Q3,52
VISA-0000407,1756771200000000000,2025-09-28,UK,Tourist,Singapore,9,2025,Autumn,26,1,0,Q3,26
VISA-0000408,1611619200000000000,2021-03-23,Brazil,Dependent,Berlin,1,2021,Winter,56,1,0,Q1,56
VISA-0000409,1636934400000000000,2022-01-28,Philippines,Work,Dubai,11,2021,Autumn,74,0,0,Q4,74
VISA-0000410,1645660800000000000,2022-04-23,Canada,Student,Mumbai,2,2022,Winter,58,3,0,Q1,58
VISA-0000411,1653436800000000000,2022-07-20,Philippines,Student,Sydney,5,2022,Spring,56,2,0,Q2,56
VISA-0000412,1630195200000000000,2021-10-16,Mexico,Tourist,Berlin,8,2021,Summer,48,6,1,Q3,48
VISA-0000413,1612224000000000000,2021-03-25,China,Dependent,Johannesburg,2,2021,Winter,51,1,0,Q1,51
VISA-0000414,1716249600000000000,2024-07-30,China,Work,Dubai,5,2024,Spring,70,1,0,Q2,70
VISA-0000415,1762214400000000000,2025-12-28,Pakistan,Student,Mumbai,11,2025,Autumn,54,1,0,Q4,54
VISA-0000416,1628640000000000000,2021-11-22,Nigeria,Dependent,Berlin,8,2021,Summer,103,2,1,Q3,103
VISA-0000417,1656201600000000000,2022-08-18,China,Dependent,New Delhi,6,2022,Summer,53,6,1,Q2,53
VISA-0000418,1689292800000000000,2023-08-19,Pakistan,Business,London,7,2023,Summer,36,4,1,Q3,36
VISA-0000419,1755648000000000000,2025-09-18,Canada,Tourist,Johannesburg,8,2025,Summer,29,2,1,Q3,29
VISA-0000420,1718928000000000000,2024-07-28,India,Tourist,Paris,6,2024,Summer,37,4,1,Q2,37
VISA-0000421,1730246400000000000,2024-12-26,China,Work,Singapore,10,2024,Autumn,57,2,0,Q4,57
VISA-0000422,1701043200000000000,2024-02-05,Philippines,Student,London,11,2023,Autumn,70,0,0,Q4,70
VISA-0000423,1675209600000000000,2023-04-07,Kenya,Work,Berlin,2,2023,Winter,65,2,0,Q1,65
VISA-0000424,1640908800000000000,2022-02-13,Mexico,Business,Berlin,12,2021,Winter,44,4,1,Q4,44
VISA-0000425,1736208000000000000,2025-02-14,Mexico,Tourist,Chennai,1,2025,Winter,38,1,0,Q1,38
VISA-0000426,1613347200000000000,2021-04-04,Mexico,Tourist,Johannesburg,2,2021,Winter,48,0,0,Q1,48
VISA-0000427,1722211200000000000,2024-09-22,Brazil,Student,Johannesburg,7,2024,Summer,55,0,1,Q3,55
VISA-0000428,1622764800000000000,2021-06-30,Germany,Tourist,Mumbai,6,2021,Summer,26,4,1,Q2,26
VISA-0000429,1725926400000000000,2024-11-18,Brazil,Work,Paris,9,2024,Autumn,69,1,0,Q3,69
VISA-0000430,1739664000000000000,2025-03-23,UK,Business,Ottawa,2,2025,Winter,35,6,0,Q1,35
VISA-0000431,1630108800000000000,2021-11-03,Australia,Student,Berlin,8,2021,Summer,67,5,1,Q3,67
VISA-0000432,1677801600000000000,2023-04-14,Kenya,Business,Dubai,3,2023,Spring,42,4,0,Q1,42
VISA-0000433,1628899200000000000,2021-10-13,Pakistan,Student,Chennai,8,2021,Summer,60,5,1,Q3,60
VISA-0000434,1698883200000000000,2023-11-29,UK,Business,Mumbai,11,2023,Autumn,27,3,0,Q4,27
VISA-0000435,1755648000000000000,2025-09-12,Australia,Tourist,Sydney,8,2025,Summer,23,2,1,Q3,23
VISA-0000436,1622160000000000000,2021-07-05,France,Unknown,Singapore,5,2021,Spring,38,4,0,Q2,38
VISA-0000437,1672099200000000000,2023-02-05,Brazil,Business,Singapore,12,2022,Winter,40,1,1,Q4,40
VISA-0000438,1762819200000000000,2025-12-08,China,Tourist,London,11,2025,Autumn,27,1,0,Q4,27
VISA-0000439,1656892800000000000,2022-09-05,China,Work,Singapore,7,2022,Summer,63,0,1,Q3,63
VISA-0000440,1630281600000000000,2021-10-21,Unknown,Dependent,London,8,2021,Summer,52,0,1,Q3,52
VISA-0000441,1686441600000000000,2023-08-08,Pakistan,Tourist,Dubai,6,2023,Summer,58,6,1,Q2,58
VISA-0000442,1689552000000000000,2023-08-31,Brazil,Business,London,7,2023,Summer,45,0,1,Q3,45
VISA-0000443,1713916800000000000,2024-05-16,Brazil,Transit,Sydney,4,2024,Spring,22,2,0,Q2,22
VISA-0000444,1658880000000000000,2022-09-11,Mexico,Dependent,Sydney,7,2022,Summer,46,2,1,Q3,46
VISA-0000445,1760140800000000000,2025-11-25,France,Student,Berlin,10,2025,Autumn,45,5,0,Q4,45
VISA-0000446,1691539200000000000,2023-10-27,Bangladesh,Work,Sydney,8,2023,Summer,79,2,1,Q3,79
VISA-0000447,1654560000000000000,2022-07-04,Australia,Transit,Sydney,6,2022,Summer,27,1,1,Q2,27
VISA-0000448,1760832000000000000,2025-12-06,Brazil,Unknown,Berlin,10,2025,Autumn,48,6,0,Q4,48
VISA-0000449,1755216000000000000,2025-09-18,Philippines,Tourist,Ottawa,8,2025,Summer,34,4,1,Q3,34
VISA-0000450,1688083200000000000,2023-08-06,China,Tourist,Sydney,6,2023,Summer,37,4,1,Q2,37
VISA-0000451,1613347200000000000,2021-04-04,Kenya,Business,New Delhi,2,2021,Winter,48,0,0,Q1,48
VISA-0000452,1703548800000000000,2024-02-09,Pakistan,Student,Singapore,12,2023,Winter,45,1,1,Q4,45
VISA-0000453,1696982400000000000,2023-11-16,Pakistan,Tourist,Mumbai,10,2023,Autumn,36,2,0,Q4,36
VISA-0000454,1632787200000000000,2021-11-08,Nigeria,Tourist,Singapore,9,2021,Autumn,41,1,0,Q3,41
VISA-0000455,1709424000000000000,2024-04-07,Mexico,Business,Paris,3,2024,Spring,35,6,0,Q1,35
VISA-0000456,1741996800000000000,2025-05-09,Kenya,Student,Johannesburg,3,2025,Spring,55,5,0,Q1,55
VISA-0000457,1626134400000000000,2021-09-18,Philippines,Dependent,New Delhi,7,2021,Summer,67,1,1,Q3,67
VISA-0000458,1723507200000000000,2024-09-16,UK,Business,Chennai,8,2024,Summer,34,1,1,Q3,34
VISA-0000459,1631577600000000000,2021-12-06,India,Transit,New Delhi,9,2021,Autumn,83,1,0,Q3,83
VISA-0000460,1727481600000000000,2024-11-06,Mexico,Dependent,Ottawa,9,2024,Autumn,39,5,0,Q3,39
VISA-0000461,1675468800000000000,2023-03-02,France,Tourist,Singapore,2,2023,Winter,26,5,0,Q1,26
VISA-0000462,1610409600000000000,2021-03-20,China,Work,Paris,1,2021,Winter,67,1,0,Q1,67
VISA-0000463,1761782400000000000,2025-11-17,China,Tourist,Berlin,10,2025,Autumn,18,3,0,Q4,18
VISA-0000464,1635552000000000000,2021-12-01,France,Transit,Singapore,10,2021,Autumn,32,5,0,Q4,32
VISA-0000465,1703376000000000000,2024-01-31,Brazil,Tourist,New Delhi,12,2023,Winter,38,6,1,Q4,38
VISA-0000466,1638057600000000000,2022-01-26,Mexico,Work,Paris,11,2021,Autumn,59,6,0,Q4,59
VISA-0000467,1756512000000000000,2025-10-25,Pakistan,Dependent,London,8,2025,Summer,56,5,1,Q3,56
VISA-0000468,1725840000000000000,2024-09-30,Canada,Tourist,Berlin,9,2024,Autumn,21,0,0,Q3,21
VISA-0000469,1736208000000000000,2025-03-14,India,Dependent,Paris,1,2025,Winter,66,1,0,Q1,66
VISA-0000470,1677542400000000000,2023-03-26,India,Tourist,Berlin,2,2023,Winter,26,1,0,Q1,26
VISA-0000471,1683072000000000000,2023-07-26,China,Student,Ottawa,5,2023,Spring,84,2,0,Q2,84
VISA-0000472,1709424000000000000,2024-04-22,Canada,Student,Dubai,3,2024,Spring,50,6,0,Q1,50
VISA-0000473,1733184000000000000,2025-01-20,UK,Student,Sydney,12,2024,Winter,48,1,1,Q4,48
VISA-0000474,1742947200000000000,2025-05-26,Brazil,Work,Dubai,3,2025,Spring,61,2,0,Q1,61
VISA-0000475,1612224000000000000,2021-03-28,China,Dependent,Sydney,2,2021,Winter,54,1,0,Q1,54
VISA-0000476,1714003200000000000,2024-05-21,India,Tourist,Ottawa,4,2024,Spring,26,3,0,Q2,26
VISA-0000477,1626652800000000000,2021-10-07,Philippines,Work,Chennai,7,2021,Summer,80,0,1,Q3,80
VISA-0000478,1654819200000000000,2022-07-31,France,Dependent,Ottawa,6,2022,Summer,51,4,1,Q2,51
VISA-0000479,1740182400000000000,2025-04-05,Brazil,Business,Berlin,2,2025,Winter,42,5,0,Q1,42
VISA-0000480,1648944000000000000,2022-05-19,India,Tourist,Singapore,4,2022,Spring,46,6,0,Q2,46
VISA-0000481,1735084800000000000,2025-02-01,Mexico,Dependent,Mumbai,12,2024,Winter,38,2,1,Q4,38
VISA-0000482,1682380800000000000,2023-06-06,Philippines,Tourist,Chennai,4,2023,Spring,42,1,0,Q2,42
VISA-0000483,1646092800000000000,2022-04-29,Canada,Work,Sydney,3,2022,Spring,59,1,0,Q1,59
VISA-0000484,1662076800000000000,2022-11-02,Kenya,Work,Berlin,9,2022,Autumn,61,4,0,Q3,61
VISA-0000485,1693094400000000000,2023-10-12,Germany,Business,Mumbai,8,2023,Summer,46,6,1,Q3,46
VISA-0000486,1730073600000000000,2024-11-24,Brazil,Tourist,London,10,2024,Autumn,27,0,0,Q4,27
VISA-0000487,1704931200000000000,2024-02-23,Kenya,Tourist,New Delhi,1,2024,Winter,43,3,0,Q1,43
VISA-0000488,1756598400000000000,2025-10-22,Brazil,Business,New Delhi,8,2025,Summer,52,6,1,Q3,52
VISA-0000489,1746230400000000000,2025-06-07,China,Tourist,Mumbai,5,2025,Spring,35,5,0,Q2,35
VISA-0000490,1728172800000000000,2024-11-12,Kenya,Student,Paris,10,2024,Autumn,37,6,0,Q4,37
VISA-0000491,1704499200000000000,2024-02-07,Kenya,Business,Singapore,1,2024,Winter,32,5,0,Q1,32
VISA-0000492,1655078400000000000,2022-10-02,Brazil,Work,Sydney,6,2022,Summer,111,0,1,Q2,111
VISA-0000493,1674432000000000000,2023-03-13,Bangladesh,Tourist,Mumbai,1,2023,Winter,49,0,0,Q1,49
VISA-0000494,1628121600000000000,2021-09-07,Canada,Tourist,Johannesburg,8,2021,Summer,33,3,1,Q3,33
VISA-0000495,1668384000000000000,2022-11-30,Bangladesh,Transit,London,11,2022,Autumn,16,0,0,Q4,16
VISA-0000496,1755475200000000000,2025-10-12,UK,Student,Mumbai,8,2025,Summer,55,0,1,Q3,55
VISA-0000497,1676592000000000000,2023-03-26,UK,Tourist,Mumbai,2,2023,Winter,37,4,0,Q1,37
VISA-0000498,1627344000000000000,2021-09-04,Pakistan,Tourist,London,7,2021,Summer,39,1,1,Q3,39
VISA-0000499,1712188800000000000,2024-04-23,UK,Tourist,Paris,4,2024,Spring,19,3,0,Q2,19
VISA-0000500,1761177600000000000,2025-11-10,Pakistan,Transit,Ottawa,10,2025,Autumn,18,3,0,Q4,18
VISA-0000501,1746230400000000000,2025-06-09,France,Tourist,Ottawa,5,2025,Spring,37,5,0,Q2,37
VISA-0000502,1652659200000000000,2022-06-15,Canada,Tourist,London,5,2022,Spring,30,0,0,Q2,30
VISA-0000503,1680998400000000000,2023-06-02,Philippines,Student,Johannesburg,4,2023,Spring,54,6,0,Q2,54
VISA-0000504,1693180800000000000,2023-10-05,Unknown,Tourist,Berlin,8,2023,Summer,38,0,1,Q3,38
VISA-0000505,1648512000000000000,2022-05-05,Pakistan,Tourist,Berlin,3,2022,Spring,37,1,0,Q1,37
VISA-0000506,1651795200000000000,2022-06-11,China,Transit,Ottawa,5,2022,Spring,36,4,0,Q2,36
VISA-0000507,1646697600000000000,2022-05-14,Brazil,Work,Sydney,3,2022,Spring,67,1,0,Q1,67
VISA-0000508,1766275200000000000,2026-02-05,Kenya,Tourist,Singapore,12,2025,Winter,46,6,1,Q4,46
VISA-0000509,1727049600000000000,2024-11-09,China,Student,Berlin,9,2024,Autumn,47,0,0,Q3,47
VISA-0000510,1741996800000000000,2025-04-04,Bangladesh,Tourist,Paris,3,2025,Spring,20,5,0,Q1,20
VISA-0000511,1738195200000000000,2025-03-07,UK,Tourist,New Delhi,1,2025,Winter,36,3,0,Q1,36
VISA-0000512,1760659200000000000,2025-12-10,Philippines,Work,Singapore,10,2025,Autumn,54,4,0,Q4,54
VISA-0000513,1626048000000000000,2021-09-02,India,Student,Johannesburg,7,2021,Summer,52,0,1,Q3,52
VISA-0000514,1748390400000000000,2025-06-27,India,Business,Berlin,5,2025,Spring,30,2,0,Q2,30
VISA-0000515,1619913600000000000,2021-06-16,Mexico,Dependent,Johannesburg,5,2021,Spring,45,6,0,Q2,45
VISA-0000516,1684368000000000000,2023-06-22,China,Tourist,Dubai,5,2023,Spring,35,3,0,Q2,35
VISA-0000517,1703116800000000000,2024-02-27,China,Dependent,London,12,2023,Winter,68,3,1,Q4,68
VISA-0000518,1665878400000000000,2022-12-03,Canada,Student,Dubai,10,2022,Autumn,48,6,0,Q4,48
VISA-0000519,1632441600000000000,2021-10-25,Canada,Tourist,Dubai,9,2021,Autumn,31,4,0,Q3,31
VISA-0000520,1639699200000000000,2022-02-22,France,Dependent,Mumbai,12,2021,Winter,67,4,1,Q4,67
VISA-0000521,1739491200000000000,2025-03-30,Bangladesh,Tourist,Chennai,2,2025,Winter,44,4,0,Q1,44
VISA-0000522,1659657600000000000,2022-10-21,India,Work,London,8,2022,Summer,77,4,1,Q3,77
VISA-0000523,1658361600000000000,2022-08-26,Bangladesh,Business,Dubai,7,2022,Summer,36,3,1,Q3,36
VISA-0000524,1755043200000000000,2025-09-26,China,Tourist,Mumbai,8,2025,Summer,44,2,1,Q3,44
VISA-0000525,1632096000000000000,2021-11-08,Nigeria,Dependent,Paris,9,2021,Autumn,49,0,0,Q3,49
VISA-0000526,1753747200000000000,2025-08-30,India,Tourist,Mumbai,7,2025,Summer,32,1,1,Q3,32
VISA-0000527,1754611200000000000,2025-09-29,China,Dependent,Johannesburg,8,2025,Summer,52,4,1,Q3,52
VISA-0000528,1703808000000000000,2024-02-02,Unknown,Tourist,Berlin,12,2023,Winter,35,4,1,Q4,35
VISA-0000529,1635552000000000000,2021-12-10,Philippines,Tourist,London,10,2021,Autumn,41,5,0,Q4,41
VISA-0000530,1633996800000000000,2021-12-06,Philippines,Student,Ottawa,10,2021,Autumn,55,1,0,Q4,55
VISA-0000531,1654300800000000000,2022-07-31,Brazil,Dependent,Berlin,6,2022,Summer,57,5,1,Q2,57
VISA-0000532,1700438400000000000,2023-12-23,Bangladesh,Tourist,New Delhi,11,2023,Autumn,33,0,0,Q4,33
VISA-0000533,1633651200000000000,2021-11-23,Germany,Dependent,Berlin,10,2021,Autumn,46,4,0,Q4,46
VISA-0000534,1681257600000000000,2023-05-11,Germany,Tourist,Dubai,4,2023,Spring,29,2,0,Q2,29
VISA-0000535,1627603200000000000,2021-10-09,Bangladesh,Student,Chennai,7,2021,Summer,71,4,1,Q3,71
VISA-0000536,1694649600000000000,2023-11-05,Pakistan,Student,Singapore,9,2023,Autumn,52,3,0,Q3,52
VISA-0000537,1612742400000000000,2021-04-01,Philippines,Tourist,Dubai,2,2021,Winter,52,0,0,Q1,52
VISA-0000538,1721174400000000000,2024-09-05,Mexico,Dependent,Mumbai,7,2024,Summer,50,2,1,Q3,50
VISA-0000539,1618185600000000000,2021-05-30,Philippines,Student,Berlin,4,2021,Spring,48,0,0,Q2,48
VISA-0000540,1640131200000000000,2022-03-10,India,Work,Ottawa,12,2021,Winter,78,2,1,Q4,78
VISA-0000541,1636934400000000000,2022-01-15,Kenya,Work,Paris,11,2021,Autumn,61,0,0,Q4,61
VISA-0000542,1740441600000000000,2025-04-04,Nigeria,Student,Sydney,2,2025,Winter,38,1,0,Q1,38
VISA-0000543,1617840000000000000,2021-06-20,Germany,Work,Johannesburg,4,2021,Spring,73,3,0,Q2,73
VISA-0000544,1677110400000000000,2023-04-11,Kenya,Unknown,Johannesburg,2,2023,Winter,47,3,0,Q1,47
VISA-0000545,1702598400000000000,2024-02-23,Philippines,Work,New Delhi,12,2023,Winter,70,4,1,Q4,70
VISA-0000546,1690761600000000000,2023-09-21,Australia,Student,Ottawa,7,2023,Summer,52,0,1,Q3,52
VISA-0000547,1716768000000000000,2024-07-28,Philippines,Work,Chennai,5,2024,Spring,62,0,0,Q2,62
VISA-0000548,1736035200000000000,2025-03-09,China,Work,Ottawa,1,2025,Winter,63,6,0,Q1,63
VISA-0000549,1671494400000000000,2023-02-11,India,Student,Mumbai,12,2022,Winter,53,1,1,Q4,53
VISA-0000550,1740009600000000000,2025-04-23,China,Work,Sydney,2,2025,Winter,62,3,0,Q1,62
VISA-0000551,1659571200000000000,2022-10-10,Kenya,Student,Mumbai,8,2022,Summer,67,3,1,Q3,67
VISA-0000552,1764633600000000000,2026-01-15,Philippines,Business,Dubai,12,2025,Winter,44,1,1,Q4,44
VISA-0000553,1688947200000000000,2023-07-29,Brazil,Transit,Ottawa,7,2023,Summer,19,0,1,Q3,19
VISA-0000554,1725494400000000000,2024-09-23,Philippines,Transit,Johannesburg,9,2024,Autumn,18,3,0,Q3,18
VISA-0000555,1747353600000000000,2025-06-28,Mexico,Business,Singapore,5,2025,Spring,43,4,0,Q2,43
VISA-0000556,1734393600000000000,2025-02-28,Australia,Work,Dubai,12,2024,Winter,73,1,1,Q4,73
VISA-0000557,1743638400000000000,2025-05-04,Kenya,Business,Ottawa,4,2025,Spring,31,3,0,Q2,31
VISA-0000558,1694044800000000000,2023-11-22,China,Tourist,Berlin,9,2023,Autumn,76,3,0,Q3,76
VISA-0000559,1616284800000000000,2021-05-07,Germany,Student,Berlin,3,2021,Spring,47,6,0,Q1,47
VISA-0000560,1687132800000000000,2023-07-29,Brazil,Tourist,Mumbai,6,2023,Summer,40,0,1,Q2,40
VISA-0000561,1638057600000000000,2022-01-08,India,Tourist,Ottawa,11,2021,Autumn,41,6,0,Q4,41
VISA-0000562,1749600000000000000,2025-07-06,Australia,Transit,Johannesburg,6,2025,Summer,25,2,1,Q2,25
VISA-0000563,1646784000000000000,2022-04-20,India,Dependent,London,3,2022,Spring,42,2,0,Q1,42
VISA-0000564,1645401600000000000,2022-04-14,Canada,Student,New Delhi,2,2022,Winter,52,0,0,Q1,52
VISA-0000565,1648771200000000000,2022-05-08,India,Tourist,Singapore,4,2022,Spring,37,4,0,Q2,37
VISA-0000566,1710720000000000000,2024-05-17,Philippines,Work,Johannesburg,3,2024,Spring,60,0,0,Q1,60
VISA-0000567,1699488000000000000,2024-01-02,Bangladesh,Student,Berlin,11,2023,Autumn,54,3,0,Q4,54
VISA-0000568,1759017600000000000,2025-10-23,Brazil,Business,Dubai,9,2025,Autumn,25,6,0,Q3,25
VISA-0000569,1675036800000000000,2023-02-24,China,Transit,Unknown,1,2023,Winter,25,0,0,Q1,25
VISA-0000570,1653955200000000000,2022-07-13,China,Tourist,London,5,2022,Spring,43,1,0,Q2,43
VISA-0000571,1617148800000000000,2021-05-12,Kenya,Tourist,Johannesburg,3,2021,Spring,42,2,0,Q1,42
VISA-0000572,1610496000000000000,2021-02-17,France,Tourist,Singapore,1,2021,Winter,35,2,0,Q1,35
VISA-0000573,1668297600000000000,2022-12-20,Kenya,Tourist,Sydney,11,2022,Autumn,37,6,0,Q4,37
VISA-0000574,1755388800000000000,2025-10-15,Pakistan,Student,London,8,2025,Summer,59,6,1,Q3,59
VISA-0000575,1691971200000000000,2023-10-05,Pakistan,Tourist,Chennai,8,2023,Summer,52,0,1,Q3,52
VISA-0000576,1750291200000000000,2025-07-18,France,Tourist,New Delhi,6,2025,Summer,29,3,1,Q2,29
VISA-0000577,1625443200000000000,2021-08-25,Bangladesh,Tourist,Sydney,7,2021,Summer,51,0,1,Q3,51
VISA-0000578,1624147200000000000,2021-08-07,Philippines,Tourist,Dubai,6,2021,Summer,48,6,1,Q2,48
VISA-0000579,1740873600000000000,2025-04-04,Brazil,Business,Berlin,3,2025,Spring,33,6,0,Q1,33
VISA-0000580,1626220800000000000,2021-09-05,Philippines,Tourist,Paris,7,2021,Summer,53,2,1,Q3,53
VISA-0000581,1617580800000000000,2021-05-13,India,Dependent,Ottawa,4,2021,Spring,38,0,0,Q2,38
VISA-0000582,1673136000000000000,2023-02-10,Canada,Tourist,Mumbai,1,2023,Winter,33,6,0,Q1,33
VISA-0000583,1755216000000000000,2025-09-14,Germany,Tourist,Singapore,8,2025,Summer,30,4,1,Q3,30
VISA-0000584,1718150400000000000,2024-07-15,Australia,Tourist,Paris,6,2024,Summer,33,2,1,Q2,33
VISA-0000585,1625011200000000000,2021-08-21,China,Business,Sydney,6,2021,Summer,52,2,1,Q2,52
VISA-0000586,1741392000000000000,2025-04-11,China,Tourist,New Delhi,3,2025,Spring,34,5,0,Q1,34
VISA-0000587,1742428800000000000,2025-05-12,China,Student,Sydney,3,2025,Spring,53,3,0,Q1,53
VISA-0000588,1735689600000000000,2025-02-01,France,Tourist,Dubai,1,2025,Winter,31,2,0,Q1,31
VISA-0000589,1751760000000000000,2025-07-16,Brazil,Transit,Singapore,7,2025,Summer,10,6,1,Q3,10
VISA-0000590,1647216000000000000,2022-04-13,Brazil,Tourist,Sydney,3,2022,Spring,30,0,0,Q1,30
VISA-0000591,1763856000000000000,2025-12-28,India,Student,Sydney,11,2025,Autumn,35,6,0,Q4,35
VISA-0000592,1660003200000000000,2022-10-09,Kenya,Dependent,Ottawa,8,2022,Summer,61,1,1,Q3,61
VISA-0000593,1735862400000000000,2025-02-03,Philippines,Tourist,Ottawa,1,2025,Winter,31,4,0,Q1,31
VISA-0000594,1700784000000000000,2023-12-21,France,Unknown,New Delhi,11,2023,Autumn,27,4,0,Q4,27
VISA-0000595,1732320000000000000,2024-12-16,UK,Business,Mumbai,11,2024,Autumn,23,5,0,Q4,23
VISA-0000596,1708387200000000000,2024-03-24,China,Tourist,Paris,2,2024,Winter,33,1,0,Q1,33
VISA-0000597,1710720000000000000,2024-04-05,France,Tourist,London,3,2024,Spring,18,0,0,Q1,18
VISA-0000598,1706572800000000000,2024-03-24,Pakistan,Student,Singapore,1,2024,Winter,54,1,0,Q1,54
VISA-0000599,1732233600000000000,2024-12-27,Bangladesh,Tourist,Ottawa,11,2024,Autumn,35,4,0,Q4,35
VISA-0000600,1725926400000000000,2024-10-15,Canada,Dependent,Johannesburg,9,2024,Autumn,35,1,0,Q3,35
VISA-0000601,1630627200000000000,2021-11-06,France,Work,Mumbai,9,2021,Autumn,64,4,0,Q3,64
VISA-0000602,1739664000000000000,2025-04-30,Kenya,Work,Chennai,2,2025,Winter,73,6,0,Q1,73
VISA-0000603,1693958400000000000,2023-10-03,Nigeria,Tourist,Dubai,9,2023,Autumn,27,2,0,Q3,27
VISA-0000604,1660348800000000000,2022-10-17,China,Work,Paris,8,2022,Summer,65,5,1,Q3,65
VISA-0000605,1690502400000000000,2023-09-29,France,Work,Mumbai,7,2023,Summer,63,4,1,Q3,63
VISA-0000606,1761868800000000000,2025-12-03,Australia,Tourist,Sydney,10,2025,Autumn,33,4,0,Q4,33
VISA-0000607,1744675200000000000,2025-05-19,Pakistan,Dependent,Chennai,4,2025,Spring,34,1,0,Q2,34
VISA-0000608,1740873600000000000,2025-05-04,Bangladesh,Work,Paris,3,2025,Spring,63,6,0,Q1,63
VISA-0000609,1682380800000000000,2023-06-03,Mexico,Business,Dubai,4,2023,Spring,39,1,0,Q2,39
VISA-0000610,1733097600000000000,2025-01-04,India,Tourist,Berlin,12,2024,Winter,33,0,1,Q4,33
VISA-0000611,1670112000000000000,2023-01-14,Kenya,Tourist,Chennai,12,2022,Winter,41,6,1,Q4,41
VISA-0000612,1717632000000000000,2024-08-11,Philippines,Work,London,6,2024,Summer,66,3,1,Q2,66
VISA-0000613,1710288000000000000,2024-04-14,Mexico,Business,Berlin,3,2024,Spring,32,2,0,Q1,32
VISA-0000614,1648771200000000000,2022-05-24,UK,Student,London,4,2022,Spring,53,4,0,Q2,53
VISA-0000615,1651449600000000000,2022-06-10,India,Tourist,Berlin,5,2022,Spring,39,0,0,Q2,39
VISA-0000616,1619049600000000000,2021-06-02,China,Business,Mumbai,4,2021,Spring,41,3,0,Q2,41
VISA-0000617,1631491200000000000,2021-11-30,Mexico,Tourist,London,9,2021,Autumn,78,0,0,Q3,78
VISA-0000618,1677801600000000000,2023-04-07,Philippines,Tourist,Mumbai,3,2023,Spring,35,4,0,Q1,35
VISA-0000619,1684800000000000000,2023-07-28,Nigeria,Work,New Delhi,5,2023,Spring,66,1,0,Q2,66
VISA-0000620,1635465600000000000,2021-11-21,Canada,Tourist,Chennai,10,2021,Autumn,23,4,0,Q4,23
VISA-0000621,1675123200000000000,2023-03-21,Brazil,Tourist,Sydney,1,2023,Winter,49,1,0,Q1,49
VISA-0000622,1704672000000000000,2024-02-12,Brazil,Tourist,Mumbai,1,2024,Winter,35,0,0,Q1,35
VISA-0000623,1646092800000000000,2022-04-11,Pakistan,Dependent,Mumbai,3,2022,Spring,41,1,0,Q1,41
VISA-0000624,1662768000000000000,2022-10-18,Pakistan,Tourist,Singapore,9,2022,Autumn,38,5,0,Q3,38
VISA-0000625,1667347200000000000,2022-12-15,Australia,Unknown,Unknown,11,2022,Autumn,43,2,0,Q4,43
VISA-0000626,1689033600000000000,2023-08-08,France,Transit,Berlin,7,2023,Summer,28,1,1,Q3,28
VISA-0000627,1667174400000000000,2023-01-07,Brazil,Work,Berlin,10,2022,Autumn,68,0,0,Q4,68
VISA-0000628,1725580800000000000,2024-10-31,Australia,Student,Mumbai,9,2024,Autumn,55,4,0,Q3,55
VISA-0000629,1661040000000000000,2022-10-15,Pakistan,Student,Dubai,8,2022,Summer,55,6,1,Q3,55
VISA-0000630,1677801600000000000,2023-04-15,Canada,Student,Unknown,3,2023,Spring,43,4,0,Q1,43
VISA-0000631,1669248000000000000,2023-02-02,Brazil,Work,Ottawa,11,2022,Autumn,70,3,0,Q4,70
VISA-0000632,1638230400000000000,2021-12-30,Germany,Transit,Singapore,11,2021,Autumn,30,1,0,Q4,30
VISA-0000633,1717545600000000000,2024-07-20,France,Business,Johannesburg,6,2024,Summer,45,2,1,Q2,45
VISA-0000634,1646524800000000000,2022-04-26,Nigeria,Student,Dubai,3,2022,Spring,51,6,0,Q1,51
VISA-0000635,1656201600000000000,2022-08-03,Canada,Tourist,Mumbai,6,2022,Summer,38,6,1,Q2,38
VISA-0000636,1734393600000000000,2025-02-08,Canada,Dependent,Dubai,12,2024,Winter,53,1,1,Q4,53
VISA-0000637,1759017600000000000,2025-10-22,China,Tourist,Singapore,9,2025,Autumn,24,6,0,Q3,24
VISA-0000638,1715212800000000000,2024-07-07,UK,Dependent,Dubai,5,2024,Spring,59,3,0,Q2,59
VISA-0000639,1753920000000000000,2025-09-06,Pakistan,Tourist,Paris,7,2025,Summer,37,3,1,Q3,37
VISA-0000640,1744070400000000000,2025-05-11,Philippines,Business,Sydney,4,2025,Spring,33,1,0,Q2,33
VISA-0000641,1685232000000000000,2023-07-05,UK,Business,Ottawa,5,2023,Spring,38,6,0,Q2,38
VISA-0000642,1730851200000000000,2024-12-23,France,Student,Johannesburg,11,2024,Autumn,47,2,0,Q4,47
VISA-0000643,1661212800000000000,2022-10-03,France,Tourist,Mumbai,8,2022,Summer,41,1,1,Q3,41
VISA-0000644,1682035200000000000,2023-05-28,China,Dependent,Ottawa,4,2023,Spring,37,4,0,Q2,37
VISA-0000645,1693872000000000000,2023-11-05,Bangladesh,Student,Mumbai,9,2023,Autumn,61,1,0,Q3,61
VISA-0000646,1760832000000000000,2025-11-05,Australia,Tourist,Berlin,10,2025,Autumn,17,6,0,Q4,17
VISA-0000647,1743206400000000000,2025-05-18,Germany,Student,Johannesburg,3,2025,Spring,50,5,0,Q1,50
VISA-0000648,1686528000000000000,2023-08-15,Brazil,Student,Johannesburg,6,2023,Summer,64,0,1,Q2,64
VISA-0000649,1712275200000000000,2024-06-09,Nigeria,Work,Chennai,4,2024,Spring,65,4,0,Q2,65
VISA-0000650,1641340800000000000,2022-02-03,Australia,Tourist,Paris,1,2022,Winter,29,2,0,Q1,29
VISA-0000651,1736294400000000000,2025-03-06,India,Student,Singapore,1,2025,Winter,57,2,0,Q1,57
VISA-0000652,1696636800000000000,2023-11-21,Pakistan,Dependent,Singapore,10,2023,Autumn,45,5,0,Q4,45
VISA-0000653,1693440000000000000,2023-09-27,China,Tourist,Sydney,8,2023,Summer,27,3,1,Q3,27
VISA-0000654,1730246400000000000,2024-12-16,Australia,Student,Mumbai,10,2024,Autumn,47,2,0,Q4,47
VISA-0000655,1709251200000000000,2024-04-27,India,Work,Sydney,3,2024,Spring,57,4,0,Q1,57
VISA-0000656,1620864000000000000,2021-06-17,India,Dependent,Paris,5,2021,Spring,35,3,0,Q2,35
VISA-0000657,1654819200000000000,2022-08-13,Brazil,Work,Dubai,6,2022,Summer,64,4,1,Q2,64
VISA-0000658,1637280000000000000,2021-12-24,Canada,Business,Ottawa,11,2021,Autumn,35,4,0,Q4,35
VISA-0000659,1725321600000000000,2024-10-03,Philippines,Tourist,Chennai,9,2024,Autumn,30,1,0,Q3,30
VISA-0000660,1614988800000000000,2021-04-20,Brazil,Student,Berlin,3,2021,Spring,45,5,0,Q1,45
VISA-0000661,1641340800000000000,2022-02-25,Brazil,Dependent,Ottawa,1,2022,Winter,51,2,0,Q1,51
VISA-0000662,1703635200000000000,2024-02-23,Pakistan,Dependent,Sydney,12,2023,Winter,58,2,1,Q4,58
VISA-0000663,1719014400000000000,2024-08-21,Pakistan,Work,Johannesburg,6,2024,Summer,60,5,1,Q2,60
VISA-0000664,1688774400000000000,2023-09-09,Kenya,Student,New Delhi,7,2023,Summer,63,5,1,Q3,63
VISA-0000665,1745107200000000000,2025-06-04,Philippines,Student,Chennai,4,2025,Spring,45,6,0,Q2,45
VISA-0000666,1754352000000000000,2025-09-06,Pakistan,Tourist,Johannesburg,8,2025,Summer,32,1,1,Q3,32
VISA-0000667,1630281600000000000,2021-10-26,UK,Dependent,Johannesburg,8,2021,Summer,57,0,1,Q3,57
VISA-0000668,1759622400000000000,2025-10-30,Canada,Business,London,10,2025,Autumn,25,6,0,Q4,25
VISA-0000669,1706313600000000000,2024-03-14,UK,Student,Johannesburg,1,2024,Winter,47,5,0,Q1,47
VISA-0000670,1709769600000000000,2024-04-08,Australia,Tourist,Chennai,3,2024,Spring,32,3,0,Q1,32
VISA-0000671,1624406400000000000,2021-08-04,Brazil,Tourist,New Delhi,6,2021,Summer,42,2,1,Q2,42
VISA-0000672,1707436800000000000,2024-03-06,Canada,Tourist,London,2,2024,Winter,26,4,0,Q1,26
VISA-0000673,1723852800000000000,2024-09-18,Brazil,Business,Sydney,8,2024,Summer,32,5,1,Q3,32
VISA-0000674,1700956800000000000,2024-02-09,Mexico,Work,New Delhi,11,2023,Autumn,75,6,0,Q4,75
VISA-0000675,1622764800000000000,2021-07-27,Bangladesh,Tourist,Mumbai,6,2021,Summer,53,4,1,Q2,53
VISA-0000676,1691884800000000000,2023-10-17,Australia,Work,Paris,8,2023,Summer,65,6,1,Q3,65
VISA-0000677,1757030400000000000,2025-10-06,Unknown,Transit,Dubai,9,2025,Autumn,31,4,0,Q3,31
VISA-0000678,1723507200000000000,2024-10-04,China,Tourist,Dubai,8,2024,Summer,52,1,1,Q3,52
VISA-0000679,1631059200000000000,2021-11-04,Brazil,Student,Johannesburg,9,2021,Autumn,57,2,0,Q3,57
VISA-0000680,1760745600000000000,2025-12-02,UK,Student,Chennai,10,2025,Autumn,45,5,0,Q4,45
VISA-0000681,1760572800000000000,2025-11-08,Brazil,Tourist,Singapore,10,2025,Autumn,23,3,0,Q4,23
VISA-0000682,1636156800000000000,2021-12-27,Bangladesh,Student,London,11,2021,Autumn,51,5,0,Q4,51
VISA-0000683,1735689600000000000,2025-03-08,UK,Work,Johannesburg,1,2025,Winter,66,2,0,Q1,66
VISA-0000684,1673568000000000000,2023-02-17,Brazil,Tourist,Paris,1,2023,Winter,35,4,0,Q1,35
VISA-0000685,1703030400000000000,2024-01-20,UK,Tourist,Chennai,12,2023,Winter,31,2,1,Q4,31
VISA-0000686,1679616000000000000,2023-05-13,Nigeria,Dependent,Chennai,3,2023,Spring,50,4,0,Q1,50
VISA-0000687,1732838400000000000,2024-12-24,China,Tourist,Sydney,11,2024,Autumn,25,4,0,Q4,25
VISA-0000688,1766534400000000000,2026-03-01,Nigeria,Work,Sydney,12,2025,Winter,67,2,1,Q4,67
VISA-0000689,1734825600000000000,2025-02-20,Philippines,Work,Chennai,12,2024,Winter,60,6,1,Q4,60
VISA-0000690,1756252800000000000,2025-10-21,India,Dependent,Chennai,8,2025,Summer,55,2,1,Q3,55
VISA-0000691,1758585600000000000,2025-10-18,Australia,Business,Singapore,9,2025,Autumn,25,1,0,Q3,25
VISA-0000692,1623628800000000000,2021-08-13,Pakistan,Dependent,Paris,6,2021,Summer,60,0,1,Q2,60
VISA-0000693,1649376000000000000,2022-06-12,India,Work,Chennai,4,2022,Spring,65,4,0,Q2,65
VISA-0000694,1723248000000000000,2024-10-02,Australia,Student,Berlin,8,2024,Summer,53,5,1,Q3,53
VISA-0000695,1702425600000000000,2024-02-08,France,Student,Mumbai,12,2023,Winter,57,2,1,Q4,57
VISA-0000696,1617321600000000000,2021-06-03,India,Student,Ottawa,4,2021,Spring,62,4,0,Q2,62
VISA-0000697,1624406400000000000,2021-08-25,Canada,Student,New Delhi,6,2021,Summer,63,2,1,Q2,63
VISA-0000698,1691452800000000000,2023-09-17,Nigeria,Tourist,Berlin,8,2023,Summer,40,1,1,Q3,40
VISA-0000699,1706572800000000000,2024-03-25,Pakistan,Student,Chennai,1,2024,Winter,55,1,0,Q1,55
VISA-0000700,1635897600000000000,2021-12-28,Germany,Student,Chennai,11,2021,Autumn,55,2,0,Q4,55
VISA-0000701,1636416000000000000,2022-01-06,Nigeria,Tourist,Chennai,11,2021,Autumn,58,1,0,Q4,58
VISA-0000702,1629849600000000000,2021-10-11,Bangladesh,Tourist,Chennai,8,2021,Summer,47,2,1,Q3,47
VISA-0000703,1698537600000000000,2023-12-11,India,Business,New Delhi,10,2023,Autumn,43,6,0,Q4,43
VISA-0000704,1610668800000000000,2021-04-01,UK,Work,Dubai,1,2021,Winter,76,4,0,Q1,76
VISA-0000705,1699660800000000000,2023-12-04,Australia,Business,Singapore,11,2023,Autumn,23,5,0,Q4,23
VISA-0000706,1684454400000000000,2023-07-18,Pakistan,Student,London,5,2023,Spring,60,4,0,Q2,60
VISA-0000707,1682899200000000000,2023-06-22,Philippines,Dependent,Paris,5,2023,Spring,52,0,0,Q2,52
VISA-0000708,1716508800000000000,2024-06-27,Brazil,Business,Sydney,5,2024,Spring,34,4,0,Q2,34
VISA-0000709,1691798400000000000,2023-09-17,Kenya,Tourist,Chennai,8,2023,Summer,36,5,1,Q3,36
VISA-0000710,1724198400000000000,2024-09-30,India,Transit,New Delhi,8,2024,Summer,40,2,1,Q3,40
VISA-0000711,1729900800000000000,2024-11-17,Brazil,Tourist,Paris,10,2024,Autumn,22,5,0,Q4,22
VISA-0000712,1754524800000000000,2025-10-30,Unknown,Work,New Delhi,8,2025,Summer,84,3,1,Q3,84
VISA-0000713,1735430400000000000,2025-02-02,Australia,Business,Ottawa,12,2024,Winter,35,6,1,Q4,35
VISA-0000714,1691020800000000000,2023-09-13,Philippines,Tourist,New Delhi,8,2023,Summer,41,3,1,Q3,41
VISA-0000715,1687046400000000000,2023-08-17,Australia,Work,Paris,6,2023,Summer,60,6,1,Q2,60
VISA-0000716,1646611200000000000,2022-05-26,UK,Student,Johannesburg,3,2022,Spring,80,0,0,Q1,80
VISA-0000717,1703980800000000000,2024-02-08,Pakistan,Tourist,London,12,2023,Winter,39,6,1,Q4,39
VISA-0000718,1631318400000000000,2021-10-22,Pakistan,Tourist,London,9,2021,Autumn,41,5,0,Q3,41
VISA-0000719,1756252800000000000,2025-09-27,Canada,Tourist,Dubai,8,2025,Summer,31,2,1,Q3,31
VISA-0000720,1742688000000000000,2025-04-17,Pakistan,Tourist,Sydney,3,2025,Spring,25,6,0,Q1,25
VISA-0000721,1628294400000000000,2021-10-13,UK,Work,Ottawa,8,2021,Summer,67,5,1,Q3,67
VISA-0000722,1733356800000000000,2025-01-29,Kenya,Student,Ottawa,12,2024,Winter,55,3,1,Q4,55
VISA-0000723,1627862400000000000,2021-10-05,Pakistan,Student,Chennai,8,2021,Summer,64,0,1,Q3,64
VISA-0000724,1723161600000000000,2024-10-12,Kenya,Work,Chennai,8,2024,Summer,64,4,1,Q3,64
VISA-0000725,1623283200000000000,2021-08-03,Kenya,Tourist,Dubai,6,2021,Summer,54,3,1,Q2,54
VISA-0000726,1686355200000000000,2023-07-16,Pakistan,Tourist,Paris,6,2023,Summer,36,5,1,Q2,36
VISA-0000727,1713139200000000000,2024-05-17,Philippines,Business,Paris,4,2024,Spring,32,0,0,Q2,32
VISA-0000728,1724371200000000000,2024-10-05,China,Dependent,Sydney,8,2024,Summer,43,4,1,Q3,43
VISA-0000729,1675382400000000000,2023-03-25,Mexico,Unknown,Paris,2,2023,Winter,50,4,0,Q1,50
VISA-0000730,1754697600000000000,2025-09-02,Australia,Tourist,Dubai,8,2025,Summer,24,5,1,Q3,24
VISA-0000731,1731542400000000000,2024-12-16,China,Business,London,11,2024,Autumn,32,3,0,Q4,32
VISA-0000732,1642291200000000000,2022-03-13,Nigeria,Dependent,London,1,2022,Winter,56,6,0,Q1,56
VISA-0000733,1715212800000000000,2024-06-26,UK,Student,Unknown,5,2024,Spring,48,3,0,Q2,48
VISA-0000734,1724630400000000000,2024-09-22,Mexico,Tourist,London,8,2024,Summer,27,0,1,Q3,27
VISA-0000735,1661990400000000000,2022-10-12,Kenya,Tourist,Paris,9,2022,Autumn,41,3,0,Q3,41
VISA-0000736,1725840000000000000,2024-12-29,UK,Work,Chennai,9,2024,Autumn,111,0,0,Q3,111
VISA-0000737,1751068800000000000,2025-09-02,India,Dependent,New Delhi,6,2025,Summer,66,5,1,Q2,66
VISA-0000738,1738281600000000000,2025-03-31,Mexico,Work,Sydney,1,2025,Winter,59,4,0,Q1,59
VISA-0000739,1729641600000000000,2024-11-23,Germany,Tourist,New Delhi,10,2024,Autumn,31,2,0,Q4,31
VISA-0000740,1709424000000000000,2024-04-26,Australia,Work,Chennai,3,2024,Spring,54,6,0,Q1,54
VISA-0000741,1652054400000000000,2022-06-27,Australia,Dependent,Ottawa,5,2022,Spring,49,0,0,Q2,49
VISA-0000742,1734825600000000000,2025-03-02,France,Student,New Delhi,12,2024,Winter,70,6,1,Q4,70
VISA-0000743,1666828800000000000,2022-11-26,China,Business,Chennai,10,2022,Autumn,30,3,0,Q4,30
VISA-0000744,1693353600000000000,2023-11-19,Germany,Student,Sydney,8,2023,Summer,81,2,1,Q3,81
VISA-0000745,1658966400000000000,2022-08-31,China,Tourist,Ottawa,7,2022,Summer,34,3,1,Q3,34
VISA-0000746,1658793600000000000,2022-10-09,China,Work,Singapore,7,2022,Summer,75,1,1,Q3,75
VISA-0000747,1634256000000000000,2021-12-01,UK,Student,Mumbai,10,2021,Autumn,47,4,0,Q4,47
VISA-0000748,1761004800000000000,2025-11-20,Philippines,Transit,Berlin,10,2025,Autumn,30,1,0,Q4,30
VISA-0000749,1632700800000000000,2021-11-20,UK,Student,Dubai,9,2021,Autumn,54,0,0,Q3,54
VISA-0000750,1623024000000000000,2021-08-01,France,Student,Berlin,6,2021,Summer,55,0,1,Q2,55
VISA-0000751,1757030400000000000,2025-10-20,India,Student,Berlin,9,2025,Autumn,45,4,0,Q3,45
VISA-0000752,1696896000000000000,2023-12-07,Pakistan,Student,New Delhi,10,2023,Autumn,58,1,0,Q4,58
VISA-0000753,1678492800000000000,2023-04-22,France,Student,Paris,3,2023,Spring,42,5,0,Q1,42
VISA-0000754,1725667200000000000,2024-10-23,Philippines,Business,London,9,2024,Autumn,46,5,0,Q3,46
VISA-0000755,1669852800000000000,2023-02-05,Pakistan,Student,Berlin,12,2022,Winter,66,3,1,Q4,66
VISA-0000756,1629590400000000000,2021-10-26,Philippines,Student,London,8,2021,Summer,65,6,1,Q3,65
VISA-0000757,1724457600000000000,2024-10-09,Australia,Work,Ottawa,8,2024,Summer,46,5,1,Q3,46
VISA-0000758,1637193600000000000,2021-12-21,India,Tourist,Berlin,11,2021,Autumn,33,3,0,Q4,33
VISA-0000759,1696636800000000000,2023-12-07,Australia,Work,Johannesburg,10,2023,Autumn,61,5,0,Q4,61
VISA-0000760,1759104000000000000,2025-11-01,France,Student,Singapore,9,2025,Autumn,33,0,0,Q3,33
VISA-0000761,1757030400000000000,2025-10-11,France,Student,Berlin,9,2025,Autumn,36,4,0,Q3,36
VISA-0000762,1666310400000000000,2022-11-19,Nigeria,Business,Sydney,10,2022,Autumn,29,4,0,Q4,29
VISA-0000763,1732492800000000000,2025-01-03,Pakistan,Business,Sydney,11,2024,Autumn,39,0,0,Q4,39
VISA-0000764,1706054400000000000,2024-03-12,Nigeria,Unknown,Johannesburg,1,2024,Winter,48,2,0,Q1,48
VISA-0000765,1684972800000000000,2023-07-19,Mexico,Student,Chennai,5,2023,Spring,55,3,0,Q2,55
VISA-0000766,1631491200000000000,2021-10-07,Australia,Tourist,Johannesburg,9,2021,Autumn,24,0,0,Q3,24
VISA-0000767,1668729600000000000,2022-12-27,Pakistan,Business,Berlin,11,2022,Autumn,39,4,0,Q4,39
VISA-0000768,1712188800000000000,2024-06-02,Germany,Work,Dubai,4,2024,Spring,59,3,0,Q2,59
VISA-0000769,1764979200000000000,2026-02-18,China,Work,Dubai,12,2025,Winter,74,5,1,Q4,74
VISA-0000770,1610150400000000000,2021-03-23,France,Work,Paris,1,2021,Winter,73,5,0,Q1,73
VISA-0000771,1722556800000000000,2024-09-15,UK,Business,Berlin,8,2024,Summer,44,4,1,Q3,44
VISA-0000772,1742860800000000000,2025-04-27,Kenya,Tourist,Mumbai,3,2025,Spring,33,1,0,Q1,33
VISA-0000773,1759363200000000000,2025-11-27,China,Work,Paris,10,2025,Autumn,56,3,0,Q4,56
VISA-0000774,1676246400000000000,2023-03-26,Pakistan,Tourist,Paris,2,2023,Winter,41,0,0,Q1,41
VISA-0000775,1628121600000000000,2021-10-10,Pakistan,Student,Johannesburg,8,2021,Summer,66,3,1,Q3,66
VISA-0000776,1652140800000000000,2022-08-24,Pakistan,Work,Johannesburg,5,2022,Spring,106,1,0,Q2,106
VISA-0000777,1743552000000000000,2025-05-16,Unknown,Student,Johannesburg,4,2025,Spring,44,2,0,Q2,44
VISA-0000778,1747872000000000000,2025-07-17,Philippines,Student,New Delhi,5,2025,Spring,56,3,0,Q2,56
VISA-0000779,1709856000000000000,2024-04-13,Brazil,Dependent,Dubai,3,2024,Spring,36,4,0,Q1,36
VISA-0000780,1628812800000000000,2021-10-12,Bangladesh,Business,Johannesburg,8,2021,Summer,60,4,1,Q3,60
VISA-0000781,1628640000000000000,2021-10-10,Mexico,Student,Johannesburg,8,2021,Summer,60,2,1,Q3,60
VISA-0000782,1684800000000000000,2023-06-14,Philippines,Transit,Dubai,5,2023,Spring,22,1,0,Q2,22
VISA-0000783,1702166400000000000,2024-03-07,Bangladesh,Student,Johannesburg,12,2023,Winter,88,6,1,Q4,88
VISA-0000784,1614556800000000000,2021-04-10,India,Business,Singapore,3,2021,Spring,40,0,0,Q1,40
VISA-0000785,1717632000000000000,2024-07-17,France,Tourist,New Delhi,6,2024,Summer,41,3,1,Q2,41
VISA-0000786,1695254400000000000,2023-10-26,Germany,Tourist,Singapore,9,2023,Autumn,35,3,0,Q3,35
VISA-0000787,1611360000000000000,2021-03-10,India,Tourist,Berlin,1,2021,Winter,46,5,0,Q1,46
VISA-0000788,1624492800000000000,2021-08-09,India,Tourist,Dubai,6,2021,Summer,46,3,1,Q2,46
VISA-0000789,1681084800000000000,2023-05-28,Unknown,Student,Mumbai,4,2023,Spring,48,0,0,Q2,48
VISA-0000790,1723334400000000000,2024-11-22,Mexico,Tourist,Johannesburg,8,2024,Summer,103,6,1,Q3,103
VISA-0000791,1739577600000000000,2025-04-11,Australia,Work,London,2,2025,Winter,55,5,0,Q1,55
VISA-0000792,1677456000000000000,2023-04-08,Philippines,Tourist,Ottawa,2,2023,Winter,40,0,0,Q1,40
VISA-0000793,1656028800000000000,2022-08-27,Brazil,Tourist,London,6,2022,Summer,64,4,1,Q2,64
VISA-0000794,1762128000000000000,2025-12-01,Mexico,Transit,Johannesburg,11,2025,Autumn,28,0,0,Q4,28
VISA-0000795,1681689600000000000,2023-06-11,UK,Work,Sydney,4,2023,Spring,55,0,0,Q2,55
VISA-0000796,1659139200000000000,2022-10-05,China,Dependent,Mumbai,7,2022,Summer,67,5,1,Q3,67
VISA-0000797,1679184000000000000,2023-05-12,Nigeria,Student,New Delhi,3,2023,Spring,54,6,0,Q1,54
VISA-0000798,1611360000000000000,2021-03-07,Brazil,Tourist,Johannesburg,1,2021,Winter,43,5,0,Q1,43
VISA-0000799,1657065600000000000,2022-09-10,Canada,Work,Chennai,7,2022,Summer,66,2,1,Q3,66
VISA-0000800,1690675200000000000,2023-09-24,Brazil,Work,Paris,7,2023,Summer,56,6,1,Q3,56
VISA-0000801,1754265600000000000,2025-09-11,Pakistan,Tourist,New Delhi,8,2025,Summer,38,0,1,Q3,38
VISA-0000802,1725840000000000000,2024-10-05,UK,Dependent,Singapore,9,2024,Autumn,26,0,0,Q3,26
VISA-0000803,1732579200000000000,2025-03-13,China,Work,Berlin,11,2024,Autumn,107,1,0,Q4,107
VISA-0000804,1695340800000000000,2023-10-25,Australia,Business,Chennai,9,2023,Autumn,33,4,0,Q3,33
VISA-0000805,1626825600000000000,2021-09-18,Australia,Student,Singapore,7,2021,Summer,59,2,1,Q3,59
VISA-0000806,1671062400000000000,2023-03-03,UK,Work,London,12,2022,Winter,78,3,1,Q4,78
VISA-0000807,1766620800000000000,2026-01-27,Australia,Tourist,Johannesburg,12,2025,Winter,33,3,1,Q4,33
VISA-0000808,1616371200000000000,2021-05-02,Nigeria,Transit,Dubai,3,2021,Spring,41,0,0,Q1,41
VISA-0000809,1748044800000000000,2025-07-06,France,Student,Ottawa,5,2025,Spring,43,5,0,Q2,43
VISA-0000810,1717372800000000000,2024-07-13,Germany,Tourist,New Delhi,6,2024,Summer,40,0,1,Q2,40
VISA-0000811,1654214400000000000,2022-08-21,Pakistan,Tourist,Chennai,6,2022,Summer,79,4,1,Q2,79
VISA-0000812,1732060800000000000,2025-01-14,Canada,Work,New Delhi,11,2024,Autumn,55,2,0,Q4,55
VISA-0000813,1741392000000000000,2025-03-22,Pakistan,Transit,Singapore,3,2025,Spring,14,5,0,Q1,14
VISA-0000814,1616198400000000000,2021-04-30,Australia,Dependent,Mumbai,3,2021,Spring,41,5,0,Q1,41
VISA-0000815,1626220800000000000,2021-09-13,Kenya,Work,Mumbai,7,2021,Summer,61,2,1,Q3,61
VISA-0000816,1714348800000000000,2024-05-18,Philippines,Transit,Mumbai,4,2024,Spring,19,0,0,Q2,19
VISA-0000817,1766966400000000000,2026-02-12,Mexico,Business,Johannesburg,12,2025,Winter,45,0,1,Q4,45
VISA-0000818,1613174400000000000,2021-03-24,Germany,Tourist,Johannesburg,2,2021,Winter,39,5,0,Q1,39
VISA-0000819,1714348800000000000,2024-06-29,China,Work,Berlin,4,2024,Spring,61,0,0,Q2,61
VISA-0000820,1630972800000000000,2021-10-22,Canada,Tourist,New Delhi,9,2021,Autumn,45,1,0,Q3,45
VISA-0000821,1711929600000000000,2024-05-12,Pakistan,Tourist,Sydney,4,2024,Spring,41,0,0,Q2,41
VISA-0000822,1707696000000000000,2024-03-28,Kenya,Student,Johannesburg,2,2024,Winter,45,0,0,Q1,45
VISA-0000823,1623715200000000000,2021-07-28,Brazil,Tourist,Mumbai,6,2021,Summer,43,1,1,Q2,43
VISA-0000824,1716768000000000000,2024-07-01,Philippines,Transit,Paris,5,2024,Spring,35,0,0,Q2,35
VISA-0000825,1750896000000000000,2025-08-18,Brazil,Transit,New Delhi,6,2025,Summer,53,3,1,Q2,53
VISA-0000826,1745539200000000000,2025-06-09,Philippines,Student,Paris,4,2025,Spring,45,4,0,Q2,45
VISA-0000827,1613952000000000000,2021-04-29,India,Work,Sydney,2,2021,Winter,66,0,0,Q1,66
VISA-0000828,1648166400000000000,2022-05-13,Bangladesh,Student,Unknown,3,2022,Spring,49,4,0,Q1,49
VISA-0000829,1647388800000000000,2022-04-22,Bangladesh,Tourist,Ottawa,3,2022,Spring,37,2,0,Q1,37
VISA-0000830,1680912000000000000,2023-06-28,Brazil,Tourist,Paris,4,2023,Spring,81,5,0,Q2,81
VISA-0000831,1632009600000000000,2021-10-29,Mexico,Tourist,Singapore,9,2021,Autumn,40,6,0,Q3,40
VISA-0000832,1744156800000000000,2025-05-01,Germany,Unknown,London,4,2025,Spring,22,2,0,Q2,22
VISA-0000833,1731888000000000000,2024-12-12,Canada,Tourist,Berlin,11,2024,Autumn,24,0,0,Q4,24
VISA-0000834,1736899200000000000,2025-02-20,India,Tourist,Sydney,1,2025,Winter,36,2,0,Q1,36
VISA-0000835,1640649600000000000,2022-02-13,India,Tourist,Ottawa,12,2021,Winter,47,1,1,Q4,47
VISA-0000836,1611705600000000000,2021-03-10,Australia,Dependent,Paris,1,2021,Winter,42,2,0,Q1,42
VISA-0000837,1752969600000000000,2025-08-28,Nigeria,Tourist,Chennai,7,2025,Summer,39,6,1,Q3,39
VISA-0000838,1654992000000000000,2022-08-07,China,Tourist,Mumbai,6,2022,Summer,56,6,1,Q2,56
VISA-0000839,1712880000000000000,2024-05-05,Australia,Student,Sydney,4,2024,Spring,23,4,0,Q2,23
VISA-0000840,1752796800000000000,2025-08-31,Canada,Student,Singapore,7,2025,Summer,44,4,1,Q3,44
VISA-0000841,1615075200000000000,2021-05-10,Brazil,Student,Mumbai,3,2021,Spring,64,6,0,Q1,64
VISA-0000842,1610236800000000000,2021-03-02,India,Tourist,London,1,2021,Winter,51,6,0,Q1,51
VISA-0000843,1610236800000000000,2021-03-26,UK,Work,Berlin,1,2021,Winter,75,6,0,Q1,75
VISA-0000844,1634083200000000000,2021-12-13,UK,Work,Sydney,10,2021,Autumn,61,2,0,Q4,61
VISA-0000845,1617580800000000000,2021-06-25,Germany,Work,Dubai,4,2021,Spring,81,0,0,Q2,81
VISA-0000846,1738713600000000000,2025-04-11,Mexico,Work,Sydney,2,2025,Winter,65,2,0,Q1,65
VISA-0000847,1704931200000000000,2024-03-07,Brazil,Student,Paris,1,2024,Winter,56,3,0,Q1,56
VISA-0000848,1763942400000000000,2026-01-05,Kenya,Student,Singapore,11,2025,Autumn,42,0,0,Q4,42
VISA-0000849,1735776000000000000,2025-01-30,France,Tourist,Ottawa,1,2025,Winter,28,3,0,Q1,28
VISA-0000850,1761264000000000000,2025-12-12,India,Student,Ottawa,10,2025,Autumn,49,4,0,Q4,49
VISA-0000851,1647043200000000000,2022-04-29,UK,Tourist,London,3,2022,Spring,48,5,0,Q1,48
VISA-0000852,1654819200000000000,2022-07-06,France,Tourist,Ottawa,6,2022,Summer,26,4,1,Q2,26
VISA-0000853,1743379200000000000,2025-05-27,Pakistan,Work,Singapore,3,2025,Spring,57,0,0,Q1,57
VISA-0000854,1647993600000000000,2022-04-24,Bangladesh,Tourist,Sydney,3,2022,Spring,32,2,0,Q1,32
VISA-0000855,1618444800000000000,2021-05-26,India,Tourist,Berlin,4,2021,Spring,41,3,0,Q2,41
VISA-0000856,1714953600000000000,2024-07-06,India,Work,Ottawa,5,2024,Spring,61,0,0,Q2,61
VISA-0000857,1735689600000000000,2025-02-28,India,Student,Berlin,1,2025,Winter,58,2,0,Q1,58
VISA-0000858,1762041600000000000,2025-11-25,Canada,Business,Berlin,11,2025,Autumn,23,6,0,Q4,23
VISA-0000859,1755734400000000000,2025-10-10,Kenya,Dependent,Sydney,8,2025,Summer,50,3,1,Q3,50
VISA-0000860,1628380800000000000,2021-09-17,Bangladesh,Transit,Johannesburg,8,2021,Summer,40,6,1,Q3,40
VISA-0000861,1731196800000000000,2024-12-31,Germany,Unknown,Singapore,11,2024,Autumn,51,6,0,Q4,51
VISA-0000862,1742860800000000000,2025-04-28,Brazil,Tourist,Mumbai,3,2025,Spring,34,1,0,Q1,34
VISA-0000863,1719532800000000000,2024-08-20,Kenya,Work,Chennai,6,2024,Summer,53,4,1,Q2,53
VISA-0000864,1738713600000000000,2025-04-03,Canada,Work,Johannesburg,2,2025,Winter,57,2,0,Q1,57
VISA-0000865,1741564800000000000,2025-05-03,Australia,Work,Ottawa,3,2025,Spring,54,0,0,Q1,54
VISA-0000866,1679788800000000000,2023-04-24,India,Tourist,London,3,2023,Spring,29,6,0,Q1,29
VISA-0000867,1615766400000000000,2021-04-22,India,Tourist,Paris,3,2021,Spring,38,0,0,Q1,38
VISA-0000868,1681344000000000000,2023-05-23,China,Tourist,Dubai,4,2023,Spring,40,3,0,Q2,40
VISA-0000869,1641254400000000000,2022-02-09,France,Tourist,Mumbai,1,2022,Winter,36,1,0,Q1,36
VISA-0000870,1627344000000000000,2021-09-16,Mexico,Tourist,Mumbai,7,2021,Summer,51,1,1,Q3,51
VISA-0000871,1629072000000000000,2021-10-24,Philippines,Dependent,Paris,8,2021,Summer,69,0,1,Q3,69
VISA-0000872,1719360000000000000,2024-08-04,Philippines,Tourist,Paris,6,2024,Summer,39,2,1,Q2,39
VISA-0000873,1688947200000000000,2023-08-29,France,Work,London,7,2023,Summer,50,0,1,Q3,50
VISA-0000874,1694563200000000000,2023-10-26,Brazil,Dependent,Singapore,9,2023,Autumn,43,2,0,Q3,43
VISA-0000875,1726876800000000000,2024-11-07,India,Student,Mumbai,9,2024,Autumn,47,5,0,Q3,47
VISA-0000876,1695859200000000000,2023-11-17,Nigeria,Student,Singapore,9,2023,Autumn,50,3,0,Q3,50
VISA-0000877,1708732800000000000,2024-05-05,Brazil,Work,New Delhi,2,2024,Winter,71,5,0,Q1,71
VISA-0000878,1622937600000000000,2021-07-21,Germany,Tourist,Dubai,6,2021,Summer,45,6,1,Q2,45
VISA-0000879,1743638400000000000,2025-05-13,Germany,Student,Singapore,4,2025,Spring,40,3,0,Q2,40
VISA-0000880,1680220800000000000,2023-04-26,China,Business,Dubai,3,2023,Spring,26,4,0,Q1,26
VISA-0000881,1633910400000000000,2021-11-19,France,Business,Paris,10,2021,Autumn,39,0,0,Q4,39
VISA-0000882,1737676800000000000,2025-03-07,India,Business,London,1,2025,Winter,42,4,0,Q1,42
VISA-0000883,1725235200000000000,2024-09-23,Bangladesh,Transit,London,9,2024,Autumn,21,0,0,Q3,21
VISA-0000884,1617753600000000000,2021-06-15,Nigeria,Student,Chennai,4,2021,Spring,69,2,0,Q2,69
VISA-0000885,1639872000000000000,2022-02-14,Brazil,Business,Mumbai,12,2021,Winter,57,6,1,Q4,57
VISA-0000886,1611878400000000000,2021-04-17,Philippines,Work,London,1,2021,Winter,78,4,0,Q1,78
VISA-0000887,1652140800000000000,2022-07-24,Brazil,Work,Chennai,5,2022,Spring,75,1,0,Q2,75
VISA-0000888,1625184000000000000,2021-08-28,France,Business,Paris,7,2021,Summer,57,4,1,Q3,57
VISA-0000889,1721347200000000000,2024-08-23,Kenya,Business,Chennai,7,2024,Summer,35,4,1,Q3,35
VISA-0000890,1691798400000000000,2023-12-09,France,Dependent,Mumbai,8,2023,Summer,119,5,1,Q3,119
VISA-0000891,1763942400000000000,2025-12-27,Philippines,Tourist,Paris,11,2025,Autumn,33,0,0,Q4,33
VISA-0000892,1727568000000000000,2024-11-24,Pakistan,Work,Sydney,9,2024,Autumn,56,6,0,Q3,56
VISA-0000893,1705881600000000000,2024-03-07,Philippines,Tourist,Chennai,1,2024,Winter,45,0,0,Q1,45
VISA-0000894,1689724800000000000,2023-09-20,France,Work,Berlin,7,2023,Summer,63,2,1,Q3,63
VISA-0000895,1618012800000000000,2021-05-28,Pakistan,Business,Chennai,4,2021,Spring,48,5,0,Q2,48
VISA-0000896,1620518400000000000,2021-06-16,Philippines,Business,Paris,5,2021,Spring,38,6,0,Q2,38
VISA-0000897,1706572800000000000,2024-03-28,Nigeria,Student,New Delhi,1,2024,Winter,58,1,0,Q1,58
VISA-0000898,1610064000000000000,2021-03-21,Nigeria,Student,Dubai,1,2021,Winter,72,4,0,Q1,72
VISA-0000899,1616112000000000000,2021-05-08,Unknown,Tourist,Dubai,3,2021,Spring,50,4,0,Q1,50
VISA-0000900,1643932800000000000,2022-03-15,UK,Tourist,Ottawa,2,2022,Winter,39,4,0,Q1,39
VISA-0000901,1748822400000000000,2025-08-03,Philippines,Tourist,Berlin,6,2025,Summer,62,0,1,Q2,62
VISA-0000902,1681776000000000000,2023-05-31,France,Dependent,Ottawa,4,2023,Spring,43,1,0,Q2,43
VISA-0000903,1721260800000000000,2024-08-18,France,Tourist,Berlin,7,2024,Summer,31,3,1,Q3,31
VISA-0000904,1674345600000000000,2023-02-20,Philippines,Transit,Chennai,1,2023,Winter,29,6,0,Q1,29
VISA-0000905,1636675200000000000,2021-12-17,Australia,Tourist,Dubai,11,2021,Autumn,35,4,0,Q4,35
VISA-0000906,1667952000000000000,2022-12-19,Canada,Business,Paris,11,2022,Autumn,40,2,0,Q4,40
VISA-0000907,1623888000000000000,2021-08-29,Kenya,Work,Johannesburg,6,2021,Summer,73,3,1,Q2,73
VISA-0000908,1730851200000000000,2025-01-06,Brazil,Work,London,11,2024,Autumn,61,2,0,Q4,61
VISA-0000909,1638316800000000000,2022-02-13,Pakistan,Work,Sydney,12,2021,Winter,74,2,1,Q4,74
VISA-0000910,1668729600000000000,2023-01-24,Mexico,Work,Sydney,11,2022,Autumn,67,4,0,Q4,67
VISA-0000911,1763942400000000000,2026-03-11,Philippines,Dependent,Singapore,11,2025,Autumn,107,0,0,Q4,107
VISA-0000912,1702771200000000000,2024-02-09,Brazil,Work,Johannesburg,12,2023,Winter,54,6,1,Q4,54
VISA-0000913,1681689600000000000,2023-05-15,UK,Tourist,Unknown,4,2023,Spring,28,0,0,Q2,28
VISA-0000914,1694995200000000000,2023-10-24,China,Unknown,Singapore,9,2023,Autumn,36,0,0,Q3,36
VISA-0000915,1733011200000000000,2025-02-11,France,Work,New Delhi,12,2024,Winter,72,6,1,Q4,72
VISA-0000916,1649548800000000000,2022-05-27,Australia,Student,Paris,4,2022,Spring,47,6,0,Q2,47
VISA-0000917,1709769600000000000,2024-05-20,Pakistan,Student,Paris,3,2024,Spring,74,3,0,Q1,74
VISA-0000918,1747008000000000000,2025-07-14,Pakistan,Work,Berlin,5,2025,Spring,63,0,0,Q2,63
VISA-0000919,1699660800000000000,2023-12-31,UK,Unknown,Dubai,11,2023,Autumn,50,5,0,Q4,50
VISA-0000920,1679788800000000000,2023-05-03,Canada,Business,Singapore,3,2023,Spring,38,6,0,Q1,38
VISA-0000921,1632268800000000000,2021-11-09,Germany,Business,Berlin,9,2021,Autumn,48,2,0,Q3,48
VISA-0000922,1648598400000000000,2022-05-05,Mexico,Business,Singapore,3,2022,Spring,36,2,0,Q1,36
VISA-0000923,1758585600000000000,2025-10-26,UK,Business,Mumbai,9,2025,Autumn,33,1,0,Q3,33
VISA-0000924,1694736000000000000,2023-12-18,Brazil,Dependent,Berlin,9,2023,Autumn,94,4,0,Q3,94
VISA-0000925,1656892800000000000,2022-09-10,Germany,Work,Ottawa,7,2022,Summer,68,0,1,Q3,68
VISA-0000926,1675382400000000000,2023-02-20,Unknown,Transit,Singapore,2,2023,Winter,17,4,0,Q1,17
VISA-0000927,1700524800000000000,2023-12-31,Canada,Tourist,Singapore,11,2023,Autumn,40,1,0,Q4,40
VISA-0000928,1694217600000000000,2023-11-05,Bangladesh,Work,Singapore,9,2023,Autumn,57,5,0,Q3,57
VISA-0000929,1719792000000000000,2024-09-19,Philippines,Business,Chennai,7,2024,Summer,80,0,1,Q3,80
VISA-0000930,1649980800000000000,2022-06-03,Brazil,Student,Sydney,4,2022,Spring,49,4,0,Q2,49
VISA-0000931,1711756800000000000,2024-05-05,Bangladesh,Tourist,New Delhi,3,2024,Spring,36,5,0,Q1,36
VISA-0000932,1679184000000000000,2023-05-23,Kenya,Work,Johannesburg,3,2023,Spring,65,6,0,Q1,65
VISA-0000933,1757721600000000000,2025-11-06,India,Unknown,Chennai,9,2025,Autumn,54,5,0,Q3,54
VISA-0000934,1634342400000000000,2021-12-11,Kenya,Dependent,Dubai,10,2021,Autumn,56,5,0,Q4,56
VISA-0000935,1632787200000000000,2021-11-22,France,Student,Sydney,9,2021,Autumn,55,1,0,Q3,55
VISA-0000936,1682208000000000000,2023-05-22,Pakistan,Tourist,Singapore,4,2023,Spring,29,6,0,Q2,29
VISA-0000937,1689552000000000000,2023-09-29,Bangladesh,Work,Singapore,7,2023,Summer,74,0,1,Q3,74
VISA-0000938,1718323200000000000,2024-08-08,Nigeria,Student,Paris,6,2024,Summer,55,4,1,Q2,55
VISA-0000939,1673136000000000000,2023-02-18,China,Tourist,Berlin,1,2023,Winter,41,6,0,Q1,41
VISA-0000940,1753488000000000000,2025-10-11,Bangladesh,Unknown,Mumbai,7,2025,Summer,77,5,1,Q3,77
VISA-0000941,1684195200000000000,2023-09-02,France,Student,Johannesburg,5,2023,Spring,109,1,0,Q2,109
VISA-0000942,1629849600000000000,2021-11-17,Mexico,Tourist,New Delhi,8,2021,Summer,84,2,1,Q3,84
VISA-0000943,1628208000000000000,2021-10-12,Germany,Work,Sydney,8,2021,Summer,67,4,1,Q3,67
VISA-0000944,1762905600000000000,2026-01-01,Germany,Work,Ottawa,11,2025,Autumn,50,2,0,Q4,50
VISA-0000945,1630540800000000000,2021-10-03,Germany,Business,Ottawa,9,2021,Autumn,31,3,0,Q3,31
VISA-0000946,1758844800000000000,2025-11-02,Brazil,Student,Johannesburg,9,2025,Autumn,37,4,0,Q3,37
VISA-0000947,1653264000000000000,2022-06-22,Nigeria,Tourist,Chennai,5,2022,Spring,30,0,0,Q2,30
VISA-0000948,1624147200000000000,2021-07-31,Nigeria,Transit,Dubai,6,2021,Summer,41,6,1,Q2,41
VISA-0000949,1657497600000000000,2022-09-21,France,Work,Chennai,7,2022,Summer,72,0,1,Q3,72
VISA-0000950,1706313600000000000,2024-02-24,Australia,Tourist,Johannesburg,1,2024,Winter,28,5,0,Q1,28
VISA-0000951,1676851200000000000,2023-03-29,Nigeria,Business,Paris,2,2023,Winter,37,0,0,Q1,37
VISA-0000952,1733270400000000000,2025-01-16,Kenya,Tourist,Ottawa,12,2024,Winter,43,2,1,Q4,43
VISA-0000953,1705795200000000000,2024-03-03,Pakistan,Business,New Delhi,1,2024,Winter,42,6,0,Q1,42
VISA-0000954,1672617600000000000,2023-03-14,Nigeria,Work,Mumbai,1,2023,Winter,71,0,0,Q1,71
VISA-0000955,1709510400000000000,2024-03-24,India,Transit,Chennai,3,2024,Spring,20,0,0,Q1,20
VISA-0000956,1762560000000000000,2025-12-01,Bangladesh,Transit,Ottawa,11,2025,Autumn,23,5,0,Q4,23
VISA-0000957,1674345600000000000,2023-02-27,UK,Tourist,Singapore,1,2023,Winter,36,6,0,Q1,36
VISA-0000958,1633651200000000000,2021-11-25,Kenya,Business,Mumbai,10,2021,Autumn,48,4,0,Q4,48
VISA-0000959,1673913600000000000,2023-02-16,Germany,Tourist,Dubai,1,2023,Winter,30,1,0,Q1,30
VISA-0000960,1741910400000000000,2025-05-13,India,Work,London,3,2025,Spring,60,4,0,Q1,60
VISA-0000961,1643760000000000000,2022-04-21,Pakistan,Work,New Delhi,2,2022,Winter,78,2,0,Q1,78
VISA-0000962,1759104000000000000,2025-10-31,Germany,Tourist,Dubai,9,2025,Autumn,32,0,0,Q3,32
VISA-0000963,1702166400000000000,2024-01-09,Philippines,Tourist,Berlin,12,2023,Winter,30,6,1,Q4,30
VISA-0000964,1704240000000000000,2024-02-16,Philippines,Tourist,Johannesburg,1,2024,Winter,44,2,0,Q1,44
VISA-0000965,1659398400000000000,2022-09-11,France,Tourist,Sydney,8,2022,Summer,40,1,1,Q3,40
VISA-0000966,1754524800000000000,2025-09-11,Bangladesh,Tourist,London,8,2025,Summer,35,3,1,Q3,35
VISA-0000967,1615075200000000000,2021-04-13,UK,Dependent,Singapore,3,2021,Spring,37,6,0,Q1,37
VISA-0000968,1656547200000000000,2022-08-20,Philippines,Student,Chennai,6,2022,Summer,51,3,1,Q2,51
VISA-0000969,1675382400000000000,2023-03-11,Mexico,Business,Berlin,2,2023,Winter,36,4,0,Q1,36
VISA-0000970,1684713600000000000,2023-07-08,Pakistan,Dependent,Johannesburg,5,2023,Spring,47,0,0,Q2,47
VISA-0000971,1684195200000000000,2023-06-24,Kenya,Business,New Delhi,5,2023,Spring,39,1,0,Q2,39
VISA-0000972,1632700800000000000,2021-11-27,Bangladesh,Student,Johannesburg,9,2021,Autumn,61,0,0,Q3,61
VISA-0000973,1644969600000000000,2022-04-03,UK,Dependent,Chennai,2,2022,Winter,46,2,0,Q1,46
VISA-0000974,1624406400000000000,2021-08-16,China,Business,Sydney,6,2021,Summer,54,2,1,Q2,54
VISA-0000975,1699660800000000000,2023-12-19,Kenya,Business,Chennai,11,2023,Autumn,38,5,0,Q4,38
VISA-0000976,1664755200000000000,2022-11-02,Mexico,Dependent,Mumbai,10,2022,Autumn,30,0,0,Q4,30
VISA-0000977,1698624000000000000,2024-01-11,Kenya,Work,Berlin,10,2023,Autumn,73,0,0,Q4,73
VISA-0000978,1702425600000000000,2024-02-18,Philippines,Student,Sydney,12,2023,Winter,67,2,1,Q4,67
VISA-0000979,1720137600000000000,2024-08-10,Australia,Dependent,Sydney,7,2024,Summer,36,4,1,Q3,36
VISA-0000980,1695686400000000000,2023-11-09,Australia,Student,Sydney,9,2023,Autumn,44,1,0,Q3,44
VISA-0000981,1711584000000000000,2024-05-02,Germany,Business,Paris,3,2024,Spring,35,3,0,Q1,35
VISA-0000982,1701993600000000000,2024-01-16,Australia,Tourist,Johannesburg,12,2023,Winter,39,4,1,Q4,39
VISA-0000983,1712275200000000000,2024-05-04,Bangladesh,Tourist,Sydney,4,2024,Spring,29,4,0,Q2,29
VISA-0000984,1706659200000000000,2024-03-29,France,Student,Mumbai,1,2024,Winter,58,2,0,Q1,58
VISA-0000985,1659312000000000000,2022-08-26,Canada,Tourist,London,8,2022,Summer,25,0,1,Q3,25
VISA-0000986,1648252800000000000,2022-04-21,India,Transit,Sydney,3,2022,Spring,26,5,0,Q1,26
VISA-0000987,1733616000000000000,2025-01-14,Pakistan,Tourist,Mumbai,12,2024,Winter,37,6,1,Q4,37
VISA-0000988,1663459200000000000,2022-10-20,France,Business,Chennai,9,2022,Autumn,32,6,0,Q3,32
VISA-0000989,1696032000000000000,2023-11-05,Germany,Tourist,Chennai,9,2023,Autumn,36,5,0,Q3,36
VISA-0000990,1640476800000000000,2022-03-28,Pakistan,Transit,Johannesburg,12,2021,Winter,92,6,1,Q4,92
VISA-0000991,1692921600000000000,2023-10-23,Pakistan,Student,Ottawa,8,2023,Summer,59,4,1,Q3,59
VISA-0000992,1708128000000000000,2024-03-31,Bangladesh,Tourist,Singapore,2,2024,Winter,43,5,0,Q1,43
VISA-0000993,1692403200000000000,2023-09-22,Australia,Tourist,Dubai,8,2023,Summer,34,5,1,Q3,34
VISA-0000994,1666310400000000000,2022-12-24,France,Work,Sydney,10,2022,Autumn,64,4,0,Q4,64
VISA-0000995,1761091200000000000,2025-11-06,China,Transit,Johannesburg,10,2025,Autumn,15,2,0,Q4,15
VISA-0000996,1690243200000000000,2023-08-26,Bangladesh,Transit,Berlin,7,2023,Summer,32,1,1,Q3,32
VISA-0000997,1736899200000000000,2025-02-18,Nigeria,Tourist,Unknown,1,2025,Winter,34,2,0,Q1,34
VISA-0000998,1725580800000000000,2024-10-19,France,Student,London,9,2024,Autumn,43,4,0,Q3,43
VISA-0000999,1697414400000000000,2023-11-21,Pakistan,Tourist,Berlin,10,2023,Autumn,36,0,0,Q4,36
VISA-0001000,1749168000000000000,2025-07-27,Kenya,Student,New Delhi,6,2025,Summer,51,4,1,Q2,51
VISA-0001001,1629676800000000000,2021-11-03,Philippines,Work,Mumbai,8,2021,Summer,72,0,1,Q3,72
VISA-0001002,1754611200000000000,2025-09-21,UK,Tourist,New Delhi,8,2025,Summer,44,4,1,Q3,44
VISA-0001003,1743465600000000000,2025-06-01,China,Work,Berlin,4,2025,Spring,61,1,0,Q2,61
VISA-0001004,1688860800000000000,2023-09-24,Kenya,Dependent,Ottawa,7,2023,Summer,77,6,1,Q3,77
VISA-0001005,1725062400000000000,2024-09-29,Canada,Tourist,New Delhi,8,2024,Summer,29,5,1,Q3,29
VISA-0001006,1691452800000000000,2023-10-04,Unknown,Tourist,Paris,8,2023,Summer,57,1,1,Q3,57
VISA-0001007,1651795200000000000,2022-06-13,France,Tourist,Berlin,5,2022,Spring,38,4,0,Q2,38
VISA-0001008,1735516800000000000,2025-02-09,Kenya,Tourist,Berlin,12,2024,Winter,41,0,1,Q4,41
VISA-0001009,1648166400000000000,2022-05-01,Philippines,Tourist,Mumbai,3,2022,Spring,37,4,0,Q1,37
VISA-0001010,1658966400000000000,2022-11-21,Philippines,Work,Singapore,7,2022,Summer,116,3,1,Q3,116
VISA-0001011,1691280000000000000,2023-09-29,India,Tourist,Mumbai,8,2023,Summer,54,6,1,Q3,54
VISA-0001012,1741478400000000000,2025-04-17,Kenya,Business,Dubai,3,2025,Spring,39,6,0,Q1,39
VISA-0001013,1669939200000000000,2023-01-28,India,Dependent,Dubai,12,2022,Winter,57,4,1,Q4,57
VISA-0001014,1687305600000000000,2023-08-16,India,Dependent,Chennai,6,2023,Summer,56,2,1,Q2,56
VISA-0001015,1616025600000000000,2021-05-26,Philippines,Work,Ottawa,3,2021,Spring,69,3,0,Q1,69
VISA-0001016,1627689600000000000,2021-09-16,India,Tourist,New Delhi,7,2021,Summer,47,5,1,Q3,47
VISA-0001017,1618272000000000000,2021-05-10,Canada,Tourist,Sydney,4,2021,Spring,27,1,0,Q2,27
VISA-0001018,1620777600000000000,2021-06-27,Bangladesh,Tourist,Berlin,5,2021,Spring,46,2,0,Q2,46
VISA-0001019,1746403200000000000,2025-05-17,UK,Transit,London,5,2025,Spring,12,0,0,Q2,12
VISA-0001020,1742169600000000000,2025-03-22,Unknown,Transit,Sydney,3,2025,Spring,5,0,0,Q1,5
VISA-0001021,1738972800000000000,2025-03-20,France,Student,Johannesburg,2,2025,Winter,40,5,0,Q1,40
VISA-0001022,1618185600000000000,2021-05-27,Bangladesh,Tourist,Chennai,4,2021,Spring,45,0,0,Q2,45
VISA-0001023,1621641600000000000,2021-07-17,Mexico,Student,London,5,2021,Spring,56,5,0,Q2,56
VISA-0001024,1653696000000000000,2022-07-18,Unknown,Tourist,Mumbai,5,2022,Spring,51,5,0,Q2,51
VISA-0001025,1698537600000000000,2023-11-22,Bangladesh,Unknown,Sydney,10,2023,Autumn,24,6,0,Q4,24
VISA-0001026,1662076800000000000,2022-10-08,France,Tourist,Chennai,9,2022,Autumn,36,4,0,Q3,36
VISA-0001027,1686268800000000000,2023-08-05,Canada,Student,Singapore,6,2023,Summer,57,4,1,Q2,57
VISA-0001028,1636675200000000000,2021-12-25,Mexico,Student,London,11,2021,Autumn,43,4,0,Q4,43
VISA-0001029,1724630400000000000,2024-10-07,Brazil,Tourist,Berlin,8,2024,Summer,42,0,1,Q3,42
VISA-0001030,1658880000000000000,2022-10-05,Brazil,Student,Unknown,7,2022,Summer,70,2,1,Q3,70
VISA-0001031,1619913600000000000,2021-06-11,Australia,Dependent,London,5,2021,Spring,40,6,0,Q2,40
VISA-0001032,1726531200000000000,2024-10-11,Germany,Tourist,Mumbai,9,2024,Autumn,24,1,0,Q3,24
VISA-0001033,1751760000000000000,2025-09-19,Pakistan,Work,Dubai,7,2025,Summer,75,6,1,Q3,75
VISA-0001034,1611705600000000000,2021-04-02,Pakistan,Student,New Delhi,1,2021,Winter,65,2,0,Q1,65
VISA-0001035,1678233600000000000,2023-04-10,Australia,Tourist,New Delhi,3,2023,Spring,33,2,0,Q1,33
VISA-0001036,1739836800000000000,2025-03-22,Unknown,Tourist,Sydney,2,2025,Winter,32,1,0,Q1,32
VISA-0001037,1720742400000000000,2024-08-19,Unknown,Tourist,Dubai,7,2024,Summer,38,4,1,Q3,38
VISA-0001038,1744502400000000000,2025-05-16,China,Tourist,London,4,2025,Spring,33,6,0,Q2,33
VISA-0001039,1674864000000000000,2023-03-19,Brazil,Student,Ottawa,1,2023,Winter,50,5,0,Q1,50
VISA-0001040,1668124800000000000,2022-12-23,UK,Business,Ottawa,11,2022,Autumn,42,4,0,Q4,42
VISA-0001041,1721260800000000000,2024-08-19,Philippines,Business,Paris,7,2024,Summer,32,3,1,Q3,32
VISA-0001042,1633651200000000000,2021-11-28,Nigeria,Dependent,Ottawa,10,2021,Autumn,51,4,0,Q4,51
VISA-0001043,1647129600000000000,2022-05-15,Philippines,Student,Singapore,3,2022,Spring,63,6,0,Q1,63
VISA-0001044,1704153600000000000,2024-03-06,Kenya,Work,Chennai,1,2024,Winter,64,1,0,Q1,64
VISA-0001045,1714780800000000000,2024-06-20,Kenya,Work,Chennai,5,2024,Spring,47,5,0,Q2,47
VISA-0001046,1628294400000000000,2021-09-20,Canada,Tourist,Ottawa,8,2021,Summer,44,5,1,Q3,44
VISA-0001047,1689552000000000000,2023-08-31,China,Tourist,New Delhi,7,2023,Summer,45,0,1,Q3,45
VISA-0001048,1666915200000000000,2022-12-17,Mexico,Student,Berlin,10,2022,Autumn,50,4,0,Q4,50
VISA-0001049,1688515200000000000,2023-08-05,France,Business,Ottawa,7,2023,Summer,31,2,1,Q3,31
VISA-0001050,1760572800000000000,2025-11-30,Philippines,Student,Ottawa,10,2025,Autumn,45,3,0,Q4,45
VISA-0001051,1621468800000000000,2021-06-26,Australia,Tourist,Sydney,5,2021,Spring,37,3,0,Q2,37
VISA-0001052,1766361600000000000,2026-01-15,UK,Transit,New Delhi,12,2025,Winter,24,0,1,Q4,24
VISA-0001053,1680307200000000000,2023-05-08,Pakistan,Tourist,Ottawa,4,2023,Spring,37,5,0,Q2,37
VISA-0001054,1731196800000000000,2024-11-25,Mexico,Transit,Johannesburg,11,2024,Autumn,15,6,0,Q4,15
VISA-0001055,1676332800000000000,2023-05-07,Unknown,Business,Dubai,2,2023,Winter,82,1,0,Q1,82
VISA-0001056,1658448000000000000,2022-09-22,Canada,Dependent,Dubai,7,2022,Summer,62,4,1,Q3,62
VISA-0001057,1730937600000000000,2024-12-13,Pakistan,Business,Sydney,11,2024,Autumn,36,3,0,Q4,36
VISA-0001058,1717804800000000000,2024-07-18,Mexico,Tourist,Sydney,6,2024,Summer,40,5,1,Q2,40
VISA-0001059,1632096000000000000,2021-11-23,Brazil,Work,Johannesburg,9,2021,Autumn,64,0,0,Q3,64
VISA-0001060,1720656000000000000,2024-08-24,India,Business,Johannesburg,7,2024,Summer,44,3,1,Q3,44
VISA-0001061,1728172800000000000,2024-11-02,France,Business,Ottawa,10,2024,Autumn,27,6,0,Q4,27
VISA-0001062,1670544000000000000,2023-02-06,Kenya,Tourist,Johannesburg,12,2022,Winter,59,4,1,Q4,59
VISA-0001063,1755388800000000000,2025-09-18,Philippines,Tourist,New Delhi,8,2025,Summer,32,6,1,Q3,32
VISA-0001064,1710460800000000000,2024-04-16,Pakistan,Tourist,London,3,2024,Spring,32,4,0,Q1,32
VISA-0001065,1661990400000000000,2022-10-14,Australia,Student,London,9,2022,Autumn,43,3,0,Q3,43
VISA-0001066,1611100800000000000,2021-03-27,Pakistan,Work,Berlin,1,2021,Winter,66,2,0,Q1,66
VISA-0001067,1715817600000000000,2024-07-12,Bangladesh,Dependent,Dubai,5,2024,Spring,57,3,0,Q2,57
VISA-0001068,1642377600000000000,2022-02-28,Nigeria,Business,Sydney,1,2022,Winter,42,0,0,Q1,42
VISA-0001069,1728691200000000000,2024-12-13,Pakistan,Work,Chennai,10,2024,Autumn,62,5,0,Q4,62
VISA-0001070,1692230400000000000,2023-09-11,Pakistan,Tourist,Sydney,8,2023,Summer,25,3,1,Q3,25
VISA-0001071,1682985600000000000,2023-07-01,UK,Student,Chennai,5,2023,Spring,60,1,0,Q2,60
VISA-0001072,1635206400000000000,2021-12-03,Bangladesh,Tourist,Sydney,10,2021,Autumn,38,1,0,Q4,38
VISA-0001073,1721606400000000000,2024-09-02,Pakistan,Tourist,London,7,2024,Summer,42,0,1,Q3,42
VISA-0001074,1635552000000000000,2021-11-22,China,Tourist,Singapore,10,2021,Autumn,23,5,0,Q4,23
VISA-0001075,1675296000000000000,2023-02-23,Australia,Tourist,Paris,2,2023,Winter,21,3,0,Q1,21
VISA-0001076,1741305600000000000,2025-03-26,Australia,Tourist,Mumbai,3,2025,Spring,19,4,0,Q1,19
VISA-0001077,1754524800000000000,2025-10-08,Canada,Work,Johannesburg,8,2025,Summer,62,3,1,Q3,62
VISA-0001078,1765411200000000000,2026-01-20,Brazil,Tourist,Berlin,12,2025,Winter,40,3,1,Q4,40
VISA-0001079,1760486400000000000,2025-11-15,Kenya,Tourist,London,10,2025,Autumn,31,2,0,Q4,31
VISA-0001080,1697068800000000000,2023-10-31,Brazil,Tourist,Sydney,10,2023,Autumn,19,3,0,Q4,19
VISA-0001081,1640995200000000000,2022-03-08,France,Work,Chennai,1,2022,Winter,66,5,0,Q1,66
VISA-0001082,1741737600000000000,2025-05-07,France,Work,New Delhi,3,2025,Spring,56,2,0,Q1,56
VISA-0001083,1735776000000000000,2025-03-09,Australia,Tourist,Ottawa,1,2025,Winter,66,3,0,Q1,66
VISA-0001084,1712016000000000000,2024-05-03,India,Tourist,Paris,4,2024,Spring,31,1,0,Q2,31
VISA-0001085,1631750400000000000,2021-10-19,Philippines,Transit,London,9,2021,Autumn,33,3,0,Q3,33
VISA-0001086,1688688000000000000,2023-09-05,Pakistan,Work,Ottawa,7,2023,Summer,60,4,1,Q3,60
VISA-0001087,1680134400000000000,2023-05-26,France,Work,Johannesburg,3,2023,Spring,57,3,0,Q1,57
VISA-0001088,1742342400000000000,2025-05-07,Mexico,Student,Johannesburg,3,2025,Spring,49,2,0,Q1,49
VISA-0001089,1671321600000000000,2023-02-01,Unknown,Business,Sydney,12,2022,Winter,45,6,1,Q4,45
VISA-0001090,1661212800000000000,2022-10-17,Canada,Dependent,New Delhi,8,2022,Summer,55,1,1,Q3,55
VISA-0001091,1622073600000000000,2021-07-05,Germany,Student,Berlin,5,2021,Spring,39,3,0,Q2,39
VISA-0001092,1741132800000000000,2025-05-04,Kenya,Work,Berlin,3,2025,Spring,60,2,0,Q1,60
VISA-0001093,1728518400000000000,2024-11-10,China,Tourist,Johannesburg,10,2024,Autumn,31,3,0,Q4,31
VISA-0001094,1615939200000000000,2021-05-11,Mexico,Work,Johannesburg,3,2021,Spring,55,2,0,Q1,55
VISA-0001095,1677801600000000000,2023-04-23,Brazil,Student,Dubai,3,2023,Spring,51,4,0,Q1,51
VISA-0001096,1685059200000000000,2023-06-17,Australia,Tourist,Mumbai,5,2023,Spring,22,4,0,Q2,22
VISA-0001097,1683417600000000000,2023-05-27,Philippines,Transit,Chennai,5,2023,Spring,20,6,0,Q2,20
VISA-0001098,1754352000000000000,2025-09-15,Mexico,Dependent,Berlin,8,2025,Summer,41,1,1,Q3,41
VISA-0001099,1633132800000000000,2021-11-06,Brazil,Tourist,Dubai,10,2021,Autumn,35,5,0,Q4,35
VISA-0001100,1657756800000000000,2022-08-22,Bangladesh,Transit,Ottawa,7,2022,Summer,39,3,1,Q3,39
VISA-0001101,1637971200000000000,2022-01-08,Nigeria,Tourist,Ottawa,11,2021,Autumn,42,5,0,Q4,42
VISA-0001102,1647907200000000000,2022-05-03,China,Student,Berlin,3,2022,Spring,42,1,0,Q1,42
VISA-0001103,1752451200000000000,2025-08-25,France,Dependent,Ottawa,7,2025,Summer,42,0,1,Q3,42
VISA-0001104,1757721600000000000,2025-10-08,Nigeria,Tourist,Mumbai,9,2025,Autumn,25,5,0,Q3,25
VISA-0001105,1616457600000000000,2021-05-29,Mexico,Student,Johannesburg,3,2021,Spring,67,1,0,Q1,67
VISA-0001106,1709078400000000000,2024-04-15,Germany,Work,London,2,2024,Winter,47,2,0,Q1,47
VISA-0001107,1646092800000000000,2022-04-05,Germany,Tourist,London,3,2022,Spring,35,1,0,Q1,35
VISA-0001108,1639785600000000000,2022-02-14,Canada,Student,New Delhi,12,2021,Winter,58,5,1,Q4,58
VISA-0001109,1655510400000000000,2022-08-01,China,Tourist,Sydney,6,2022,Summer,44,5,1,Q2,44
VISA-0001110,1640044800000000000,2022-03-02,India,Work,Johannesburg,12,2021,Winter,71,1,1,Q4,71
VISA-0001111,1686700800000000000,2023-07-20,Germany,Tourist,Mumbai,6,2023,Summer,36,2,1,Q2,36
VISA-0001112,1766361600000000000,2026-02-04,Bangladesh,Tourist,Unknown,12,2025,Winter,44,0,1,Q4,44
VISA-0001113,1701907200000000000,2024-01-22,France,Business,Mumbai,12,2023,Winter,46,3,1,Q4,46
VISA-0001114,1723420800000000000,2024-09-23,Bangladesh,Tourist,Mumbai,8,2024,Summer,42,0,1,Q3,42
VISA-0001115,1687219200000000000,2023-08-18,Nigeria,Student,Dubai,6,2023,Summer,59,1,1,Q2,59
VISA-0001116,1611619200000000000,2021-03-20,Bangladesh,Business,London,1,2021,Winter,53,1,0,Q1,53
VISA-0001117,1622678400000000000,2021-07-10,Germany,Business,Paris,6,2021,Summer,37,3,1,Q2,37
VISA-0001118,1651795200000000000,2022-06-12,Nigeria,Tourist,Ottawa,5,2022,Spring,37,4,0,Q2,37
VISA-0001119,1647820800000000000,2022-04-23,Australia,Dependent,Berlin,3,2022,Spring,33,0,0,Q1,33
VISA-0001120,1741996800000000000,2025-04-17,Australia,Business,New Delhi,3,2025,Spring,33,5,0,Q1,33
VISA-0001121,1742428800000000000,2025-04-19,France,Tourist,London,3,2025,Spring,30,3,0,Q1,30
VISA-0001122,1744070400000000000,2025-05-10,Kenya,Business,Ottawa,4,2025,Spring,32,1,0,Q2,32
VISA-0001123,1709942400000000000,2024-04-18,Nigeria,Business,New Delhi,3,2024,Spring,40,5,0,Q1,40
VISA-0001124,1697155200000000000,2023-12-09,China,Work,Ottawa,10,2023,Autumn,57,4,0,Q4,57
VISA-0001125,1711756800000000000,2024-05-30,Philippines,Work,Sydney,3,2024,Spring,61,5,0,Q1,61
VISA-0001126,1673568000000000000,2023-02-23,Germany,Business,Ottawa,1,2023,Winter,41,4,0,Q1,41
VISA-0001127,1715126400000000000,2024-05-19,Germany,Transit,Sydney,5,2024,Spring,11,2,0,Q2,11
VISA-0001128,1734652800000000000,2025-02-27,Nigeria,Work,Paris,12,2024,Winter,69,4,1,Q4,69
VISA-0001129,1729728000000000000,2024-11-24,Brazil,Business,Paris,10,2024,Autumn,31,3,0,Q4,31
VISA-0001130,1706227200000000000,2024-03-05,Philippines,Business,New Delhi,1,2024,Winter,39,4,0,Q1,39
VISA-0001131,1618617600000000000,2021-05-30,France,Unknown,Unknown,4,2021,Spring,43,5,0,Q2,43
VISA-0001132,1723766400000000000,2024-09-06,India,Transit,Singapore,8,2024,Summer,21,4,1,Q3,21
VISA-0001133,1667260800000000000,2022-11-26,Brazil,Tourist,Singapore,11,2022,Autumn,25,1,0,Q4,25
VISA-0001134,1726704000000000000,2024-10-22,Mexico,Tourist,London,9,2024,Autumn,33,3,0,Q3,33
VISA-0001135,1694476800000000000,2023-11-08,France,Work,Paris,9,2023,Autumn,57,1,0,Q3,57
VISA-0001136,1748390400000000000,2025-07-13,Philippines,Student,Paris,5,2025,Spring,46,2,0,Q2,46
VISA-0001137,1662768000000000000,2022-11-06,China,Work,Ottawa,9,2022,Autumn,57,5,0,Q3,57
VISA-0001138,1756252800000000000,2025-09-29,Mexico,Business,Singapore,8,2025,Summer,33,2,1,Q3,33
VISA-0001139,1742601600000000000,2025-05-02,India,Dependent,Dubai,3,2025,Spring,41,5,0,Q1,41
VISA-0001140,1661644800000000000,2022-11-02,Philippines,Student,Paris,8,2022,Summer,66,6,1,Q3,66
VISA-0001141,1685491200000000000,2023-07-06,Kenya,Business,Paris,5,2023,Spring,36,2,0,Q2,36
VISA-0001142,1693180800000000000,2023-10-11,Pakistan,Tourist,Paris,8,2023,Summer,44,0,1,Q3,44
VISA-0001143,1730592000000000000,2024-12-17,Australia,Student,Johannesburg,11,2024,Autumn,44,6,0,Q4,44
VISA-0001144,1718064000000000000,2024-07-03,Germany,Tourist,Singapore,6,2024,Summer,22,1,1,Q2,22
VISA-0001145,1743724800000000000,2025-05-16,Australia,Student,Ottawa,4,2025,Spring,42,4,0,Q2,42
VISA-0001146,1667779200000000000,2022-12-18,Brazil,Student,Dubai,11,2022,Autumn,41,0,0,Q4,41
VISA-0001147,1689033600000000000,2023-08-29,Kenya,Business,Berlin,7,2023,Summer,49,1,1,Q3,49
VISA-0001148,1677369600000000000,2023-04-19,Mexico,Work,Singapore,2,2023,Winter,52,6,0,Q1,52
VISA-0001149,1752796800000000000,2025-09-13,Philippines,Student,Ottawa,7,2025,Summer,57,4,1,Q3,57
VISA-0001150,1657497600000000000,2022-08-19,UK,Tourist,London,7,2022,Summer,39,0,1,Q3,39
VISA-0001151,1701993600000000000,2024-01-14,Brazil,Tourist,Paris,12,2023,Winter,37,4,1,Q4,37
VISA-0001152,1628380800000000000,2021-09-03,Mexico,Transit,Johannesburg,8,2021,Summer,26,6,1,Q3,26
VISA-0001153,1743465600000000000,2025-05-15,China,Dependent,Johannesburg,4,2025,Spring,44,1,0,Q2,44
VISA-0001154,1670025600000000000,2023-03-08,India,Tourist,Mumbai,12,2022,Winter,95,5,1,Q4,95
VISA-0001155,1663113600000000000,2022-11-06,Pakistan,Tourist,Johannesburg,9,2022,Autumn,53,2,0,Q3,53
VISA-0001156,1701302400000000000,2024-01-29,Kenya,Student,Paris,11,2023,Autumn,60,3,0,Q4,60
VISA-0001157,1688083200000000000,2023-09-03,Mexico,Work,Mumbai,6,2023,Summer,65,4,1,Q2,65
VISA-0001158,1743120000000000000,2025-05-16,Philippines,Student,New Delhi,3,2025,Spring,49,4,0,Q1,49
VISA-0001159,1693180800000000000,2023-10-04,Kenya,Tourist,Chennai,8,2023,Summer,37,0,1,Q3,37
VISA-0001160,1690934400000000000,2023-10-01,Germany,Student,Johannesburg,8,2023,Summer,60,2,1,Q3,60
VISA-0001161,1625961600000000000,2021-09-02,India,Tourist,Paris,7,2021,Summer,53,6,1,Q3,53
VISA-0001162,1612915200000000000,2021-04-03,Pakistan,Tourist,Dubai,2,2021,Winter,52,2,0,Q1,52
VISA-0001163,1672272000000000000,2023-02-07,Unknown,Tourist,Dubai,12,2022,Winter,40,3,1,Q4,40
VISA-0001164,1766793600000000000,2026-03-04,Mexico,Work,Ottawa,12,2025,Winter,67,5,1,Q4,67
VISA-0001165,1754092800000000000,2025-09-13,Mexico,Student,Singapore,8,2025,Summer,42,5,1,Q3,42
VISA-0001166,1708560000000000000,2024-04-02,Bangladesh,Tourist,Mumbai,2,2024,Winter,40,3,0,Q1,40
VISA-0001167,1708905600000000000,2024-04-25,Canada,Work,London,2,2024,Winter,59,0,0,Q1,59
VISA-0001168,1671148800000000000,2023-02-27,Mexico,Student,Chennai,12,2022,Winter,73,4,1,Q4,73
VISA-0001169,1637366400000000000,2021-12-21,Mexico,Business,Singapore,11,2021,Autumn,31,5,0,Q4,31
VISA-0001170,1610755200000000000,2021-02-15,Brazil,Transit,Sydney,1,2021,Winter,30,5,0,Q1,30
VISA-0001171,1662854400000000000,2022-12-03,UK,Tourist,Berlin,9,2022,Autumn,83,6,0,Q3,83
VISA-0001172,1659312000000000000,2022-10-26,Nigeria,Dependent,Johannesburg,8,2022,Summer,86,0,1,Q3,86
VISA-0001173,1639612800000000000,2022-03-05,Brazil,Work,Chennai,12,2021,Winter,79,3,1,Q4,79
VISA-0001174,1650240000000000000,2022-06-25,Pakistan,Work,Johannesburg,4,2022,Spring,68,0,0,Q2,68
VISA-0001175,1613347200000000000,2021-04-21,Bangladesh,Student,Mumbai,2,2021,Winter,65,0,0,Q1,65
VISA-0001176,1705276800000000000,2024-02-10,India,Tourist,Paris,1,2024,Winter,26,0,0,Q1,26
VISA-0001177,1755648000000000000,2025-09-11,Australia,Tourist,Berlin,8,2025,Summer,22,2,1,Q3,22
VISA-0001178,1718323200000000000,2024-06-19,Australia,Transit,Singapore,6,2024,Summer,5,4,1,Q2,5
VISA-0001179,1680048000000000000,2023-06-12,Bangladesh,Work,Mumbai,3,2023,Spring,75,2,0,Q1,75
VISA-0001180,1675641600000000000,2023-04-08,Bangladesh,Student,Johannesburg,2,2023,Winter,61,0,0,Q1,61
VISA-0001181,1657929600000000000,2022-09-16,UK,Student,Paris,7,2022,Summer,62,5,1,Q3,62
VISA-0001182,1631836800000000000,2021-11-05,Philippines,Tourist,Mumbai,9,2021,Autumn,49,4,0,Q3,49
VISA-0001183,1703808000000000000,2024-02-11,Nigeria,Unknown,Dubai,12,2023,Winter,44,4,1,Q4,44
VISA-0001184,1698710400000000000,2023-12-27,Brazil,Work,Unknown,10,2023,Autumn,57,1,0,Q4,57
VISA-0001185,1610582400000000000,2021-03-17,Canada,Student,Sydney,1,2021,Winter,62,3,0,Q1,62
VISA-0001186,1674950400000000000,2023-03-18,France,Business,Ottawa,1,2023,Winter,48,6,0,Q1,48
VISA-0001187,1653264000000000000,2022-08-01,Brazil,Work,London,5,2022,Spring,70,0,0,Q2,70
VISA-0001188,1636243200000000000,2022-01-17,Mexico,Work,Sydney,11,2021,Autumn,71,6,0,Q4,71
VISA-0001189,1720310400000000000,2024-08-21,Kenya,Business,Johannesburg,7,2024,Summer,45,6,1,Q3,45
VISA-0001190,1692316800000000000,2023-11-04,Pakistan,Tourist,Dubai,8,2023,Summer,78,4,1,Q3,78
VISA-0001191,1709337600000000000,2024-05-01,Bangladesh,Work,Berlin,3,2024,Spring,60,5,0,Q1,60
VISA-0001192,1721952000000000000,2024-09-04,Mexico,Business,Paris,7,2024,Summer,40,4,1,Q3,40
VISA-0001193,1764201600000000000,2025-12-31,Mexico,Tourist,Paris,11,2025,Autumn,34,3,0,Q4,34
VISA-0001194,1736035200000000000,2025-01-28,Germany,Tourist,Ottawa,1,2025,Winter,23,6,0,Q1,23
VISA-0001195,1707264000000000000,2024-03-17,Philippines,Tourist,Paris,2,2024,Winter,39,2,0,Q1,39
VISA-0001196,1748044800000000000,2025-06-12,Canada,Tourist,London,5,2025,Spring,19,5,0,Q2,19
VISA-0001197,1684713600000000000,2023-08-12,France,Student,Dubai,5,2023,Spring,82,0,0,Q2,82
VISA-0001198,1764720000000000000,2026-01-03,Nigeria,Tourist,London,12,2025,Winter,31,2,1,Q4,31
VISA-0001199,1729468800000000000,2024-12-21,UK,Work,Johannesburg,10,2024,Autumn,61,0,0,Q4,61
VISA-0001200,1712016000000000000,2024-05-07,Brazil,Tourist,Paris,4,2024,Spring,35,1,0,Q2,35
VISA-0001201,1751846400000000000,2025-08-12,Pakistan,Tourist,Dubai,7,2025,Summer,36,0,1,Q3,36
VISA-0001202,1690675200000000000,2023-09-12,Germany,Tourist,Ottawa,7,2023,Summer,44,6,1,Q3,44
VISA-0001203,1723075200000000000,2024-08-28,Australia,Tourist,Sydney,8,2024,Summer,20,3,1,Q3,20
VISA-0001204,1654300800000000000,2022-06-25,Canada,Transit,Paris,6,2022,Summer,21,5,1,Q2,21
VISA-0001205,1761264000000000000,2025-11-15,UK,Tourist,London,10,2025,Autumn,22,4,0,Q4,22
VISA-0001206,1707696000000000000,2024-03-13,Australia,Tourist,Singapore,2,2024,Winter,30,0,0,Q1,30
VISA-0001207,1732752000000000000,2025-01-13,Bangladesh,Tourist,London,11,2024,Autumn,46,3,0,Q4,46
VISA-0001208,1682035200000000000,2023-06-05,Canada,Student,Mumbai,4,2023,Spring,45,4,0,Q2,45
VISA-0001209,1746057600000000000,2025-06-21,Canada,Work,Paris,5,2025,Spring,51,3,0,Q2,51
VISA-0001210,1621123200000000000,2021-06-24,Canada,Business,Berlin,5,2021,Spring,39,6,0,Q2,39
VISA-0001211,1627430400000000000,2021-09-22,China,Student,London,7,2021,Summer,56,2,1,Q3,56
VISA-0001212,1689379200000000000,2023-09-08,Germany,Work,Berlin,7,2023,Summer,55,5,1,Q3,55
VISA-0001213,1724889600000000000,2024-10-18,Kenya,Student,Paris,8,2024,Summer,50,3,1,Q3,50
VISA-0001214,1736985600000000000,2025-02-28,Pakistan,Dependent,Paris,1,2025,Winter,43,3,0,Q1,43
VISA-0001215,1678838400000000000,2023-05-20,Bangladesh,Work,Johannesburg,3,2023,Spring,66,2,0,Q1,66
VISA-0001216,1711843200000000000,2024-04-19,Germany,Tourist,Singapore,3,2024,Spring,19,6,0,Q1,19
VISA-0001217,1696636800000000000,2023-12-09,Nigeria,Work,Unknown,10,2023,Autumn,63,5,0,Q4,63
VISA-0001218,1761004800000000000,2025-11-30,Philippines,Business,Chennai,10,2025,Autumn,40,1,0,Q4,40
VISA-0001219,1712534400000000000,2024-06-08,Bangladesh,Student,Mumbai,4,2024,Spring,61,0,0,Q2,61
VISA-0001220,1675123200000000000,2023-02-22,Brazil,Transit,Dubai,1,2023,Winter,22,1,0,Q1,22
VISA-0001221,1762300800000000000,2025-12-20,India,Dependent,Berlin,11,2025,Autumn,45,2,0,Q4,45
VISA-0001222,1626307200000000000,2021-08-28,Pakistan,Tourist,Berlin,7,2021,Summer,44,3,1,Q3,44
VISA-0001223,1764633600000000000,2026-01-19,France,Business,New Delhi,12,2025,Winter,48,1,1,Q4,48
VISA-0001224,1633737600000000000,2021-12-03,China,Work,Berlin,10,2021,Autumn,55,5,0,Q4,55
VISA-0001225,1654905600000000000,2022-08-22,Mexico,Student,Paris,6,2022,Summer,72,5,1,Q2,72
VISA-0001226,1738972800000000000,2025-04-01,Mexico,Student,Berlin,2,2025,Winter,52,5,0,Q1,52
VISA-0001227,1725148800000000000,2024-10-08,France,Dependent,Sydney,9,2024,Autumn,37,6,0,Q3,37
VISA-0001228,1762387200000000000,2026-01-30,Pakistan,Work,New Delhi,11,2025,Autumn,85,3,0,Q4,85
VISA-0001229,1727654400000000000,2024-11-22,Pakistan,Student,Sydney,9,2024,Autumn,53,0,0,Q3,53
VISA-0001230,1709856000000000000,2024-04-06,UK,Tourist,Berlin,3,2024,Spring,29,4,0,Q1,29
VISA-0001231,1664064000000000000,2022-11-24,Mexico,Student,Dubai,9,2022,Autumn,60,6,0,Q3,60
VISA-0001232,1610150400000000000,2021-02-28,UK,Dependent,Dubai,1,2021,Winter,50,5,0,Q1,50
VISA-0001233,1628985600000000000,2021-09-24,India,Business,Sydney,8,2021,Summer,40,6,1,Q3,40
VISA-0001234,1656374400000000000,2022-08-11,China,Tourist,Dubai,6,2022,Summer,44,1,1,Q2,44
VISA-0001235,1615852800000000000,2021-04-26,France,Dependent,London,3,2021,Spring,41,1,0,Q1,41
VISA-0001236,1689552000000000000,2023-08-18,UK,Business,Dubai,7,2023,Summer,32,0,1,Q3,32
VISA-0001237,1731974400000000000,2025-01-03,Canada,Student,London,11,2024,Autumn,45,1,0,Q4,45
VISA-0001238,1761264000000000000,2025-12-03,Philippines,Tourist,Sydney,10,2025,Autumn,40,4,0,Q4,40
VISA-0001239,1686614400000000000,2023-08-19,India,Work,Ottawa,6,2023,Summer,67,1,1,Q2,67
VISA-0001240,1747353600000000000,2025-06-16,UK,Tourist,Berlin,5,2025,Spring,31,4,0,Q2,31
VISA-0001241,1764806400000000000,2026-01-11,Germany,Tourist,Singapore,12,2025,Winter,38,3,1,Q4,38
VISA-0001242,1745020800000000000,2025-06-18,Mexico,Work,Dubai,4,2025,Spring,60,5,0,Q2,60
VISA-0001243,1682726400000000000,2023-06-05,Brazil,Dependent,Mumbai,4,2023,Spring,37,5,0,Q2,37
VISA-0001244,1660694400000000000,2022-10-09,Mexico,Student,Berlin,8,2022,Summer,53,2,1,Q3,53
VISA-0001245,1763596800000000000,2026-01-06,Nigeria,Dependent,London,11,2025,Autumn,47,3,0,Q4,47
VISA-0001246,1674345600000000000,2023-04-10,Mexico,Dependent,New Delhi,1,2023,Winter,78,6,0,Q1,78
VISA-0001247,1621123200000000000,2021-06-29,Mexico,Tourist,Chennai,5,2021,Spring,44,6,0,Q2,44
VISA-0001248,1734566400000000000,2025-02-02,Philippines,Tourist,Johannesburg,12,2024,Winter,45,3,1,Q4,45
VISA-0001249,1711843200000000000,2024-05-25,Australia,Work,Ottawa,3,2024,Spring,55,6,0,Q1,55
VISA-0001250,1622764800000000000,2021-07-22,Germany,Business,Chennai,6,2021,Summer,48,4,1,Q2,48
VISA-0001251,1644451200000000000,2022-04-18,Brazil,Student,Mumbai,2,2022,Winter,67,3,0,Q1,67
VISA-0001252,1696982400000000000,2023-12-11,Kenya,Work,Berlin,10,2023,Autumn,61,2,0,Q4,61
VISA-0001253,1735862400000000000,2025-02-25,Canada,Work,Paris,1,2025,Winter,53,4,0,Q1,53
VISA-0001254,1651363200000000000,2022-05-29,Australia,Business,London,5,2022,Spring,28,6,0,Q2,28
VISA-0001255,1755216000000000000,2025-10-27,Brazil,Business,Mumbai,8,2025,Summer,73,4,1,Q3,73
VISA-0001256,1679529600000000000,2023-05-05,Pakistan,Tourist,London,3,2023,Spring,43,3,0,Q1,43
VISA-0001257,1739145600000000000,2025-03-13,Canada,Tourist,Berlin,2,2025,Winter,31,0,0,Q1,31
VISA-0001258,1647043200000000000,2022-04-17,Germany,Tourist,Mumbai,3,2022,Spring,36,5,0,Q1,36
VISA-0001259,1615248000000000000,2021-04-20,Brazil,Dependent,Chennai,3,2021,Spring,42,1,0,Q1,42
VISA-0001260,1618099200000000000,2021-06-26,Australia,Dependent,New Delhi,4,2021,Spring,76,6,0,Q2,76
VISA-0001261,1668211200000000000,2022-12-17,China,Business,Sydney,11,2022,Autumn,35,5,0,Q4,35
VISA-0001262,1759708800000000000,2025-11-06,Pakistan,Tourist,Mumbai,10,2025,Autumn,31,0,0,Q4,31
VISA-0001263,1617062400000000000,2021-06-02,Canada,Work,Chennai,3,2021,Spring,64,1,0,Q1,64
VISA-0001264,1667606400000000000,2022-12-10,Australia,Tourist,Mumbai,11,2022,Autumn,35,5,0,Q4,35
VISA-0001265,1626652800000000000,2021-09-30,Nigeria,Student,Paris,7,2021,Summer,73,0,1,Q3,73
VISA-0001266,1756339200000000000,2025-09-30,UK,Tourist,Sydney,8,2025,Summer,33,3,1,Q3,33
VISA-0001267,1715904000000000000,2024-06-20,Australia,Business,Johannesburg,5,2024,Spring,34,4,0,Q2,34
VISA-0001268,1729641600000000000,2024-12-07,Pakistan,Tourist,Ottawa,10,2024,Autumn,45,2,0,Q4,45
VISA-0001269,1721865600000000000,2024-09-21,India,Work,Chennai,7,2024,Summer,58,3,1,Q3,58
VISA-0001270,1713052800000000000,2024-05-16,Mexico,Transit,Chennai,4,2024,Spring,32,6,0,Q2,32
VISA-0001271,1731456000000000000,2024-12-24,Canada,Work,Johannesburg,11,2024,Autumn,41,2,0,Q4,41
VISA-0001272,1610668800000000000,2021-04-14,Australia,Tourist,Dubai,1,2021,Winter,89,4,0,Q1,89
VISA-0001273,1745884800000000000,2025-07-07,Australia,Dependent,Unknown,4,2025,Spring,69,1,0,Q2,69
VISA-0001274,1726099200000000000,2024-10-27,Philippines,Work,Berlin,9,2024,Autumn,45,3,0,Q3,45
VISA-0001275,1726012800000000000,2024-10-26,Australia,Student,Dubai,9,2024,Autumn,45,2,0,Q3,45
VISA-0001276,1671494400000000000,2023-03-01,Mexico,Work,Mumbai,12,2022,Winter,71,1,1,Q4,71
VISA-0001277,1735689600000000000,2025-02-11,UK,Dependent,Berlin,1,2025,Winter,41,2,0,Q1,41
VISA-0001278,1669593600000000000,2023-01-20,Nigeria,Student,Unknown,11,2022,Autumn,53,0,0,Q4,53
VISA-0001279,1617148800000000000,2021-05-24,Mexico,Student,Chennai,3,2021,Spring,54,2,0,Q1,54
VISA-0001280,1752537600000000000,2025-08-21,Mexico,Student,Berlin,7,2025,Summer,37,1,1,Q3,37
VISA-0001281,1646438400000000000,2022-04-17,Nigeria,Tourist,Ottawa,3,2022,Spring,43,5,0,Q1,43
VISA-0001282,1625443200000000000,2021-08-26,Brazil,Business,Chennai,7,2021,Summer,52,0,1,Q3,52
VISA-0001283,1707436800000000000,2024-03-04,Canada,Tourist,New Delhi,2,2024,Winter,24,4,0,Q1,24
VISA-0001284,1646265600000000000,2022-04-23,Brazil,Student,Dubai,3,2022,Spring,51,3,0,Q1,51
VISA-0001285,1744761600000000000,2025-05-30,China,Student,Berlin,4,2025,Spring,44,2,0,Q2,44
VISA-0001286,1679356800000000000,2023-04-20,Kenya,Tourist,Chennai,3,2023,Spring,30,1,0,Q1,30
VISA-0001287,1610150400000000000,2021-03-13,Nigeria,Student,Ottawa,1,2021,Winter,63,5,0,Q1,63
VISA-0001288,1759449600000000000,2025-11-27,China,Work,London,10,2025,Autumn,55,4,0,Q4,55
VISA-0001289,1690588800000000000,2023-09-20,Bangladesh,Tourist,Singapore,7,2023,Summer,53,5,1,Q3,53
VISA-0001290,1650844800000000000,2022-05-17,Australia,Tourist,Paris,4,2022,Spring,22,0,0,Q2,22
VISA-0001291,1716249600000000000,2024-07-03,Nigeria,Dependent,London,5,2024,Spring,43,1,0,Q2,43
VISA-0001292,1693094400000000000,2023-11-02,France,Transit,Sydney,8,2023,Summer,67,6,1,Q3,67
VISA-0001293,1614124800000000000,2021-05-03,Bangladesh,Student,Johannesburg,2,2021,Winter,68,2,0,Q1,68
VISA-0001294,1729209600000000000,2024-10-31,Germany,Tourist,London,10,2024,Autumn,13,4,0,Q4,13
VISA-0001295,1672704000000000000,2023-02-21,Brazil,Tourist,Mumbai,1,2023,Winter,49,1,0,Q1,49
VISA-0001296,1719792000000000000,2024-08-03,India,Tourist,London,7,2024,Summer,33,0,1,Q3,33
VISA-0001297,1750636800000000000,2025-08-29,Brazil,Student,Dubai,6,2025,Summer,67,0,1,Q2,67
VISA-0001298,1705708800000000000,2024-02-26,Australia,Dependent,Johannesburg,1,2024,Winter,37,5,0,Q1,37
VISA-0001299,1715299200000000000,2024-06-17,Unknown,Business,London,5,2024,Spring,38,4,0,Q2,38
VISA-0001300,1649548800000000000,2022-05-04,Germany,Tourist,New Delhi,4,2022,Spring,24,6,0,Q2,24
VISA-0001301,1646870400000000000,2022-03-21,Australia,Transit,Mumbai,3,2022,Spring,11,3,0,Q1,11
VISA-0001302,1674864000000000000,2023-04-05,Nigeria,Student,Ottawa,1,2023,Winter,67,5,0,Q1,67
VISA-0001303,1743897600000000000,2025-05-10,Brazil,Tourist,Mumbai,4,2025,Spring,34,6,0,Q2,34
VISA-0001304,1692057600000000000,2023-10-11,Australia,Student,New Delhi,8,2023,Summer,57,1,1,Q3,57
VISA-0001305,1664323200000000000,2022-11-06,Bangladesh,Tourist,Berlin,9,2022,Autumn,39,2,0,Q3,39
VISA-0001306,1732320000000000000,2024-12-26,Brazil,Dependent,Singapore,11,2024,Autumn,33,5,0,Q4,33
VISA-0001307,1743984000000000000,2025-05-22,Mexico,Student,Chennai,4,2025,Spring,45,0,0,Q2,45
VISA-0001308,1751760000000000000,2025-09-01,Australia,Work,Sydney,7,2025,Summer,57,6,1,Q3,57
VISA-0001309,1656547200000000000,2022-09-07,India,Student,Dubai,6,2022,Summer,69,3,1,Q2,69
VISA-0001310,1721347200000000000,2024-09-05,India,Dependent,Berlin,7,2024,Summer,48,4,1,Q3,48
VISA-0001311,1702512000000000000,2024-02-21,Germany,Work,Johannesburg,12,2023,Winter,69,3,1,Q4,69
VISA-0001312,1680220800000000000,2023-05-23,India,Student,Singapore,3,2023,Spring,53,4,0,Q1,53
VISA-0001313,1672012800000000000,2023-02-02,Canada,Tourist,London,12,2022,Winter,38,0,1,Q4,38
VISA-0001314,1627516800000000000,2021-09-25,Kenya,Dependent,Johannesburg,7,2021,Summer,58,3,1,Q3,58
VISA-0001315,1652745600000000000,2022-07-19,Nigeria,Student,New Delhi,5,2022,Spring,63,1,0,Q2,63
VISA-0001316,1696118400000000000,2023-11-01,Germany,Tourist,Johannesburg,10,2023,Autumn,31,6,0,Q4,31
VISA-0001317,1749168000000000000,2025-08-28,Philippines,Dependent,Mumbai,6,2025,Summer,83,4,1,Q2,83
VISA-0001318,1746057600000000000,2025-05-23,China,Tourist,Mumbai,5,2025,Spring,22,3,0,Q2,22
VISA-0001319,1639008000000000000,2022-02-09,Canada,Tourist,Mumbai,12,2021,Winter,62,3,1,Q4,62
VISA-0001320,1716508800000000000,2024-07-05,Germany,Student,Mumbai,5,2024,Spring,42,4,0,Q2,42
VISA-0001321,1622764800000000000,2021-07-24,China,Tourist,Sydney,6,2021,Summer,50,4,1,Q2,50
VISA-0001322,1715817600000000000,2024-07-07,Bangladesh,Student,Berlin,5,2024,Spring,52,3,0,Q2,52
VISA-0001323,1663372800000000000,2022-10-17,Brazil,Tourist,Paris,9,2022,Autumn,30,5,0,Q3,30
VISA-0001324,1680307200000000000,2023-05-16,Nigeria,Tourist,New Delhi,4,2023,Spring,45,5,0,Q2,45
VISA-0001325,1722556800000000000,2024-09-06,Kenya,Tourist,London,8,2024,Summer,35,4,1,Q3,35
VISA-0001326,1676419200000000000,2023-03-25,Bangladesh,Tourist,Mumbai,2,2023,Winter,38,2,0,Q1,38
VISA-0001327,1736726400000000000,2025-02-13,Bangladesh,Unknown,Mumbai,1,2025,Winter,31,0,0,Q1,31
VISA-0001328,1693526400000000000,2023-11-01,Brazil,Work,Paris,9,2023,Autumn,61,4,0,Q3,61
VISA-0001329,1766880000000000000,2026-02-12,Nigeria,Student,Berlin,12,2025,Winter,46,6,1,Q4,46
VISA-0001330,1710028800000000000,2024-04-20,UK,Student,Chennai,3,2024,Spring,41,6,0,Q1,41
VISA-0001331,1656115200000000000,2022-09-09,India,Work,London,6,2022,Summer,76,5,1,Q2,76
VISA-0001332,1731628800000000000,2024-12-17,Mexico,Tourist,Johannesburg,11,2024,Autumn,32,4,0,Q4,32
VISA-0001333,1673740800000000000,2023-03-05,Bangladesh,Tourist,Dubai,1,2023,Winter,49,6,0,Q1,49
VISA-0001334,1693612800000000000,2023-11-15,Bangladesh,Work,Chennai,9,2023,Autumn,74,5,0,Q3,74
VISA-0001335,1630972800000000000,2021-11-03,China,Student,Johannesburg,9,2021,Autumn,57,1,0,Q3,57
VISA-0001336,1628208000000000000,2021-09-09,France,Business,Chennai,8,2021,Summer,34,4,1,Q3,34
VISA-0001337,1700092800000000000,2023-12-30,Pakistan,Dependent,London,11,2023,Autumn,44,3,0,Q4,44
VISA-0001338,1638835200000000000,2022-02-15,Mexico,Business,Berlin,12,2021,Winter,70,1,1,Q4,70
VISA-0001339,1766707200000000000,2026-03-07,Germany,Tourist,Sydney,12,2025,Winter,71,4,1,Q4,71
VISA-0001340,1744329600000000000,2025-05-16,Kenya,Tourist,New Delhi,4,2025,Spring,35,4,0,Q2,35
VISA-0001341,1719964800000000000,2024-08-04,Nigeria,Tourist,Paris,7,2024,Summer,32,2,1,Q3,32
VISA-0001342,1725235200000000000,2024-09-30,Mexico,Business,Chennai,9,2024,Autumn,28,0,0,Q3,28
VISA-0001343,1703289600000000000,2024-02-08,Brazil,Dependent,Berlin,12,2023,Winter,47,5,1,Q4,47
VISA-0001344,1618963200000000000,2021-06-12,Bangladesh,Dependent,London,4,2021,Spring,52,2,0,Q2,52
VISA-0001345,1671321600000000000,2023-02-02,India,Tourist,Paris,12,2022,Winter,46,6,1,Q4,46
VISA-0001346,1687564800000000000,2023-08-05,Philippines,Dependent,Singapore,6,2023,Summer,42,5,1,Q2,42
VISA-0001347,1753747200000000000,2025-09-22,India,Student,Paris,7,2025,Summer,55,1,1,Q3,55
VISA-0001348,1644019200000000000,2022-03-18,India,Business,Johannesburg,2,2022,Winter,41,5,0,Q1,41
VISA-0001349,1687737600000000000,2023-08-20,Philippines,Unknown,Sydney,6,2023,Summer,55,0,1,Q2,55
VISA-0001350,1663632000000000000,2022-10-20,Germany,Tourist,New Delhi,9,2022,Autumn,30,1,0,Q3,30
VISA-0001351,1630627200000000000,2021-10-11,Australia,Tourist,Sydney,9,2021,Autumn,38,4,0,Q3,38
VISA-0001352,1625702400000000000,2021-08-12,China,Transit,Sydney,7,2021,Summer,35,3,1,Q3,35
VISA-0001353,1667001600000000000,2022-12-21,Mexico,Student,Berlin,10,2022,Autumn,53,5,0,Q4,53
VISA-0001354,1622419200000000000,2021-07-20,Nigeria,Student,Chennai,5,2021,Spring,50,0,0,Q2,50
VISA-0001355,1620000000000000000,2021-07-05,Bangladesh,Student,Berlin,5,2021,Spring,63,0,0,Q2,63
VISA-0001356,1664755200000000000,2022-11-20,Kenya,Student,Ottawa,10,2022,Autumn,48,0,0,Q4,48
VISA-0001357,1641254400000000000,2022-02-19,UK,Dependent,Berlin,1,2022,Winter,46,1,0,Q1,46
VISA-0001358,1696896000000000000,2023-11-14,Pakistan,Tourist,Ottawa,10,2023,Autumn,35,1,0,Q4,35
VISA-0001359,1612224000000000000,2021-03-10,India,Tourist,Ottawa,2,2021,Winter,36,1,0,Q1,36
VISA-0001360,1656979200000000000,2022-08-16,China,Business,Chennai,7,2022,Summer,42,1,1,Q3,42
VISA-0001361,1680912000000000000,2023-05-15,Canada,Student,Singapore,4,2023,Spring,37,5,0,Q2,37
VISA-0001362,1761264000000000000,2025-11-15,UK,Tourist,New Delhi,10,2025,Autumn,22,4,0,Q4,22
VISA-0001363,1709510400000000000,2024-04-09,Brazil,Tourist,Chennai,3,2024,Spring,36,0,0,Q1,36
VISA-0001364,1748304000000000000,2025-06-23,Mexico,Tourist,Ottawa,5,2025,Spring,27,1,0,Q2,27
VISA-0001365,1663545600000000000,2022-10-26,UK,Tourist,Mumbai,9,2022,Autumn,37,0,0,Q3,37
VISA-0001366,1680307200000000000,2023-05-10,France,Tourist,Johannesburg,4,2023,Spring,39,5,0,Q2,39
VISA-0001367,1675728000000000000,2023-03-12,Philippines,Tourist,London,2,2023,Winter,33,1,0,Q1,33
VISA-0001368,1749340800000000000,2025-07-21,Australia,Business,Chennai,6,2025,Summer,43,6,1,Q2,43
VISA-0001369,1760659200000000000,2025-11-14,Germany,Dependent,Chennai,10,2025,Autumn,28,4,0,Q4,28
VISA-0001370,1761177600000000000,2025-12-03,Germany,Dependent,Chennai,10,2025,Autumn,41,3,0,Q4,41
VISA-0001371,1728000000000000000,2024-11-17,Australia,Student,Berlin,10,2024,Autumn,44,4,0,Q4,44
VISA-0001372,1688774400000000000,2023-08-06,Canada,Tourist,Sydney,7,2023,Summer,29,5,1,Q3,29
VISA-0001373,1694736000000000000,2023-10-12,Germany,Transit,Chennai,9,2023,Autumn,27,4,0,Q3,27
VISA-0001374,1764028800000000000,2025-12-21,Kenya,Business,Singapore,11,2025,Autumn,26,1,0,Q4,26
VISA-0001375,1654300800000000000,2022-07-31,Kenya,Student,Berlin,6,2022,Summer,57,5,1,Q2,57
VISA-0001376,1664064000000000000,2022-10-28,Bangladesh,Tourist,Ottawa,9,2022,Autumn,33,6,0,Q3,33
VISA-0001377,1750896000000000000,2025-07-25,Germany,Tourist,Sydney,6,2025,Summer,29,3,1,Q2,29
VISA-0001378,1670371200000000000,2023-02-07,Australia,Student,Berlin,12,2022,Winter,62,2,1,Q4,62
VISA-0001379,1646524800000000000,2022-04-18,France,Student,Mumbai,3,2022,Spring,43,6,0,Q1,43
VISA-0001380,1697760000000000000,2023-11-15,Australia,Tourist,Paris,10,2023,Autumn,26,4,0,Q4,26
VISA-0001381,1660694400000000000,2022-09-13,France,Transit,Chennai,8,2022,Summer,27,2,1,Q3,27
VISA-0001382,1749859200000000000,2025-08-26,Nigeria,Work,New Delhi,6,2025,Summer,73,5,1,Q2,73
VISA-0001383,1752796800000000000,2025-09-12,Germany,Work,Sydney,7,2025,Summer,56,4,1,Q3,56
VISA-0001384,1657670400000000000,2022-08-26,Nigeria,Tourist,Singapore,7,2022,Summer,44,2,1,Q3,44
VISA-0001385,1692921600000000000,2023-10-11,France,Business,Paris,8,2023,Summer,47,4,1,Q3,47
VISA-0001386,1764547200000000000,2026-01-10,France,Business,London,12,2025,Winter,40,0,1,Q4,40
VISA-0001387,1726444800000000000,2024-10-18,Kenya,Tourist,Ottawa,9,2024,Autumn,32,0,0,Q3,32
VISA-0001388,1643414400000000000,2022-04-22,Bangladesh,Work,Dubai,1,2022,Winter,83,5,0,Q1,83
VISA-0001389,1702598400000000000,2024-03-10,Philippines,Work,Chennai,12,2023,Winter,86,4,1,Q4,86
VISA-0001390,1707177600000000000,2024-03-20,Canada,Dependent,Singapore,2,2024,Winter,43,1,0,Q1,43
VISA-0001391,1712448000000000000,2024-05-11,Bangladesh,Tourist,London,4,2024,Spring,34,6,0,Q2,34
VISA-0001392,1613347200000000000,2021-04-17,Pakistan,Dependent,Chennai,2,2021,Winter,61,0,0,Q1,61
VISA-0001393,1656633600000000000,2022-09-09,Pakistan,Student,Mumbai,7,2022,Summer,70,4,1,Q3,70
VISA-0001394,1744156800000000000,2025-04-29,UK,Tourist,Berlin,4,2025,Spring,20,2,0,Q2,20
VISA-0001395,1647475200000000000,2022-05-02,France,Tourist,New Delhi,3,2022,Spring,46,3,0,Q1,46
VISA-0001396,1656633600000000000,2022-08-02,Canada,Tourist,Paris,7,2022,Summer,32,4,1,Q3,32
VISA-0001397,1660262400000000000,2022-10-06,Philippines,Unknown,Johannesburg,8,2022,Summer,55,4,1,Q3,55
VISA-0001398,1637366400000000000,2022-01-23,Germany,Student,Mumbai,11,2021,Autumn,64,5,0,Q4,64
VISA-0001399,1633910400000000000,2021-11-21,France,Business,Mumbai,10,2021,Autumn,41,0,0,Q4,41
VISA-0001400,1664150400000000000,2022-10-21,Germany,Tourist,Johannesburg,9,2022,Autumn,25,0,0,Q3,25
VISA-0001401,1747267200000000000,2025-05-26,France,Transit,Mumbai,5,2025,Spring,11,3,0,Q2,11
VISA-0001402,1609632000000000000,2021-02-08,France,Tourist,Ottawa,1,2021,Winter,36,6,0,Q1,36
VISA-0001403,1654041600000000000,2022-08-13,Kenya,Work,Singapore,6,2022,Summer,73,2,1,Q2,73
VISA-0001404,1618963200000000000,2021-06-13,Bangladesh,Dependent,Mumbai,4,2021,Spring,53,2,0,Q2,53
VISA-0001405,1697932800000000000,2023-12-13,Mexico,Dependent,Berlin,10,2023,Autumn,52,6,0,Q4,52
VISA-0001406,1648944000000000000,2022-06-12,Pakistan,Work,Unknown,4,2022,Spring,70,6,0,Q2,70
VISA-0001407,1734307200000000000,2025-03-02,UK,Business,Ottawa,12,2024,Winter,76,0,1,Q4,76
VISA-0001408,1701648000000000000,2024-01-10,China,Tourist,Johannesburg,12,2023,Winter,37,0,1,Q4,37
VISA-0001409,1733011200000000000,2024-12-13,Germany,Tourist,Berlin,12,2024,Winter,12,6,1,Q4,12
VISA-0001410,1709510400000000000,2024-04-17,Pakistan,Student,London,3,2024,Spring,44,0,0,Q1,44
VISA-0001411,1678579200000000000,2023-04-11,Kenya,Tourist,Johannesburg,3,2023,Spring,30,6,0,Q1,30
VISA-0001412,1745193600000000000,2025-06-05,Canada,Student,Dubai,4,2025,Spring,45,0,0,Q2,45
VISA-0001413,1684540800000000000,2023-08-07,Australia,Tourist,Mumbai,5,2023,Spring,79,5,0,Q2,79
VISA-0001414,1759190400000000000,2025-11-13,Philippines,Dependent,Ottawa,9,2025,Autumn,44,1,0,Q3,44
VISA-0001415,1766275200000000000,2026-01-31,Bangladesh,Dependent,Chennai,12,2025,Winter,41,6,1,Q4,41
VISA-0001416,1702252800000000000,2024-01-17,UK,Unknown,Berlin,12,2023,Winter,37,0,1,Q4,37
VISA-0001417,1715817600000000000,2024-08-04,Bangladesh,Business,Singapore,5,2024,Spring,80,3,0,Q2,80
VISA-0001418,1649721600000000000,2022-05-06,Australia,Tourist,New Delhi,4,2022,Spring,24,1,0,Q2,24
VISA-0001419,1737849600000000000,2025-04-18,Canada,Tourist,Paris,1,2025,Winter,82,6,0,Q1,82
VISA-0001420,1715299200000000000,2024-07-03,Germany,Work,Johannesburg,5,2024,Spring,54,4,0,Q2,54
VISA-0001421,1751760000000000000,2025-09-02,Kenya,Work,Unknown,7,2025,Summer,58,6,1,Q3,58
VISA-0001422,1651536000000000000,2022-06-14,Mexico,Student,Berlin,5,2022,Spring,42,1,0,Q2,42
VISA-0001423,1733616000000000000,2025-03-16,Mexico,Student,London,12,2024,Winter,98,6,1,Q4,98
VISA-0001424,1683590400000000000,2023-07-02,Philippines,Student,Mumbai,5,2023,Spring,54,1,0,Q2,54
VISA-0001425,1638576000000000000,2022-01-12,Germany,Tourist,Johannesburg,12,2021,Winter,39,5,1,Q4,39
VISA-0001426,1636416000000000000,2021-12-15,Kenya,Tourist,Ottawa,11,2021,Autumn,36,1,0,Q4,36
VISA-0001427,1698019200000000000,2023-12-13,France,Student,London,10,2023,Autumn,51,0,0,Q4,51
VISA-0001428,1659744000000000000,2022-09-27,France,Work,Paris,8,2022,Summer,52,5,1,Q3,52
VISA-0001429,1625443200000000000,2021-08-08,Philippines,Transit,Berlin,7,2021,Summer,34,0,1,Q3,34
VISA-0001430,1676764800000000000,2023-04-15,UK,Student,Paris,2,2023,Winter,55,6,0,Q1,55
VISA-0001431,1712361600000000000,2024-04-28,Canada,Business,Singapore,4,2024,Spring,22,5,0,Q2,22
VISA-0001432,1659744000000000000,2022-09-14,Philippines,Business,Singapore,8,2022,Summer,39,5,1,Q3,39
VISA-0001433,1760054400000000000,2025-11-14,Canada,Tourist,Mumbai,10,2025,Autumn,35,4,0,Q4,35
VISA-0001434,1732320000000000000,2025-01-17,India,Work,Mumbai,11,2024,Autumn,55,5,0,Q4,55
VISA-0001435,1690243200000000000,2023-09-13,France,Student,Chennai,7,2023,Summer,50,1,1,Q3,50
VISA-0001436,1756771200000000000,2025-10-28,France,Work,Dubai,9,2025,Autumn,56,1,0,Q3,56
VISA-0001437,1677715200000000000,2023-04-05,Pakistan,Tourist,Dubai,3,2023,Spring,34,3,0,Q1,34
VISA-0001438,1631404800000000000,2021-10-31,India,Dependent,Singapore,9,2021,Autumn,49,6,0,Q3,49
VISA-0001439,1615075200000000000,2021-04-03,China,Transit,Singapore,3,2021,Spring,27,6,0,Q1,27
VISA-0001440,1757289600000000000,2025-10-07,China,Tourist,Paris,9,2025,Autumn,29,0,0,Q3,29
VISA-0001441,1760745600000000000,2025-11-14,Germany,Tourist,New Delhi,10,2025,Autumn,27,5,0,Q4,27
VISA-0001442,1726012800000000000,2024-09-29,Canada,Tourist,Berlin,9,2024,Autumn,18,2,0,Q3,18
VISA-0001443,1625616000000000000,2021-08-17,Mexico,Business,Singapore,7,2021,Summer,41,2,1,Q3,41
VISA-0001444,1655683200000000000,2022-08-23,Australia,Work,Johannesburg,6,2022,Summer,64,0,1,Q2,64
VISA-0001445,1615852800000000000,2021-06-08,Australia,Tourist,London,3,2021,Spring,84,1,0,Q1,84
VISA-0001446,1617494400000000000,2021-05-05,Germany,Business,Paris,4,2021,Spring,31,6,0,Q2,31
VISA-0001447,1648252800000000000,2022-05-09,Brazil,Student,Ottawa,3,2022,Spring,44,5,0,Q1,44
VISA-0001448,1699660800000000000,2024-01-08,Bangladesh,Student,Mumbai,11,2023,Autumn,58,5,0,Q4,58
VISA-0001449,1619740800000000000,2021-06-20,Canada,Student,London,4,2021,Spring,51,4,0,Q2,51
VISA-0001450,1764633600000000000,2026-01-18,Australia,Student,Chennai,12,2025,Winter,47,1,1,Q4,47
VISA-0001451,1681171200000000000,2023-06-07,China,Student,Johannesburg,4,2023,Spring,57,1,0,Q2,57
VISA-0001452,1651017600000000000,2022-06-07,Germany,Tourist,Mumbai,4,2022,Spring,41,2,0,Q2,41
VISA-0001453,1690761600000000000,2023-10-07,Pakistan,Student,Mumbai,7,2023,Summer,68,0,1,Q3,68
VISA-0001454,1734048000000000000,2025-03-15,Germany,Dependent,Dubai,12,2024,Winter,92,4,1,Q4,92
VISA-0001455,1658707200000000000,2022-09-27,Philippines,Student,Dubai,7,2022,Summer,64,0,1,Q3,64
VISA-0001456,1616889600000000000,2021-05-16,Canada,Dependent,Dubai,3,2021,Spring,49,6,0,Q1,49
VISA-0001457,1617494400000000000,2021-06-13,Germany,Work,Mumbai,4,2021,Spring,70,6,0,Q2,70
VISA-0001458,1743724800000000000,2025-05-12,Bangladesh,Business,Sydney,4,2025,Spring,38,4,0,Q2,38
VISA-0001459,1626998400000000000,2021-09-10,Philippines,Tourist,Johannesburg,7,2021,Summer,49,4,1,Q3,49
VISA-0001460,1709596800000000000,2024-04-06,Nigeria,Business,New Delhi,3,2024,Spring,32,1,0,Q1,32
VISA-0001461,1670025600000000000,2023-01-07,Unknown,Tourist,Paris,12,2022,Winter,35,5,1,Q4,35
VISA-0001462,1731974400000000000,2024-12-23,Philippines,Tourist,Mumbai,11,2024,Autumn,34,1,0,Q4,34
VISA-0001463,1618963200000000000,2021-07-01,Mexico,Tourist,Chennai,4,2021,Spring,71,2,0,Q2,71
VISA-0001464,1750982400000000000,2025-07-20,Unknown,Tourist,Singapore,6,2025,Summer,23,4,1,Q2,23
VISA-0001465,1719532800000000000,2024-08-14,Mexico,Dependent,London,6,2024,Summer,47,4,1,Q2,47
VISA-0001466,1680220800000000000,2023-04-17,India,Transit,Sydney,3,2023,Spring,17,4,0,Q1,17
VISA-0001467,1642032000000000000,2022-02-16,Australia,Business,Ottawa,1,2022,Winter,34,3,0,Q1,34
VISA-0001468,1763510400000000000,2025-12-28,Mexico,Tourist,Dubai,11,2025,Autumn,39,2,0,Q4,39
VISA-0001469,1657065600000000000,2022-08-12,Canada,Dependent,Ottawa,7,2022,Summer,37,2,1,Q3,37
VISA-0001470,1686787200000000000,2023-07-17,Canada,Business,Ottawa,6,2023,Summer,32,3,1,Q2,32
VISA-0001471,1671580800000000000,2023-02-05,Kenya,Tourist,Paris,12,2022,Winter,46,2,1,Q4,46
VISA-0001472,1645747200000000000,2022-04-27,Philippines,Student,Dubai,2,2022,Winter,61,4,0,Q1,61
VISA-0001473,1675123200000000000,2023-05-03,Brazil,Work,Dubai,1,2023,Winter,92,1,0,Q1,92
VISA-0001474,1633305600000000000,2021-11-08,Nigeria,Tourist,Paris,10,2021,Autumn,35,0,0,Q4,35
VISA-0001475,1609718400000000000,2021-03-11,China,Student,Ottawa,1,2021,Winter,66,0,0,Q1,66
VISA-0001476,1655164800000000000,2022-07-29,Brazil,Business,Singapore,6,2022,Summer,45,1,1,Q2,45
VISA-0001477,1627084800000000000,2021-09-15,Mexico,Tourist,Berlin,7,2021,Summer,53,5,1,Q3,53
VISA-0001478,1674777600000000000,2023-03-26,France,Student,Singapore,1,2023,Winter,58,4,0,Q1,58
VISA-0001479,1745452800000000000,2025-06-05,India,Student,Sydney,4,2025,Spring,42,3,0,Q2,42
VISA-0001480,1635033600000000000,2021-12-08,Nigeria,Business,Dubai,10,2021,Autumn,45,6,0,Q4,45
VISA-0001481,1609632000000000000,2021-01-30,France,Transit,Mumbai,1,2021,Winter,27,6,0,Q1,27
VISA-0001482,1626912000000000000,2021-09-11,France,Dependent,Mumbai,7,2021,Summer,51,3,1,Q3,51
VISA-0001483,1689552000000000000,2023-09-21,Pakistan,Work,Mumbai,7,2023,Summer,66,0,1,Q3,66
VISA-0001484,1652745600000000000,2022-07-22,Mexico,Work,Dubai,5,2022,Spring,66,1,0,Q2,66
VISA-0001485,1686614400000000000,2023-08-27,Brazil,Work,London,6,2023,Summer,75,1,1,Q2,75
VISA-0001486,1614038400000000000,2021-04-24,Mexico,Student,London,2,2021,Winter,60,1,0,Q1,60
VISA-0001487,1661904000000000000,2022-10-08,UK,Tourist,Dubai,8,2022,Summer,38,2,1,Q3,38
VISA-0001488,1674086400000000000,2023-03-16,Brazil,Work,Ottawa,1,2023,Winter,56,3,0,Q1,56
VISA-0001489,1677456000000000000,2023-04-03,Bangladesh,Business,Mumbai,2,2023,Winter,35,0,0,Q1,35
VISA-0001490,1696291200000000000,2023-11-17,UK,Student,Dubai,10,2023,Autumn,45,1,0,Q4,45
VISA-0001491,1732492800000000000,2025-01-10,Kenya,Dependent,Dubai,11,2024,Autumn,46,0,0,Q4,46
VISA-0001492,1683072000000000000,2023-07-09,Nigeria,Work,Mumbai,5,2023,Spring,67,2,0,Q2,67
VISA-0001493,1742083200000000000,2025-05-04,Kenya,Student,Chennai,3,2025,Spring,49,6,0,Q1,49
VISA-0001494,1692921600000000000,2023-10-02,Nigeria,Tourist,Chennai,8,2023,Summer,38,4,1,Q3,38
VISA-0001495,1650499200000000000,2022-05-27,UK,Tourist,Berlin,4,2022,Spring,36,3,0,Q2,36
VISA-0001496,1645488000000000000,2022-04-21,UK,Student,Chennai,2,2022,Winter,58,1,0,Q1,58
VISA-0001497,1660262400000000000,2022-09-27,France,Student,New Delhi,8,2022,Summer,46,4,1,Q3,46
VISA-0001498,1703635200000000000,2024-02-05,Philippines,Tourist,Chennai,12,2023,Winter,40,2,1,Q4,40
VISA-0001499,1647648000000000000,2022-04-27,France,Tourist,Sydney,3,2022,Spring,39,5,0,Q1,39
VISA-0001500,1753574400000000000,2025-09-07,Brazil,Tourist,Paris,7,2025,Summer,42,6,1,Q3,42
VISA-0001501,1685059200000000000,2023-06-30,Philippines,Business,New Delhi,5,2023,Spring,35,4,0,Q2,35
VISA-0001502,1745539200000000000,2025-05-26,Philippines,Business,Singapore,4,2025,Spring,31,4,0,Q2,31
VISA-0001503,1717113600000000000,2024-07-09,UK,Student,London,5,2024,Spring,39,4,0,Q2,39
VISA-0001504,1661990400000000000,2022-10-04,Bangladesh,Tourist,London,9,2022,Autumn,33,3,0,Q3,33
VISA-0001505,1645401600000000000,2022-04-01,China,Tourist,New Delhi,2,2022,Winter,39,0,0,Q1,39
VISA-0001506,1726704000000000000,2024-10-08,France,Tourist,London,9,2024,Autumn,19,3,0,Q3,19
VISA-0001507,1661558400000000000,2022-10-21,Germany,Student,Sydney,8,2022,Summer,55,5,1,Q3,55
VISA-0001508,1648339200000000000,2022-05-04,China,Tourist,Dubai,3,2022,Spring,38,6,0,Q1,38
VISA-0001509,1756080000000000000,2025-10-06,Kenya,Tourist,Paris,8,2025,Summer,42,0,1,Q3,42
VISA-0001510,1685491200000000000,2023-06-29,UK,Transit,Sydney,5,2023,Spring,29,2,0,Q2,29
VISA-0001511,1617062400000000000,2021-06-07,China,Student,Mumbai,3,2021,Spring,69,1,0,Q1,69
VISA-0001512,1687392000000000000,2023-08-11,Philippines,Business,Ottawa,6,2023,Summer,50,3,1,Q2,50
VISA-0001513,1682035200000000000,2023-05-16,France,Tourist,Paris,4,2023,Spring,25,4,0,Q2,25
VISA-0001514,1745625600000000000,2025-05-29,Mexico,Tourist,Berlin,4,2025,Spring,33,5,0,Q2,33
VISA-0001515,1721606400000000000,2024-09-11,Kenya,Dependent,Dubai,7,2024,Summer,51,0,1,Q3,51
VISA-0001516,1639612800000000000,2022-02-20,Nigeria,Student,Sydney,12,2021,Winter,66,3,1,Q4,66
VISA-0001517,1633132800000000000,2021-12-07,Mexico,Work,Sydney,10,2021,Autumn,66,5,0,Q4,66
VISA-0001518,1704585600000000000,2024-02-03,Brazil,Transit,Johannesburg,1,2024,Winter,27,6,0,Q1,27
VISA-0001519,1616889600000000000,2021-06-08,Pakistan,Work,Unknown,3,2021,Spring,72,6,0,Q1,72
VISA-0001520,1659744000000000000,2022-09-20,UK,Tourist,Dubai,8,2022,Summer,45,5,1,Q3,45
VISA-0001521,1631232000000000000,2021-11-06,Australia,Student,London,9,2021,Autumn,57,4,0,Q3,57
VISA-0001522,1612656000000000000,2021-03-06,Canada,Tourist,Sydney,2,2021,Winter,27,6,0,Q1,27
VISA-0001523,1754265600000000000,2025-09-03,Kenya,Tourist,Berlin,8,2025,Summer,30,0,1,Q3,30
VISA-0001524,1623542400000000000,2021-07-19,Pakistan,Tourist,Singapore,6,2021,Summer,36,6,1,Q2,36
VISA-0001525,1610841600000000000,2021-03-15,China,Dependent,Paris,1,2021,Winter,57,6,0,Q1,57
VISA-0001526,1756512000000000000,2025-11-01,Australia,Work,Berlin,8,2025,Summer,63,5,1,Q3,63
VISA-0001527,1639094400000000000,2022-01-26,Brazil,Tourist,Paris,12,2021,Winter,47,4,1,Q4,47
VISA-0001528,1738195200000000000,2025-03-14,Bangladesh,Tourist,New Delhi,1,2025,Winter,43,3,0,Q1,43
VISA-0001529,1614384000000000000,2021-05-03,UK,Work,Chennai,2,2021,Winter,65,5,0,Q1,65
VISA-0001530,1633651200000000000,2021-11-27,India,Dependent,Chennai,10,2021,Autumn,50,4,0,Q4,50
VISA-0001531,1626825600000000000,2021-09-11,Mexico,Tourist,Berlin,7,2021,Summer,52,2,1,Q3,52
VISA-0001532,1720742400000000000,2024-08-13,UK,Tourist,Paris,7,2024,Summer,32,4,1,Q3,32
VISA-0001533,1707177600000000000,2024-03-21,Brazil,Dependent,Mumbai,2,2024,Winter,44,1,0,Q1,44
VISA-0001534,1684368000000000000,2023-06-27,India,Dependent,Chennai,5,2023,Spring,40,3,0,Q2,40
VISA-0001535,1647475200000000000,2022-04-26,India,Dependent,Sydney,3,2022,Spring,40,3,0,Q1,40
VISA-0001536,1699142400000000000,2023-12-05,France,Tourist,Johannesburg,11,2023,Autumn,30,6,0,Q4,30
VISA-0001537,1645833600000000000,2022-04-05,Canada,Tourist,New Delhi,2,2022,Winter,38,5,0,Q1,38
VISA-0001538,1702512000000000000,2024-02-03,China,Student,Singapore,12,2023,Winter,51,3,1,Q4,51
VISA-0001539,1717804800000000000,2024-07-27,Pakistan,Tourist,Chennai,6,2024,Summer,49,5,1,Q2,49
VISA-0001540,1743379200000000000,2025-05-02,China,Dependent,Unknown,3,2025,Spring,32,0,0,Q1,32
VISA-0001541,1687305600000000000,2023-07-29,UK,Tourist,Dubai,6,2023,Summer,38,2,1,Q2,38
VISA-0001542,1610150400000000000,2021-03-17,Unknown,Work,Paris,1,2021,Winter,67,5,0,Q1,67
VISA-0001543,1653696000000000000,2022-07-10,UK,Dependent,Unknown,5,2022,Spring,43,5,0,Q2,43
VISA-0001544,1743984000000000000,2025-04-22,Unknown,Unknown,New Delhi,4,2025,Spring,15,0,0,Q2,15
VISA-0001545,1693526400000000000,2023-10-31,Germany,Work,New Delhi,9,2023,Autumn,60,4,0,Q3,60
VISA-0001546,1707004800000000000,2024-03-16,UK,Dependent,Sydney,2,2024,Winter,41,6,0,Q1,41
VISA-0001547,1681603200000000000,2023-06-01,Nigeria,Tourist,Dubai,4,2023,Spring,46,6,0,Q2,46
VISA-0001548,1635120000000000000,2021-12-22,India,Student,Chennai,10,2021,Autumn,58,0,0,Q4,58
VISA-0001549,1750809600000000000,2025-07-25,Mexico,Unknown,Berlin,6,2025,Summer,30,2,1,Q2,30
VISA-0001550,1731283200000000000,2024-11-29,China,Transit,Chennai,11,2024,Autumn,18,0,0,Q4,18
VISA-0001551,1766361600000000000,2026-04-06,India,Dependent,Johannesburg,12,2025,Winter,105,0,1,Q4,105
VISA-0001552,1744329600000000000,2025-05-08,Mexico,Tourist,Mumbai,4,2025,Spring,27,4,0,Q2,27
VISA-0001553,1655337600000000000,2022-07-18,Canada,Tourist,Berlin,6,2022,Summer,32,3,1,Q2,32
VISA-0001554,1649548800000000000,2022-05-28,China,Unknown,Sydney,4,2022,Spring,48,6,0,Q2,48
VISA-0001555,1648598400000000000,2022-05-01,Brazil,Tourist,Unknown,3,2022,Spring,32,2,0,Q1,32
VISA-0001556,1754265600000000000,2025-09-20,Pakistan,Dependent,Dubai,8,2025,Summer,47,0,1,Q3,47
VISA-0001557,1697241600000000000,2023-11-10,Canada,Tourist,Mumbai,10,2023,Autumn,27,5,0,Q4,27
VISA-0001558,1681084800000000000,2023-05-11,Mexico,Business,Sydney,4,2023,Spring,31,0,0,Q2,31
VISA-0001559,1762128000000000000,2025-12-20,India,Work,Dubai,11,2025,Autumn,47,0,0,Q4,47
VISA-0001560,1704585600000000000,2024-02-26,India,Student,New Delhi,1,2024,Winter,50,6,0,Q1,50
VISA-0001561,1752796800000000000,2025-08-16,Canada,Tourist,Chennai,7,2025,Summer,29,4,1,Q3,29
VISA-0001562,1764633600000000000,2025-12-27,Philippines,Transit,London,12,2025,Winter,25,1,1,Q4,25
VISA-0001563,1621900800000000000,2021-08-13,UK,Unknown,Johannesburg,5,2021,Spring,80,1,0,Q2,80
VISA-0001564,1666396800000000000,2022-12-06,France,Student,Chennai,10,2022,Autumn,45,5,0,Q4,45
VISA-0001565,1725148800000000000,2024-10-23,Bangladesh,Student,Johannesburg,9,2024,Autumn,52,6,0,Q3,52
VISA-0001566,1737676800000000000,2025-03-13,Bangladesh,Dependent,Sydney,1,2025,Winter,48,4,0,Q1,48
VISA-0001567,1632787200000000000,2021-11-12,Kenya,Business,Johannesburg,9,2021,Autumn,45,1,0,Q3,45
VISA-0001568,1659657600000000000,2022-09-20,Mexico,Business,Singapore,8,2022,Summer,46,4,1,Q3,46
VISA-0001569,1695859200000000000,2023-11-26,France,Work,London,9,2023,Autumn,59,3,0,Q3,59
VISA-0001570,1735430400000000000,2025-02-15,Kenya,Dependent,Dubai,12,2024,Winter,48,6,1,Q4,48
VISA-0001571,1627257600000000000,2021-09-08,Pakistan,Tourist,Berlin,7,2021,Summer,44,0,1,Q3,44
VISA-0001572,1704153600000000000,2024-03-03,France,Work,New Delhi,1,2024,Winter,61,1,0,Q1,61
VISA-0001573,1656201600000000000,2022-08-24,China,Student,Berlin,6,2022,Summer,59,6,1,Q2,59
VISA-0001574,1643500800000000000,2022-04-05,Australia,Work,Sydney,1,2022,Winter,65,6,0,Q1,65
VISA-0001575,1690675200000000000,2023-08-31,Pakistan,Transit,New Delhi,7,2023,Summer,32,6,1,Q3,32
VISA-0001576,1674691200000000000,2023-03-05,Mexico,Transit,Singapore,1,2023,Winter,38,3,0,Q1,38
VISA-0001577,1709683200000000000,2024-04-20,India,Student,Chennai,3,2024,Spring,45,2,0,Q1,45
VISA-0001578,1659484800000000000,2022-10-10,Germany,Work,Singapore,8,2022,Summer,68,2,1,Q3,68
VISA-0001579,1739232000000000000,2025-03-28,Philippines,Dependent,Chennai,2,2025,Winter,45,1,0,Q1,45
VISA-0001580,1621728000000000000,2021-06-17,Brazil,Transit,Sydney,5,2021,Spring,25,6,0,Q2,25
VISA-0001581,1745280000000000000,2025-07-03,Nigeria,Business,Ottawa,4,2025,Spring,72,1,0,Q2,72
VISA-0001582,1614124800000000000,2021-04-14,Kenya,Tourist,Singapore,2,2021,Winter,49,2,0,Q1,49
VISA-0001583,1725494400000000000,2024-10-08,Nigeria,Unknown,Johannesburg,9,2024,Autumn,33,3,0,Q3,33
VISA-0001584,1664064000000000000,2022-11-16,China,Dependent,Paris,9,2022,Autumn,52,6,0,Q3,52
VISA-0001585,1669852800000000000,2023-01-16,Mexico,Business,Singapore,12,2022,Winter,46,3,1,Q4,46
VISA-0001586,1612396800000000000,2021-03-15,Canada,Business,Paris,2,2021,Winter,39,3,0,Q1,39
VISA-0001587,1720137600000000000,2024-08-29,UK,Work,London,7,2024,Summer,55,4,1,Q3,55
VISA-0001588,1635552000000000000,2021-12-18,France,Student,Johannesburg,10,2021,Autumn,49,5,0,Q4,49
VISA-0001589,1713312000000000000,2024-06-02,France,Student,Sydney,4,2024,Spring,46,2,0,Q2,46
VISA-0001590,1742688000000000000,2025-04-21,Bangladesh,Business,London,3,2025,Spring,29,6,0,Q1,29
VISA-0001591,1721088000000000000,2024-10-11,Germany,Tourist,Chennai,7,2024,Summer,87,1,1,Q3,87
VISA-0001592,1656979200000000000,2022-09-26,Nigeria,Work,Berlin,7,2022,Summer,83,1,1,Q3,83
VISA-0001593,1725840000000000000,2024-10-10,Bangladesh,Business,London,9,2024,Autumn,31,0,0,Q3,31
VISA-0001594,1739664000000000000,2025-04-06,China,Dependent,Berlin,2,2025,Winter,49,6,0,Q1,49
VISA-0001595,1659398400000000000,2022-09-27,Pakistan,Tourist,New Delhi,8,2022,Summer,56,1,1,Q3,56
VISA-0001596,1628985600000000000,2021-10-12,Pakistan,Business,Dubai,8,2021,Summer,58,6,1,Q3,58
VISA-0001597,1749772800000000000,2025-07-16,India,Tourist,Berlin,6,2025,Summer,33,4,1,Q2,33
VISA-0001598,1632700800000000000,2021-11-01,Pakistan,Tourist,Sydney,9,2021,Autumn,35,0,0,Q3,35
VISA-0001599,1703030400000000000,2024-02-13,Unknown,Student,Berlin,12,2023,Winter,55,2,1,Q4,55
VISA-0001600,1646697600000000000,2022-04-25,Nigeria,Tourist,Johannesburg,3,2022,Spring,48,1,0,Q1,48
VISA-0001601,1629244800000000000,2021-10-19,Pakistan,Dependent,Singapore,8,2021,Summer,62,2,1,Q3,62
VISA-0001602,1731801600000000000,2024-12-30,Brazil,Dependent,Ottawa,11,2024,Autumn,43,6,0,Q4,43
VISA-0001603,1632096000000000000,2021-11-04,Mexico,Tourist,Singapore,9,2021,Autumn,45,0,0,Q3,45
VISA-0001604,1715126400000000000,2024-06-08,China,Dependent,Johannesburg,5,2024,Spring,31,2,0,Q2,31
VISA-0001605,1718668800000000000,2024-08-18,Brazil,Student,Mumbai,6,2024,Summer,61,1,1,Q2,61
VISA-0001606,1618876800000000000,2021-06-28,France,Work,London,4,2021,Spring,69,1,0,Q2,69
VISA-0001607,1636675200000000000,2021-12-25,Kenya,Dependent,Paris,11,2021,Autumn,43,4,0,Q4,43
VISA-0001608,1734652800000000000,2025-02-25,Bangladesh,Work,Sydney,12,2024,Winter,67,4,1,Q4,67
VISA-0001609,1689379200000000000,2023-09-02,Bangladesh,Tourist,Mumbai,7,2023,Summer,49,5,1,Q3,49
VISA-0001610,1628553600000000000,2021-09-14,Bangladesh,Tourist,Sydney,8,2021,Summer,35,1,1,Q3,35
VISA-0001611,1765756800000000000,2026-02-08,Philippines,Student,Ottawa,12,2025,Winter,55,0,1,Q4,55
VISA-0001612,1651190400000000000,2022-06-20,Unknown,Dependent,Paris,4,2022,Spring,52,4,0,Q2,52
VISA-0001613,1610064000000000000,2021-03-24,Bangladesh,Work,Sydney,1,2021,Winter,75,4,0,Q1,75
VISA-0001614,1755129600000000000,2025-10-16,Germany,Student,Mumbai,8,2025,Summer,63,3,1,Q3,63
VISA-0001615,1612051200000000000,2021-03-18,Nigeria,Tourist,New Delhi,1,2021,Winter,46,6,0,Q1,46
VISA-0001616,1696636800000000000,2023-11-17,Unknown,Dependent,London,10,2023,Autumn,41,5,0,Q4,41
VISA-0001617,1766016000000000000,2026-01-22,Philippines,Tourist,Mumbai,12,2025,Winter,35,3,1,Q4,35
VISA-0001618,1700524800000000000,2024-01-22,Unknown,Work,Singapore,11,2023,Autumn,62,1,0,Q4,62
VISA-0001619,1701561600000000000,2024-02-07,Brazil,Work,Chennai,12,2023,Winter,66,6,1,Q4,66
VISA-0001620,1670630400000000000,2023-01-29,China,Tourist,Dubai,12,2022,Winter,50,5,1,Q4,50
VISA-0001621,1629417600000000000,2021-10-11,Philippines,Tourist,Mumbai,8,2021,Summer,52,4,1,Q3,52
VISA-0001622,1699747200000000000,2024-01-04,UK,Student,Ottawa,11,2023,Autumn,53,6,0,Q4,53
VISA-0001623,1750896000000000000,2025-08-10,UK,Tourist,Johannesburg,6,2025,Summer,45,3,1,Q2,45
VISA-0001624,1623801600000000000,2021-09-04,Kenya,Work,Berlin,6,2021,Summer,80,2,1,Q2,80
VISA-0001625,1748217600000000000,2025-06-23,India,Business,London,5,2025,Spring,28,0,0,Q2,28
VISA-0001626,1674864000000000000,2023-03-02,Germany,Tourist,Paris,1,2023,Winter,33,5,0,Q1,33
VISA-0001627,1693958400000000000,2023-10-21,France,Student,Sydney,9,2023,Autumn,45,2,0,Q3,45
VISA-0001628,1635465600000000000,2021-12-03,Philippines,Tourist,Chennai,10,2021,Autumn,35,4,0,Q4,35
VISA-0001629,1707436800000000000,2024-03-18,Mexico,Tourist,Johannesburg,2,2024,Winter,38,4,0,Q1,38
VISA-0001630,1638144000000000000,2022-01-14,Brazil,Business,Johannesburg,11,2021,Autumn,46,0,0,Q4,46
VISA-0001631,1652486400000000000,2022-06-21,UK,Business,Dubai,5,2022,Spring,38,5,0,Q2,38
VISA-0001632,1723161600000000000,2024-09-18,Australia,Business,New Delhi,8,2024,Summer,40,4,1,Q3,40
VISA-0001633,1617408000000000000,2021-05-04,Bangladesh,Tourist,Ottawa,4,2021,Spring,31,5,0,Q2,31
VISA-0001634,1679961600000000000,2023-05-30,Pakistan,Work,Sydney,3,2023,Spring,63,1,0,Q1,63
VISA-0001635,1703203200000000000,2024-02-23,UK,Student,Johannesburg,12,2023,Winter,63,4,1,Q4,63
VISA-0001636,1630195200000000000,2021-10-01,India,Transit,Paris,8,2021,Summer,33,6,1,Q3,33
VISA-0001637,1655856000000000000,2022-09-02,Bangladesh,Work,Chennai,6,2022,Summer,72,2,1,Q2,72
VISA-0001638,1663545600000000000,2022-10-29,India,Dependent,Sydney,9,2022,Autumn,40,0,0,Q3,40
VISA-0001639,1714089600000000000,2024-06-06,Kenya,Tourist,Mumbai,4,2024,Spring,41,4,0,Q2,41
VISA-0001640,1763424000000000000,2025-12-29,Australia,Student,Sydney,11,2025,Autumn,41,1,0,Q4,41
VISA-0001641,1741305600000000000,2025-03-30,Pakistan,Business,Sydney,3,2025,Spring,23,4,0,Q1,23
VISA-0001642,1639353600000000000,2022-02-24,Nigeria,Student,Sydney,12,2021,Winter,73,0,1,Q4,73
VISA-0001643,1612310400000000000,2021-04-10,Germany,Work,Ottawa,2,2021,Winter,66,2,0,Q1,66
VISA-0001644,1617580800000000000,2021-06-07,Bangladesh,Student,Ottawa,4,2021,Spring,63,0,0,Q2,63
VISA-0001645,1703376000000000000,2024-01-22,UK,Unknown,Paris,12,2023,Winter,29,6,1,Q4,29
VISA-0001646,1634083200000000000,2021-11-18,Pakistan,Tourist,Sydney,10,2021,Autumn,36,2,0,Q4,36
VISA-0001647,1645920000000000000,2022-04-30,Mexico,Dependent,New Delhi,2,2022,Winter,62,6,0,Q1,62
VISA-0001648,1743033600000000000,2025-05-20,China,Student,Paris,3,2025,Spring,54,3,0,Q1,54
VISA-0001649,1747180800000000000,2025-07-11,Mexico,Student,Dubai,5,2025,Spring,58,2,0,Q2,58
VISA-0001650,1741737600000000000,2025-05-11,Pakistan,Student,Berlin,3,2025,Spring,60,2,0,Q1,60
VISA-0001651,1649376000000000000,2022-05-19,Nigeria,Tourist,Berlin,4,2022,Spring,41,4,0,Q2,41
VISA-0001652,1707091200000000000,2024-03-05,Pakistan,Transit,Mumbai,2,2024,Winter,29,0,0,Q1,29
VISA-0001653,1705708800000000000,2024-04-11,Mexico,Dependent,Johannesburg,1,2024,Winter,82,5,0,Q1,82
VISA-0001654,1638662400000000000,2022-01-18,Kenya,Transit,Johannesburg,12,2021,Winter,44,6,1,Q4,44
VISA-0001655,1696723200000000000,2023-11-05,Nigeria,Transit,Mumbai,10,2023,Autumn,28,6,0,Q4,28
VISA-0001656,1692230400000000000,2023-10-27,France,Work,Chennai,8,2023,Summer,71,3,1,Q3,71
VISA-0001657,1671926400000000000,2023-03-03,Nigeria,Student,Chennai,12,2022,Winter,68,6,1,Q4,68
VISA-0001658,1727913600000000000,2024-11-10,Philippines,Dependent,Johannesburg,10,2024,Autumn,38,3,0,Q4,38
VISA-0001659,1716249600000000000,2024-06-29,Bangladesh,Tourist,Johannesburg,5,2024,Spring,39,1,0,Q2,39
VISA-0001660,1693440000000000000,2023-10-16,Mexico,Dependent,Chennai,8,2023,Summer,46,3,1,Q3,46
VISA-0001661,1723852800000000000,2024-10-02,Mexico,Student,Dubai,8,2024,Summer,46,5,1,Q3,46
VISA-0001662,1729728000000000000,2024-12-19,Nigeria,Work,Chennai,10,2024,Autumn,56,3,0,Q4,56
VISA-0001663,1698796800000000000,2023-12-21,France,Student,New Delhi,11,2023,Autumn,50,2,0,Q4,50
VISA-0001664,1651622400000000000,2022-06-25,Canada,Student,Chennai,5,2022,Spring,52,2,0,Q2,52
VISA-0001665,1729036800000000000,2024-11-23,Philippines,Tourist,New Delhi,10,2024,Autumn,38,2,0,Q4,38
VISA-0001666,1722556800000000000,2024-09-16,UK,Student,Singapore,8,2024,Summer,45,4,1,Q3,45
VISA-0001667,1764460800000000000,2026-01-25,UK,Student,Paris,11,2025,Autumn,56,6,0,Q4,56
VISA-0001668,1633046400000000000,2021-11-07,Philippines,Tourist,Chennai,10,2021,Autumn,37,4,0,Q4,37
VISA-0001669,1675555200000000000,2023-03-26,China,Tourist,Dubai,2,2023,Winter,49,6,0,Q1,49
VISA-0001670,1755129600000000000,2025-10-16,India,Work,Chennai,8,2025,Summer,63,3,1,Q3,63
VISA-0001671,1690588800000000000,2023-09-01,Philippines,Tourist,Dubai,7,2023,Summer,34,5,1,Q3,34
VISA-0001672,1758067200000000000,2025-10-27,France,Dependent,Singapore,9,2025,Autumn,40,2,0,Q3,40
VISA-0001673,1611360000000000000,2021-04-21,India,Tourist,Singapore,1,2021,Winter,88,5,0,Q1,88
VISA-0001674,1614988800000000000,2021-05-05,Australia,Work,Singapore,3,2021,Spring,60,5,0,Q1,60
VISA-0001675,1734912000000000000,2025-02-04,UK,Tourist,Chennai,12,2024,Winter,43,0,1,Q4,43
VISA-0001676,1665964800000000000,2022-12-12,India,Student,Unknown,10,2022,Autumn,56,0,0,Q4,56
VISA-0001677,1691452800000000000,2023-10-19,Brazil,Work,Mumbai,8,2023,Summer,72,1,1,Q3,72
VISA-0001678,1676937600000000000,2023-05-03,Mexico,Work,Mumbai,2,2023,Winter,71,1,0,Q1,71
VISA-0001679,1673740800000000000,2023-04-12,Kenya,Student,Dubai,1,2023,Winter,87,6,0,Q1,87
VISA-0001680,1757548800000000000,2025-10-20,Unknown,Student,Berlin,9,2025,Autumn,39,3,0,Q3,39
VISA-0001681,1624233600000000000,2021-09-22,Brazil,Tourist,Singapore,6,2021,Summer,93,0,1,Q2,93
VISA-0001682,1731196800000000000,2024-12-28,Mexico,Student,New Delhi,11,2024,Autumn,48,6,0,Q4,48
VISA-0001683,1749686400000000000,2025-08-03,Pakistan,Student,Chennai,6,2025,Summer,52,3,1,Q2,52
VISA-0001684,1713052800000000000,2024-06-11,India,Work,Paris,4,2024,Spring,58,6,0,Q2,58
VISA-0001685,1671667200000000000,2023-02-17,Mexico,Student,Berlin,12,2022,Winter,57,3,1,Q4,57
VISA-0001686,1634688000000000000,2021-12-07,Canada,Business,Ottawa,10,2021,Autumn,48,2,0,Q4,48
VISA-0001687,1717027200000000000,2024-08-12,Bangladesh,Student,Mumbai,5,2024,Spring,74,3,0,Q2,74
VISA-0001688,1683331200000000000,2023-06-17,UK,Tourist,Sydney,5,2023,Spring,42,5,0,Q2,42
VISA-0001689,1632960000000000000,2021-11-12,Philippines,Tourist,Mumbai,9,2021,Autumn,43,3,0,Q3,43
VISA-0001690,1666137600000000000,2022-11-22,China,Tourist,Sydney,10,2022,Autumn,34,2,0,Q4,34
VISA-0001691,1761004800000000000,2025-12-04,Nigeria,Student,Singapore,10,2025,Autumn,44,1,0,Q4,44
VISA-0001692,1651276800000000000,2022-06-14,France,Dependent,Chennai,4,2022,Spring,45,5,0,Q2,45
VISA-0001693,1637539200000000000,2022-01-02,Canada,Business,Mumbai,11,2021,Autumn,41,0,0,Q4,41
VISA-0001694,1716940800000000000,2024-07-09,Canada,Student,Paris,5,2024,Spring,41,2,0,Q2,41
VISA-0001695,1640908800000000000,2022-03-05,China,Tourist,New Delhi,12,2021,Winter,64,4,1,Q4,64
VISA-0001696,1754438400000000000,2025-09-23,France,Dependent,Johannesburg,8,2025,Summer,48,2,1,Q3,48
VISA-0001697,1744848000000000000,2025-05-23,China,Tourist,Paris,4,2025,Spring,36,3,0,Q2,36
VISA-0001698,1764460800000000000,2026-01-17,Bangladesh,Student,Ottawa,11,2025,Autumn,48,6,0,Q4,48
VISA-0001699,1753315200000000000,2025-09-13,Kenya,Dependent,London,7,2025,Summer,51,3,1,Q3,51
VISA-0001700,1647820800000000000,2022-05-26,Bangladesh,Student,Ottawa,3,2022,Spring,66,0,0,Q1,66
VISA-0001701,1642896000000000000,2022-02-28,Nigeria,Tourist,Ottawa,1,2022,Winter,36,6,0,Q1,36
VISA-0001702,1663459200000000000,2022-10-07,Canada,Tourist,Singapore,9,2022,Autumn,19,6,0,Q3,19
VISA-0001703,1683504000000000000,2023-07-08,India,Work,Paris,5,2023,Spring,61,0,0,Q2,61
VISA-0001704,1748131200000000000,2025-06-20,Canada,Tourist,Chennai,5,2025,Spring,26,6,0,Q2,26
VISA-0001705,1725062400000000000,2024-11-14,Kenya,Work,Mumbai,8,2024,Summer,75,5,1,Q3,75
VISA-0001706,1711065600000000000,2024-05-02,Canada,Student,Sydney,3,2024,Spring,41,4,0,Q1,41
VISA-0001707,1747958400000000000,2025-06-22,India,Tourist,Berlin,5,2025,Spring,30,4,0,Q2,30
VISA-0001708,1711238400000000000,2024-04-18,France,Tourist,Berlin,3,2024,Spring,25,6,0,Q1,25
VISA-0001709,1669161600000000000,2023-01-03,Nigeria,Business,London,11,2022,Autumn,41,2,0,Q4,41
VISA-0001710,1674518400000000000,2023-03-13,Brazil,Student,Sydney,1,2023,Winter,48,1,0,Q1,48
VISA-0001711,1690934400000000000,2023-09-10,Germany,Business,Mumbai,8,2023,Summer,39,2,1,Q3,39
VISA-0001712,1623456000000000000,2021-08-22,Pakistan,Student,Sydney,6,2021,Summer,71,5,1,Q2,71
VISA-0001713,1726358400000000000,2024-10-17,Australia,Tourist,Berlin,9,2024,Autumn,32,6,0,Q3,32
VISA-0001714,1712361600000000000,2024-05-28,Philippines,Student,London,4,2024,Spring,52,5,0,Q2,52
VISA-0001715,1724716800000000000,2024-12-03,UK,Student,London,8,2024,Summer,98,1,1,Q3,98
VISA-0001716,1693612800000000000,2023-10-20,Australia,Student,Sydney,9,2023,Autumn,48,5,0,Q3,48
VISA-0001717,1732838400000000000,2025-01-06,Philippines,Business,Singapore,11,2024,Autumn,38,4,0,Q4,38
VISA-0001718,1759190400000000000,2025-10-31,Mexico,Dependent,Dubai,9,2025,Autumn,31,1,0,Q3,31
VISA-0001719,1699315200000000000,2023-12-31,Kenya,Business,Johannesburg,11,2023,Autumn,54,1,0,Q4,54
VISA-0001720,1679529600000000000,2023-05-27,Mexico,Work,New Delhi,3,2023,Spring,65,3,0,Q1,65
VISA-0001721,1625875200000000000,2021-09-03,India,Student,Singapore,7,2021,Summer,55,5,1,Q3,55
VISA-0001722,1732233600000000000,2025-01-24,Bangladesh,Work,New Delhi,11,2024,Autumn,63,4,0,Q4,63
VISA-0001723,1751932800000000000,2025-08-17,Kenya,Tourist,London,7,2025,Summer,40,1,1,Q3,40
VISA-0001724,1719705600000000000,2024-08-10,China,Business,Ottawa,6,2024,Summer,41,6,1,Q2,41
VISA-0001725,1745884800000000000,2025-06-03,France,Dependent,Chennai,4,2025,Spring,35,1,0,Q2,35
VISA-0001726,1745193600000000000,2025-07-11,France,Tourist,Johannesburg,4,2025,Spring,81,0,0,Q2,81
VISA-0001727,1735257600000000000,2025-02-10,Kenya,Dependent,Singapore,12,2024,Winter,45,4,1,Q4,45
VISA-0001728,1688688000000000000,2023-09-05,Nigeria,Dependent,Dubai,7,2023,Summer,60,4,1,Q3,60
VISA-0001729,1625184000000000000,2021-08-26,Mexico,Student,Ottawa,7,2021,Summer,55,4,1,Q3,55
VISA-0001730,1609891200000000000,2021-03-06,Pakistan,Dependent,Paris,1,2021,Winter,59,2,0,Q1,59
VISA-0001731,1641686400000000000,2022-02-21,China,Tourist,Berlin,1,2022,Winter,43,6,0,Q1,43
VISA-0001732,1677369600000000000,2023-04-03,France,Tourist,Sydney,2,2023,Winter,36,6,0,Q1,36
VISA-0001733,1726704000000000000,2024-10-20,UK,Tourist,Singapore,9,2024,Autumn,31,3,0,Q3,31
VISA-0001734,1681257600000000000,2023-06-16,Philippines,Work,Chennai,4,2023,Spring,65,2,0,Q2,65
VISA-0001735,1613088000000000000,2021-04-23,Pakistan,Student,Unknown,2,2021,Winter,70,4,0,Q1,70
VISA-0001736,1642550400000000000,2022-03-17,UK,Dependent,New Delhi,1,2022,Winter,57,2,0,Q1,57
VISA-0001737,1763856000000000000,2026-01-01,Pakistan,Tourist,Mumbai,11,2025,Autumn,39,6,0,Q4,39
VISA-0001738,1765238400000000000,2026-01-11,Unknown,Tourist,Chennai,12,2025,Winter,33,1,1,Q4,33
VISA-0001739,1668902400000000000,2023-01-25,Australia,Work,Dubai,11,2022,Autumn,66,6,0,Q4,66
VISA-0001740,1736380800000000000,2025-02-06,Kenya,Tourist,Singapore,1,2025,Winter,28,3,0,Q1,28
VISA-0001741,1722816000000000000,2024-09-25,Bangladesh,Business,Dubai,8,2024,Summer,51,0,1,Q3,51
VISA-0001742,1756252800000000000,2025-10-22,Germany,Student,Ottawa,8,2025,Summer,56,2,1,Q3,56
VISA-0001743,1749340800000000000,2025-07-03,Brazil,Transit,Chennai,6,2025,Summer,25,6,1,Q2,25
VISA-0001744,1708560000000000000,2024-05-08,India,Work,Mumbai,2,2024,Winter,76,3,0,Q1,76
VISA-0001745,1671667200000000000,2023-02-16,Nigeria,Tourist,Dubai,12,2022,Winter,56,3,1,Q4,56
VISA-0001746,1708214400000000000,2024-03-21,Australia,Tourist,Mumbai,2,2024,Winter,32,6,0,Q1,32
VISA-0001747,1659744000000000000,2022-11-21,China,Tourist,Paris,8,2022,Summer,107,5,1,Q3,107
VISA-0001748,1664323200000000000,2022-10-20,Pakistan,Transit,Ottawa,9,2022,Autumn,22,2,0,Q3,22
VISA-0001749,1705363200000000000,2024-03-14,Canada,Work,London,1,2024,Winter,58,1,0,Q1,58
VISA-0001750,1699488000000000000,2024-01-04,Philippines,Student,New Delhi,11,2023,Autumn,56,3,0,Q4,56
VISA-0001751,1701043200000000000,2024-01-01,Canada,Tourist,Chennai,11,2023,Autumn,35,0,0,Q4,35
VISA-0001752,1670112000000000000,2023-01-30,Germany,Dependent,New Delhi,12,2022,Winter,57,6,1,Q4,57
VISA-0001753,1673913600000000000,2023-02-14,France,Tourist,Berlin,1,2023,Winter,28,1,0,Q1,28
VISA-0001754,1611014400000000000,2021-03-24,Germany,Work,Sydney,1,2021,Winter,64,1,0,Q1,64
VISA-0001755,1704326400000000000,2024-02-12,UK,Business,Paris,1,2024,Winter,39,3,0,Q1,39
VISA-0001756,1700179200000000000,2023-12-11,Mexico,Tourist,Dubai,11,2023,Autumn,24,4,0,Q4,24
VISA-0001757,1756944000000000000,2025-10-29,Unknown,Student,Johannesburg,9,2025,Autumn,55,3,0,Q3,55
VISA-0001758,1688947200000000000,2023-08-10,China,Tourist,Paris,7,2023,Summer,31,0,1,Q3,31
VISA-0001759,1683158400000000000,2023-06-23,Nigeria,Student,Mumbai,5,2023,Spring,50,3,0,Q2,50
VISA-0001760,1620086400000000000,2021-06-06,Pakistan,Transit,Mumbai,5,2021,Spring,33,1,0,Q2,33
VISA-0001761,1640476800000000000,2022-03-05,UK,Work,Singapore,12,2021,Winter,69,6,1,Q4,69
VISA-0001762,1662681600000000000,2022-11-06,China,Dependent,Chennai,9,2022,Autumn,58,4,0,Q3,58
VISA-0001763,1668902400000000000,2023-01-09,France,Student,Paris,11,2022,Autumn,50,6,0,Q4,50
VISA-0001764,1666569600000000000,2022-12-11,Philippines,Tourist,Dubai,10,2022,Autumn,48,0,0,Q4,48
VISA-0001765,1730678400000000000,2024-11-25,Australia,Business,Berlin,11,2024,Autumn,21,0,0,Q4,21
VISA-0001766,1630108800000000000,2021-10-22,Pakistan,Student,Chennai,8,2021,Summer,55,5,1,Q3,55
VISA-0001767,1661817600000000000,2022-10-15,Pakistan,Tourist,London,8,2022,Summer,46,1,1,Q3,46
VISA-0001768,1635120000000000000,2021-12-18,UK,Student,Dubai,10,2021,Autumn,54,0,0,Q4,54
VISA-0001769,1657929600000000000,2022-09-21,France,Work,New Delhi,7,2022,Summer,67,5,1,Q3,67
VISA-0001770,1717372800000000000,2024-07-08,Canada,Business,London,6,2024,Summer,35,0,1,Q2,35
VISA-0001771,1616803200000000000,2021-04-30,Pakistan,Tourist,Sydney,3,2021,Spring,34,5,0,Q1,34
VISA-0001772,1662940800000000000,2022-10-29,India,Dependent,Chennai,9,2022,Autumn,47,0,0,Q3,47
VISA-0001773,1613174400000000000,2021-04-09,Philippines,Student,London,2,2021,Winter,55,5,0,Q1,55
VISA-0001774,1759968000000000000,2025-11-18,France,Tourist,Johannesburg,10,2025,Autumn,40,3,0,Q4,40
VISA-0001775,1724112000000000000,2024-09-20,Australia,Tourist,London,8,2024,Summer,31,1,1,Q3,31
VISA-0001776,1647820800000000000,2022-04-19,Mexico,Business,Singapore,3,2022,Spring,29,0,0,Q1,29
VISA-0001777,1640649600000000000,2022-03-06,Nigeria,Student,Johannesburg,12,2021,Winter,68,1,1,Q4,68
VISA-0001778,1625011200000000000,2021-09-02,Pakistan,Student,Berlin,6,2021,Summer,64,2,1,Q2,64
VISA-0001779,1684022400000000000,2023-06-18,Nigeria,Tourist,Mumbai,5,2023,Spring,35,6,0,Q2,35
VISA-0001780,1728259200000000000,2024-11-25,Canada,Work,Chennai,10,2024,Autumn,49,0,0,Q4,49
VISA-0001781,1701561600000000000,2024-01-18,Brazil,Business,Johannesburg,12,2023,Winter,46,6,1,Q4,46
VISA-0001782,1748304000000000000,2025-06-29,Nigeria,Tourist,New Delhi,5,2025,Spring,33,1,0,Q2,33
VISA-0001783,1663632000000000000,2022-10-26,Pakistan,Dependent,Sydney,9,2022,Autumn,36,1,0,Q3,36
VISA-0001784,1653264000000000000,2022-06-24,Australia,Tourist,Dubai,5,2022,Spring,32,0,0,Q2,32
VISA-0001785,1684800000000000000,2023-06-21,Pakistan,Tourist,Singapore,5,2023,Spring,29,1,0,Q2,29
VISA-0001786,1641254400000000000,2022-03-18,Nigeria,Work,Singapore,1,2022,Winter,73,1,0,Q1,73
VISA-0001787,1763251200000000000,2026-01-05,UK,Work,London,11,2025,Autumn,50,6,0,Q4,50
VISA-0001788,1638748800000000000,2022-01-08,Germany,Tourist,Sydney,12,2021,Winter,33,0,1,Q4,33
VISA-0001789,1684886400000000000,2023-08-04,Philippines,Work,Dubai,5,2023,Spring,72,2,0,Q2,72
VISA-0001790,1691712000000000000,2023-09-25,Unknown,Tourist,Johannesburg,8,2023,Summer,45,4,1,Q3,45
VISA-0001791,1618444800000000000,2021-06-21,Mexico,Work,Dubai,4,2021,Spring,67,3,0,Q2,67
VISA-0001792,1683244800000000000,2023-07-10,Australia,Work,Mumbai,5,2023,Spring,66,4,0,Q2,66
VISA-0001793,1650326400000000000,2022-05-09,Australia,Transit,Johannesburg,4,2022,Spring,20,1,0,Q2,20
VISA-0001794,1629590400000000000,2021-11-17,Canada,Student,Sydney,8,2021,Summer,87,6,1,Q3,87
VISA-0001795,1616544000000000000,2021-05-30,Brazil,Work,Mumbai,3,2021,Spring,67,2,0,Q1,67
VISA-0001796,1610755200000000000,2021-03-30,Mexico,Work,Chennai,1,2021,Winter,73,5,0,Q1,73
VISA-0001797,1685318400000000000,2023-06-23,Australia,Tourist,Chennai,5,2023,Spring,25,0,0,Q2,25
VISA-0001798,1623542400000000000,2021-07-18,India,Tourist,Berlin,6,2021,Summer,35,6,1,Q2,35
VISA-0001799,1760659200000000000,2025-11-02,Canada,Transit,Johannesburg,10,2025,Autumn,16,4,0,Q4,16
VISA-0001800,1647993600000000000,2022-05-08,Brazil,Tourist,Ottawa,3,2022,Spring,46,2,0,Q1,46
VISA-0001801,1712275200000000000,2024-05-26,Pakistan,Business,Mumbai,4,2024,Spring,51,4,0,Q2,51
VISA-0001802,1715644800000000000,2024-06-07,Mexico,Tourist,Singapore,5,2024,Spring,24,1,0,Q2,24
VISA-0001803,1687564800000000000,2023-08-14,Pakistan,Business,Dubai,6,2023,Summer,51,5,1,Q2,51
VISA-0001804,1748736000000000000,2025-06-29,Germany,Tourist,Dubai,6,2025,Summer,28,6,1,Q2,28
VISA-0001805,1626912000000000000,2021-08-25,France,Transit,New Delhi,7,2021,Summer,34,3,1,Q3,34
VISA-0001806,1646352000000000000,2022-05-02,China,Work,Johannesburg,3,2022,Spring,59,4,0,Q1,59
VISA-0001807,1649203200000000000,2022-06-20,China,Tourist,Unknown,4,2022,Spring,75,2,0,Q2,75
VISA-0001808,1630800000000000000,2021-11-12,China,Work,Dubai,9,2021,Autumn,68,6,0,Q3,68
VISA-0001809,1655856000000000000,2022-08-28,Australia,Work,Dubai,6,2022,Summer,67,2,1,Q2,67
VISA-0001810,1658707200000000000,2022-09-09,UK,Tourist,Sydney,7,2022,Summer,46,0,1,Q3,46
VISA-0001811,1729987200000000000,2024-11-29,Pakistan,Tourist,Dubai,10,2024,Autumn,33,6,0,Q4,33
VISA-0001812,1656979200000000000,2022-08-25,France,Business,Ottawa,7,2022,Summer,51,1,1,Q3,51
VISA-0001813,1747612800000000000,2025-06-19,Bangladesh,Business,Dubai,5,2025,Spring,31,0,0,Q2,31
VISA-0001814,1731283200000000000,2024-12-07,Mexico,Tourist,Ottawa,11,2024,Autumn,26,0,0,Q4,26
VISA-0001815,1751587200000000000,2025-08-22,Pakistan,Dependent,Sydney,7,2025,Summer,49,4,1,Q3,49
VISA-0001816,1626048000000000000,2021-09-02,UK,Tourist,Berlin,7,2021,Summer,52,0,1,Q3,52
VISA-0001817,1764633600000000000,2026-01-10,India,Tourist,Paris,12,2025,Winter,39,1,1,Q4,39
VISA-0001818,1706227200000000000,2024-04-11,Bangladesh,Work,Mumbai,1,2024,Winter,76,4,0,Q1,76
VISA-0001819,1764288000000000000,2025-12-30,Philippines,Tourist,Johannesburg,11,2025,Autumn,32,4,0,Q4,32
VISA-0001820,1665360000000000000,2022-11-22,India,Tourist,Mumbai,10,2022,Autumn,43,0,0,Q4,43
VISA-0001821,1759708800000000000,2025-11-20,Mexico,Student,London,10,2025,Autumn,45,0,0,Q4,45
VISA-0001822,1702252800000000000,2024-01-16,Philippines,Tourist,London,12,2023,Winter,36,0,1,Q4,36
VISA-0001823,1620777600000000000,2021-06-17,Brazil,Tourist,London,5,2021,Spring,36,2,0,Q2,36
VISA-0001824,1674086400000000000,2023-04-06,Brazil,Work,London,1,2023,Winter,77,3,0,Q1,77
VISA-0001825,1631145600000000000,2021-10-28,UK,Student,London,9,2021,Autumn,49,3,0,Q3,49
VISA-0001826,1757808000000000000,2025-10-27,Nigeria,Dependent,Ottawa,9,2025,Autumn,43,6,0,Q3,43
VISA-0001827,1657411200000000000,2022-09-18,Philippines,Work,Paris,7,2022,Summer,70,6,1,Q3,70
VISA-0001828,1644451200000000000,2022-04-04,France,Student,Singapore,2,2022,Winter,53,3,0,Q1,53
VISA-0001829,1696636800000000000,2023-10-19,China,Tourist,London,10,2023,Autumn,12,5,0,Q4,12
VISA-0001830,1676419200000000000,2023-03-30,Nigeria,Business,Chennai,2,2023,Winter,43,2,0,Q1,43
VISA-0001831,1624665600000000000,2021-08-05,China,Tourist,Berlin,6,2021,Summer,40,5,1,Q2,40
VISA-0001832,1738195200000000000,2025-02-24,Australia,Tourist,New Delhi,1,2025,Winter,25,3,0,Q1,25
VISA-0001833,1742774400000000000,2025-04-28,Canada,Dependent,Ottawa,3,2025,Spring,35,0,0,Q1,35
VISA-0001834,1726531200000000000,2024-10-10,France,Business,Chennai,9,2024,Autumn,23,1,0,Q3,23
VISA-0001835,1706659200000000000,2024-04-08,Canada,Work,Dubai,1,2024,Winter,68,2,0,Q1,68
VISA-0001836,1672876800000000000,2023-02-18,Brazil,Tourist,New Delhi,1,2023,Winter,44,3,0,Q1,44
VISA-0001837,1694908800000000000,2023-11-02,Bangladesh,Tourist,Singapore,9,2023,Autumn,46,6,0,Q3,46
VISA-0001838,1691539200000000000,2023-10-01,France,Student,Chennai,8,2023,Summer,53,2,1,Q3,53
VISA-0001839,1635465600000000000,2021-12-01,Canada,Business,Sydney,10,2021,Autumn,33,4,0,Q4,33
VISA-0001840,1622332800000000000,2021-07-28,Canada,Student,Dubai,5,2021,Spring,59,6,0,Q2,59
VISA-0001841,1649376000000000000,2022-04-26,Australia,Tourist,Sydney,4,2022,Spring,18,4,0,Q2,18
VISA-0001842,1681084800000000000,2023-05-02,Brazil,Tourist,Ottawa,4,2023,Spring,22,0,0,Q2,22
VISA-0001843,1634688000000000000,2021-12-30,Canada,Work,Chennai,10,2021,Autumn,71,2,0,Q4,71
VISA-0001844,1626220800000000000,2021-09-27,Germany,Work,Paris,7,2021,Summer,75,2,1,Q3,75
VISA-0001845,1743724800000000000,2025-05-04,China,Tourist,Sydney,4,2025,Spring,30,4,0,Q2,30
VISA-0001846,1668556800000000000,2022-12-12,Australia,Tourist,Chennai,11,2022,Autumn,26,2,0,Q4,26
VISA-0001847,1701561600000000000,2024-01-11,Australia,Tourist,Chennai,12,2023,Winter,39,6,1,Q4,39
VISA-0001848,1692057600000000000,2023-09-12,France,Tourist,Ottawa,8,2023,Summer,28,1,1,Q3,28
VISA-0001849,1725321600000000000,2024-10-17,Brazil,Student,Singapore,9,2024,Autumn,44,1,0,Q3,44
VISA-0001850,1726099200000000000,2024-12-06,China,Tourist,Johannesburg,9,2024,Autumn,85,3,0,Q3,85
VISA-0001851,1656115200000000000,2022-09-15,Nigeria,Unknown,Ottawa,6,2022,Summer,82,5,1,Q2,82
VISA-0001852,1743120000000000000,2025-04-17,Brazil,Business,Ottawa,3,2025,Spring,20,4,0,Q1,20
VISA-0001853,1667952000000000000,2022-12-14,Kenya,Unknown,Mumbai,11,2022,Autumn,35,2,0,Q4,35
VISA-0001854,1741132800000000000,2025-04-24,Bangladesh,Dependent,Dubai,3,2025,Spring,50,2,0,Q1,50
VISA-0001855,1673222400000000000,2023-02-14,Kenya,Tourist,Chennai,1,2023,Winter,36,0,0,Q1,36
VISA-0001856,1626912000000000000,2021-08-18,Germany,Tourist,Singapore,7,2021,Summer,27,3,1,Q3,27
VISA-0001857,1729296000000000000,2024-11-13,Germany,Tourist,Sydney,10,2024,Autumn,25,5,0,Q4,25
VISA-0001858,1614211200000000000,2021-05-20,China,Work,Chennai,2,2021,Winter,84,3,0,Q1,84
VISA-0001859,1731196800000000000,2024-12-18,India,Tourist,Johannesburg,11,2024,Autumn,38,6,0,Q4,38
VISA-0001860,1616198400000000000,2021-05-11,India,Student,Paris,3,2021,Spring,52,5,0,Q1,52
VISA-0001861,1642032000000000000,2022-02-14,Bangladesh,Tourist,London,1,2022,Winter,32,3,0,Q1,32
VISA-0001862,1704585600000000000,2024-03-07,Canada,Tourist,Mumbai,1,2024,Winter,60,6,0,Q1,60
VISA-0001863,1757894400000000000,2025-11-20,Kenya,Work,Chennai,9,2025,Autumn,66,0,0,Q3,66
VISA-0001864,1673827200000000000,2023-03-24,China,Work,Ottawa,1,2023,Winter,67,0,0,Q1,67
VISA-0001865,1628467200000000000,2021-10-08,Kenya,Student,Ottawa,8,2021,Summer,60,0,1,Q3,60
VISA-0001866,1646179200000000000,2022-04-07,UK,Dependent,Singapore,3,2022,Spring,36,2,0,Q1,36
VISA-0001867,1750723200000000000,2025-08-04,China,Tourist,Johannesburg,6,2025,Summer,41,1,1,Q2,41
VISA-0001868,1724025600000000000,2024-10-04,India,Tourist,Paris,8,2024,Summer,46,0,1,Q3,46
VISA-0001869,1625270400000000000,2021-09-03,Nigeria,Student,Singapore,7,2021,Summer,62,5,1,Q3,62
VISA-0001870,1670112000000000000,2023-04-08,Brazil,Work,Mumbai,12,2022,Winter,125,6,1,Q4,125
VISA-0001871,1651104000000000000,2022-07-04,Brazil,Work,Mumbai,4,2022,Spring,67,3,0,Q2,67
VISA-0001872,1637452800000000000,2022-01-01,Pakistan,Tourist,Singapore,11,2021,Autumn,41,6,0,Q4,41
VISA-0001873,1742860800000000000,2025-04-19,China,Transit,Dubai,3,2025,Spring,25,1,0,Q1,25
VISA-0001874,1706832000000000000,2024-03-10,China,Tourist,Chennai,2,2024,Winter,37,4,0,Q1,37
VISA-0001875,1637712000000000000,2022-01-20,UK,Student,Paris,11,2021,Autumn,57,2,0,Q4,57
VISA-0001876,1712016000000000000,2024-06-05,Kenya,Work,Mumbai,4,2024,Spring,64,1,0,Q2,64
VISA-0001877,1674604800000000000,2023-03-22,Mexico,Dependent,Paris,1,2023,Winter,56,2,0,Q1,56
VISA-0001878,1619136000000000000,2021-06-25,Kenya,Work,Singapore,4,2021,Spring,63,4,0,Q2,63
VISA-0001879,1680307200000000000,2023-04-27,Brazil,Transit,Sydney,4,2023,Spring,26,5,0,Q2,26
VISA-0001880,1638662400000000000,2022-01-18,Brazil,Unknown,Berlin,12,2021,Winter,44,6,1,Q4,44
VISA-0001881,1648080000000000000,2022-05-26,China,Work,Paris,3,2022,Spring,63,3,0,Q1,63
VISA-0001882,1748044800000000000,2025-06-25,Nigeria,Business,Singapore,5,2025,Spring,32,5,0,Q2,32
VISA-0001883,1721433600000000000,2024-09-11,Philippines,Student,Dubai,7,2024,Summer,53,5,1,Q3,53
VISA-0001884,1630540800000000000,2021-10-21,UK,Student,Unknown,9,2021,Autumn,49,3,0,Q3,49
VISA-0001885,1743638400000000000,2025-04-09,Canada,Transit,Chennai,4,2025,Spring,6,3,0,Q2,6
VISA-0001886,1700006400000000000,2023-11-28,Canada,Tourist,London,11,2023,Autumn,13,2,0,Q4,13
VISA-0001887,1747353600000000000,2025-07-09,Philippines,Student,New Delhi,5,2025,Spring,54,4,0,Q2,54
VISA-0001888,1727222400000000000,2024-11-12,India,Dependent,Berlin,9,2024,Autumn,48,2,0,Q3,48
VISA-0001889,1662940800000000000,2022-10-27,Canada,Dependent,Ottawa,9,2022,Autumn,45,0,0,Q3,45
VISA-0001890,1693785600000000000,2023-09-27,Bangladesh,Transit,Berlin,9,2023,Autumn,23,0,0,Q3,23
VISA-0001891,1693094400000000000,2023-10-25,Kenya,Dependent,New Delhi,8,2023,Summer,59,6,1,Q3,59
VISA-0001892,1722902400000000000,2024-09-12,Bangladesh,Tourist,London,8,2024,Summer,37,1,1,Q3,37
VISA-0001893,1648598400000000000,2022-04-28,Canada,Dependent,Ottawa,3,2022,Spring,29,2,0,Q1,29
VISA-0001894,1661904000000000000,2022-11-03,Kenya,Student,New Delhi,8,2022,Summer,64,2,1,Q3,64
VISA-0001895,1647993600000000000,2022-05-25,Pakistan,Work,Singapore,3,2022,Spring,63,2,0,Q1,63
VISA-0001896,1656115200000000000,2022-09-10,Germany,Student,Dubai,6,2022,Summer,77,5,1,Q2,77
VISA-0001897,1634860800000000000,2021-12-13,Canada,Business,Singapore,10,2021,Autumn,52,4,0,Q4,52
VISA-0001898,1615161600000000000,2021-05-20,Bangladesh,Work,Paris,3,2021,Spring,73,0,0,Q1,73
VISA-0001899,1757635200000000000,2025-10-16,China,Dependent,New Delhi,9,2025,Autumn,34,4,0,Q3,34
VISA-0001900,1621123200000000000,2021-06-26,Bangladesh,Tourist,Singapore,5,2021,Spring,41,6,0,Q2,41
VISA-0001901,1749427200000000000,2025-07-07,Canada,Tourist,New Delhi,6,2025,Summer,28,0,1,Q2,28
VISA-0001902,1609891200000000000,2021-03-08,Australia,Student,Singapore,1,2021,Winter,61,2,0,Q1,61
VISA-0001903,1731974400000000000,2024-12-12,India,Tourist,Berlin,11,2024,Autumn,23,1,0,Q4,23
VISA-0001904,1661212800000000000,2022-11-02,UK,Work,Singapore,8,2022,Summer,71,1,1,Q3,71
VISA-0001905,1691020800000000000,2023-09-10,China,Tourist,Sydney,8,2023,Summer,38,3,1,Q3,38
VISA-0001906,1653955200000000000,2022-08-01,UK,Work,Mumbai,5,2022,Spring,62,1,0,Q2,62
VISA-0001907,1686787200000000000,2023-08-05,Philippines,Unknown,Mumbai,6,2023,Summer,51,3,1,Q2,51
VISA-0001908,1680652800000000000,2023-05-10,Kenya,Tourist,Mumbai,4,2023,Spring,35,2,0,Q2,35
VISA-0001909,1692921600000000000,2023-10-19,UK,Work,Paris,8,2023,Summer,55,4,1,Q3,55
VISA-0001910,1671408000000000000,2023-02-15,Nigeria,Tourist,Sydney,12,2022,Winter,58,0,1,Q4,58
VISA-0001911,1694044800000000000,2023-10-22,China,Tourist,Chennai,9,2023,Autumn,45,3,0,Q3,45
VISA-0001912,1739577600000000000,2025-03-25,Bangladesh,Tourist,Mumbai,2,2025,Winter,38,5,0,Q1,38
VISA-0001913,1677974400000000000,2023-04-12,Philippines,Tourist,New Delhi,3,2023,Spring,38,6,0,Q1,38
VISA-0001914,1666396800000000000,2022-12-30,India,Work,Chennai,10,2022,Autumn,69,5,0,Q4,69
VISA-0001915,1630195200000000000,2021-10-25,Bangladesh,Tourist,Paris,8,2021,Summer,57,6,1,Q3,57
VISA-0001916,1666137600000000000,2022-12-04,Canada,Student,Singapore,10,2022,Autumn,46,2,0,Q4,46
VISA-0001917,1629244800000000000,2021-11-01,Mexico,Work,Dubai,8,2021,Summer,75,2,1,Q3,75
VISA-0001918,1638230400000000000,2022-01-30,India,Student,Johannesburg,11,2021,Autumn,61,1,0,Q4,61
VISA-0001919,1759536000000000000,2025-11-17,Nigeria,Work,Ottawa,10,2025,Autumn,44,5,0,Q4,44
VISA-0001920,1623542400000000000,2021-07-30,Mexico,Tourist,London,6,2021,Summer,47,6,1,Q2,47
VISA-0001921,1685404800000000000,2023-07-04,China,Dependent,Berlin,5,2023,Spring,35,1,0,Q2,35
VISA-0001922,1740960000000000000,2025-04-15,Philippines,Student,Mumbai,3,2025,Spring,43,0,0,Q1,43
VISA-0001923,1759708800000000000,2025-11-16,Mexico,Tourist,Johannesburg,10,2025,Autumn,41,0,0,Q4,41
VISA-0001924,1632528000000000000,2021-11-15,China,Dependent,Paris,9,2021,Autumn,51,5,0,Q3,51
VISA-0001925,1635206400000000000,2022-01-03,Philippines,Unknown,New Delhi,10,2021,Autumn,69,1,0,Q4,69
VISA-0001926,1668124800000000000,2023-02-09,India,Work,Chennai,11,2022,Autumn,90,4,0,Q4,90
VISA-0001927,1696809600000000000,2023-11-30,Kenya,Dependent,Dubai,10,2023,Autumn,52,0,0,Q4,52
VISA-0001928,1760745600000000000,2025-11-23,Philippines,Tourist,Paris,10,2025,Autumn,36,5,0,Q4,36
VISA-0001929,1642204800000000000,2022-03-04,Kenya,Dependent,Chennai,1,2022,Winter,48,5,0,Q1,48
VISA-0001930,1635379200000000000,2022-01-01,Australia,Work,Paris,10,2021,Autumn,65,3,0,Q4,65
VISA-0001931,1649376000000000000,2022-06-02,Kenya,Student,Sydney,4,2022,Spring,55,4,0,Q2,55
VISA-0001932,1747267200000000000,2025-06-27,Pakistan,Tourist,Berlin,5,2025,Spring,43,3,0,Q2,43
VISA-0001933,1614124800000000000,2021-04-13,Nigeria,Tourist,Ottawa,2,2021,Winter,48,2,0,Q1,48
VISA-0001934,1669334400000000000,2023-01-09,Germany,Dependent,Ottawa,11,2022,Autumn,45,4,0,Q4,45
VISA-0001935,1628208000000000000,2021-09-28,China,Tourist,Ottawa,8,2021,Summer,53,4,1,Q3,53
VISA-0001936,1634169600000000000,2021-11-11,France,Tourist,Mumbai,10,2021,Autumn,28,3,0,Q4,28
VISA-0001937,1754006400000000000,2025-10-16,Brazil,Work,Chennai,8,2025,Summer,76,4,1,Q3,76
VISA-0001938,1609718400000000000,2021-04-11,Unknown,Business,Mumbai,1,2021,Winter,97,0,0,Q1,97
VISA-0001939,1660089600000000000,2022-09-08,Mexico,Tourist,Paris,8,2022,Summer,29,2,1,Q3,29
VISA-0001940,1753747200000000000,2025-10-13,Mexico,Business,Ottawa,7,2025,Summer,76,1,1,Q3,76
VISA-0001941,1705276800000000000,2024-03-08,India,Student,Ottawa,1,2024,Winter,53,0,0,Q1,53
VISA-0001942,1620691200000000000,2021-06-16,UK,Dependent,Singapore,5,2021,Spring,36,1,0,Q2,36
VISA-0001943,1682726400000000000,2023-06-10,China,Tourist,Singapore,4,2023,Spring,42,5,0,Q2,42
VISA-0001944,1762473600000000000,2025-11-26,France,Tourist,Chennai,11,2025,Autumn,19,4,0,Q4,19
VISA-0001945,1672531200000000000,2023-03-14,Philippines,Work,London,1,2023,Winter,72,6,0,Q1,72
VISA-0001946,1692748800000000000,2023-09-21,Germany,Tourist,Ottawa,8,2023,Summer,29,2,1,Q3,29
VISA-0001947,1693267200000000000,2023-10-24,Brazil,Student,Singapore,8,2023,Summer,56,1,1,Q3,56
VISA-0001948,1713571200000000000,2024-05-15,China,Tourist,Berlin,4,2024,Spring,25,5,0,Q2,25
VISA-0001949,1638921600000000000,2022-01-15,Canada,Business,Sydney,12,2021,Winter,38,2,1,Q4,38
VISA-0001950,1741824000000000000,2025-04-15,UK,Dependent,Chennai,3,2025,Spring,33,3,0,Q1,33
VISA-0001951,1765324800000000000,2026-01-17,Germany,Dependent,Ottawa,12,2025,Winter,38,2,1,Q4,38
VISA-0001952,1631923200000000000,2021-10-15,Mexico,Transit,New Delhi,9,2021,Autumn,27,5,0,Q3,27
VISA-0001953,1738454400000000000,2025-03-21,Brazil,Dependent,Berlin,2,2025,Winter,47,6,0,Q1,47
VISA-0001954,1738195200000000000,2025-03-14,Kenya,Student,Johannesburg,1,2025,Winter,43,3,0,Q1,43
VISA-0001955,1726358400000000000,2024-10-27,France,Student,Paris,9,2024,Autumn,42,6,0,Q3,42
VISA-0001956,1667865600000000000,2022-12-11,Nigeria,Dependent,London,11,2022,Autumn,33,1,0,Q4,33
VISA-0001957,1683331200000000000,2023-06-11,Mexico,Dependent,Sydney,5,2023,Spring,36,5,0,Q2,36
VISA-0001958,1741737600000000000,2025-04-04,Brazil,Transit,Johannesburg,3,2025,Spring,23,2,0,Q1,23
VISA-0001959,1633564800000000000,2021-11-13,Pakistan,Business,Unknown,10,2021,Autumn,37,3,0,Q4,37
VISA-0001960,1740096000000000000,2025-04-08,Pakistan,Tourist,Singapore,2,2025,Winter,46,4,0,Q1,46
VISA-0001961,1754611200000000000,2025-09-30,Canada,Dependent,Dubai,8,2025,Summer,53,4,1,Q3,53
VISA-0001962,1716940800000000000,2024-07-07,India,Dependent,Sydney,5,2024,Spring,39,2,0,Q2,39
VISA-0001963,1663286400000000000,2022-11-14,Philippines,Work,Dubai,9,2022,Autumn,59,4,0,Q3,59
VISA-0001964,1697587200000000000,2023-11-19,France,Dependent,Chennai,10,2023,Autumn,32,2,0,Q4,32
VISA-0001965,1617321600000000000,2021-06-03,Canada,Work,Ottawa,4,2021,Spring,62,4,0,Q2,62
VISA-0001966,1756339200000000000,2025-10-17,Nigeria,Dependent,London,8,2025,Summer,50,3,1,Q3,50
VISA-0001967,1663372800000000000,2022-10-19,Canada,Tourist,Paris,9,2022,Autumn,32,5,0,Q3,32
VISA-0001968,1618444800000000000,2021-06-07,Mexico,Dependent,Dubai,4,2021,Spring,53,3,0,Q2,53
VISA-0001969,1734652800000000000,2025-01-29,Bangladesh,Tourist,Ottawa,12,2024,Winter,40,4,1,Q4,40
VISA-0001970,1713139200000000000,2024-05-14,Brazil,Tourist,Singapore,4,2024,Spring,29,0,0,Q2,29
VISA-0001971,1707609600000000000,2024-03-09,Mexico,Tourist,Ottawa,2,2024,Winter,27,6,0,Q1,27
VISA-0001972,1617926400000000000,2021-06-09,Kenya,Student,Johannesburg,4,2021,Spring,61,4,0,Q2,61
VISA-0001973,1727827200000000000,2024-10-22,Canada,Tourist,Dubai,10,2024,Autumn,20,2,0,Q4,20
VISA-0001974,1709942400000000000,2024-03-19,Canada,Transit,Singapore,3,2024,Spring,10,5,0,Q1,10
VISA-0001975,1734566400000000000,2025-02-23,Kenya,Work,Johannesburg,12,2024,Winter,66,3,1,Q4,66
VISA-0001976,1739836800000000000,2025-04-03,Pakistan,Dependent,London,2,2025,Winter,44,1,0,Q1,44
VISA-0001977,1642809600000000000,2022-03-17,India,Tourist,Chennai,1,2022,Winter,54,5,0,Q1,54
VISA-0001978,1642636800000000000,2022-03-03,Nigeria,Tourist,Unknown,1,2022,Winter,42,3,0,Q1,42
VISA-0001979,1755043200000000000,2025-09-30,Pakistan,Business,Chennai,8,2025,Summer,48,2,1,Q3,48
VISA-0001980,1693180800000000000,2023-11-14,Mexico,Work,Paris,8,2023,Summer,78,0,1,Q3,78
VISA-0001981,1678492800000000000,2023-05-04,Pakistan,Student,Mumbai,3,2023,Spring,54,5,0,Q1,54
VISA-0001982,1654732800000000000,2022-07-13,UK,Business,Singapore,6,2022,Summer,34,3,1,Q2,34
VISA-0001983,1710201600000000000,2024-04-24,Mexico,Dependent,Berlin,3,2024,Spring,43,1,0,Q1,43
VISA-0001984,1728259200000000000,2024-12-10,France,Work,Sydney,10,2024,Autumn,64,0,0,Q4,64
VISA-0001985,1609804800000000000,2021-02-06,Philippines,Transit,Ottawa,1,2021,Winter,32,1,0,Q1,32
VISA-0001986,1696550400000000000,2023-11-02,Kenya,Business,Berlin,10,2023,Autumn,27,4,0,Q4,27
VISA-0001987,1766016000000000000,2026-02-16,China,Work,Ottawa,12,2025,Winter,60,3,1,Q4,60
VISA-0001988,1653696000000000000,2022-07-23,Brazil,Student,Ottawa,5,2022,Spring,56,5,0,Q2,56
VISA-0001989,1653696000000000000,2022-06-28,Germany,Tourist,Chennai,5,2022,Spring,31,5,0,Q2,31
VISA-0001990,1747872000000000000,2025-06-08,Australia,Tourist,Mumbai,5,2025,Spring,17,3,0,Q2,17
VISA-0001991,1619222400000000000,2021-06-01,Mexico,Business,Singapore,4,2021,Spring,38,5,0,Q2,38
VISA-0001992,1672099200000000000,2023-03-05,Kenya,Work,Paris,12,2022,Winter,68,1,1,Q4,68
VISA-0001993,1681689600000000000,2023-05-20,Canada,Tourist,Ottawa,4,2023,Spring,33,0,0,Q2,33
VISA-0001994,1735257600000000000,2025-02-23,Nigeria,Work,Singapore,12,2024,Winter,58,4,1,Q4,58
VISA-0001995,1629763200000000000,2021-10-08,Brazil,Tourist,Dubai,8,2021,Summer,45,1,1,Q3,45
VISA-0001996,1677888000000000000,2023-04-08,Nigeria,Tourist,Unknown,3,2023,Spring,35,5,0,Q1,35
VISA-0001997,1633392000000000000,2022-01-25,Australia,Dependent,Mumbai,10,2021,Autumn,112,1,0,Q4,112
VISA-0001998,1733616000000000000,2025-01-26,Germany,Student,Sydney,12,2024,Winter,49,6,1,Q4,49
VISA-0001999,1709078400000000000,2024-05-29,France,Tourist,Mumbai,2,2024,Winter,91,2,0,Q1,91
VISA-0002000,1687737600000000000,2023-08-22,Mexico,Student,Berlin,6,2023,Summer,57,0,1,Q2,57
VISA-0002001,1671408000000000000,2023-02-12,Kenya,Student,New Delhi,12,2022,Winter,55,0,1,Q4,55
VISA-0002002,1633564800000000000,2021-11-21,Philippines,Business,Sydney,10,2021,Autumn,45,3,0,Q4,45
VISA-0002003,1754784000000000000,2025-08-28,UK,Transit,Ottawa,8,2025,Summer,18,6,1,Q3,18
VISA-0002004,1711497600000000000,2024-05-12,UK,Work,Mumbai,3,2024,Spring,46,2,0,Q1,46
VISA-0002005,1659744000000000000,2022-10-15,UK,Work,Sydney,8,2022,Summer,70,5,1,Q3,70
VISA-0002006,1674691200000000000,2023-03-26,Bangladesh,Student,Chennai,1,2023,Winter,59,3,0,Q1,59
VISA-0002007,1723939200000000000,2024-10-14,Philippines,Work,Chennai,8,2024,Summer,57,6,1,Q3,57
VISA-0002008,1722902400000000000,2024-09-12,UK,Tourist,Singapore,8,2024,Summer,37,1,1,Q3,37
VISA-0002009,1682121600000000000,2023-05-27,Australia,Tourist,London,4,2023,Spring,35,5,0,Q2,35
VISA-0002010,1657152000000000000,2022-08-25,Nigeria,Dependent,Ottawa,7,2022,Summer,49,3,1,Q3,49
VISA-0002011,1713484800000000000,2024-06-17,Pakistan,Student,New Delhi,4,2024,Spring,59,4,0,Q2,59
VISA-0002012,1713225600000000000,2024-05-28,Canada,Student,London,4,2024,Spring,42,1,0,Q2,42
VISA-0002013,1703980800000000000,2024-02-16,Brazil,Tourist,London,12,2023,Winter,47,6,1,Q4,47
VISA-0002014,1620864000000000000,2021-07-02,Germany,Dependent,Unknown,5,2021,Spring,50,3,0,Q2,50
VISA-0002015,1683936000000000000,2023-06-25,Bangladesh,Tourist,Mumbai,5,2023,Spring,43,5,0,Q2,43
VISA-0002016,1706227200000000000,2024-03-19,Canada,Student,Johannesburg,1,2024,Winter,53,4,0,Q1,53
VISA-0002017,1759190400000000000,2025-12-01,Pakistan,Dependent,Mumbai,9,2025,Autumn,62,1,0,Q3,62
VISA-0002018,1692316800000000000,2023-10-03,France,Student,Berlin,8,2023,Summer,46,4,1,Q3,46
VISA-0002019,1663459200000000000,2022-11-09,China,Dependent,New Delhi,9,2022,Autumn,52,6,0,Q3,52
VISA-0002020,1697068800000000000,2023-11-12,India,Tourist,Singapore,10,2023,Autumn,31,3,0,Q4,31
VISA-0002021,1637366400000000000,2021-12-28,Nigeria,Business,Berlin,11,2021,Autumn,38,5,0,Q4,38
VISA-0002022,1623715200000000000,2021-07-23,UK,Transit,Singapore,6,2021,Summer,38,1,1,Q2,38
VISA-0002023,1716336000000000000,2024-07-12,Brazil,Student,Johannesburg,5,2024,Spring,51,2,0,Q2,51
VISA-0002024,1764892800000000000,2026-02-08,France,Work,Singapore,12,2025,Winter,65,4,1,Q4,65
VISA-0002025,1742774400000000000,2025-06-16,France,Student,Dubai,3,2025,Spring,84,0,0,Q1,84
VISA-0002026,1701475200000000000,2024-01-25,Pakistan,Business,Singapore,12,2023,Winter,54,5,1,Q4,54
VISA-0002027,1615766400000000000,2021-05-07,Nigeria,Dependent,Mumbai,3,2021,Spring,53,0,0,Q1,53
VISA-0002028,1765238400000000000,2026-02-27,India,Unknown,Berlin,12,2025,Winter,80,1,1,Q4,80
VISA-0002029,1680307200000000000,2023-05-20,France,Dependent,Johannesburg,4,2023,Spring,49,5,0,Q2,49
VISA-0002030,1655078400000000000,2022-08-15,Australia,Work,Ottawa,6,2022,Summer,63,0,1,Q2,63
VISA-0002031,1750118400000000000,2025-08-12,Philippines,Work,Johannesburg,6,2025,Summer,56,1,1,Q2,56
VISA-0002032,1727136000000000000,2024-10-23,Pakistan,Tourist,Sydney,9,2024,Autumn,29,1,0,Q3,29
VISA-0002033,1727654400000000000,2024-11-17,Germany,Work,Sydney,9,2024,Autumn,48,0,0,Q3,48
VISA-0002034,1653177600000000000,2022-06-23,UK,Dependent,London,5,2022,Spring,32,6,0,Q2,32
VISA-0002035,1765843200000000000,2026-03-15,China,Work,Mumbai,12,2025,Winter,89,1,1,Q4,89
VISA-0002036,1680825600000000000,2023-05-14,UK,Tourist,Singapore,4,2023,Spring,37,4,0,Q2,37
VISA-0002037,1693180800000000000,2023-10-21,Australia,Student,Berlin,8,2023,Summer,54,0,1,Q3,54
VISA-0002038,1727827200000000000,2024-10-21,Germany,Business,Ottawa,10,2024,Autumn,19,2,0,Q4,19
VISA-0002039,1713484800000000000,2024-06-03,Philippines,Dependent,Johannesburg,4,2024,Spring,45,4,0,Q2,45
VISA-0002040,1636588800000000000,2021-12-23,Pakistan,Tourist,Chennai,11,2021,Autumn,42,3,0,Q4,42
VISA-0002041,1657152000000000000,2022-08-23,Mexico,Tourist,Paris,7,2022,Summer,47,3,1,Q3,47
VISA-0002042,1666396800000000000,2022-12-09,UK,Student,Ottawa,10,2022,Autumn,48,5,0,Q4,48
VISA-0002043,1758844800000000000,2025-10-24,Mexico,Tourist,Dubai,9,2025,Autumn,28,4,0,Q3,28
VISA-0002044,1722038400000000000,2024-08-24,Brazil,Transit,New Delhi,7,2024,Summer,28,5,1,Q3,28
VISA-0002045,1667174400000000000,2023-01-01,Mexico,Student,Dubai,10,2022,Autumn,62,0,0,Q4,62
VISA-0002046,1725235200000000000,2024-10-11,Brazil,Student,Berlin,9,2024,Autumn,39,0,0,Q3,39
VISA-0002047,1725840000000000000,2024-10-13,Nigeria,Tourist,Johannesburg,9,2024,Autumn,34,0,0,Q3,34
VISA-0002048,1671580800000000000,2023-02-20,China,Student,London,12,2022,Winter,61,2,1,Q4,61
VISA-0002049,1672963200000000000,2023-02-06,Germany,Transit,New Delhi,1,2023,Winter,31,4,0,Q1,31
VISA-0002050,1750464000000000000,2025-08-21,Philippines,Student,New Delhi,6,2025,Summer,61,5,1,Q2,61
VISA-0002051,1698019200000000000,2023-11-29,Kenya,Tourist,Mumbai,10,2023,Autumn,37,0,0,Q4,37
VISA-0002052,1632960000000000000,2021-10-19,Canada,Tourist,London,9,2021,Autumn,19,3,0,Q3,19
VISA-0002053,1722902400000000000,2024-08-30,UK,Transit,Singapore,8,2024,Summer,24,1,1,Q3,24
VISA-0002054,1702339200000000000,2024-01-04,Canada,Transit,Chennai,12,2023,Winter,23,1,1,Q4,23
VISA-0002055,1689638400000000000,2023-09-04,Pakistan,Tourist,Mumbai,7,2023,Summer,48,1,1,Q3,48
VISA-0002056,1723766400000000000,2024-10-26,Philippines,Work,New Delhi,8,2024,Summer,71,4,1,Q3,71
VISA-0002057,1661558400000000000,2022-10-10,Philippines,Tourist,Ottawa,8,2022,Summer,44,5,1,Q3,44
VISA-0002058,1675555200000000000,2023-04-10,UK,Work,Dubai,2,2023,Winter,64,6,0,Q1,64
VISA-0002059,1639267200000000000,2022-01-27,France,Tourist,London,12,2021,Winter,46,6,1,Q4,46
VISA-0002060,1711411200000000000,2024-05-03,Brazil,Business,Sydney,3,2024,Spring,38,1,0,Q1,38
VISA-0002061,1672876800000000000,2023-02-22,France,Dependent,Chennai,1,2023,Winter,48,3,0,Q1,48
VISA-0002062,1663372800000000000,2022-10-12,Canada,Tourist,Paris,9,2022,Autumn,25,5,0,Q3,25
VISA-0002063,1719273600000000000,2024-08-17,Brazil,Student,New Delhi,6,2024,Summer,53,1,1,Q2,53
VISA-0002064,1673740800000000000,2023-02-17,Brazil,Tourist,Chennai,1,2023,Winter,33,6,0,Q1,33
VISA-0002065,1682640000000000000,2023-06-14,Kenya,Tourist,Dubai,4,2023,Spring,47,4,0,Q2,47
VISA-0002066,1678838400000000000,2023-04-15,China,Tourist,Singapore,3,2023,Spring,31,2,0,Q1,31
VISA-0002067,1650153600000000000,2022-05-15,Nigeria,Tourist,Ottawa,4,2022,Spring,28,6,0,Q2,28
VISA-0002068,1629244800000000000,2021-10-13,Nigeria,Transit,New Delhi,8,2021,Summer,56,2,1,Q3,56
VISA-0002069,1739836800000000000,2025-03-21,France,Tourist,Dubai,2,2025,Winter,31,1,0,Q1,31
VISA-0002070,1623888000000000000,2021-08-11,Philippines,Dependent,Chennai,6,2021,Summer,55,3,1,Q2,55
VISA-0002071,1660608000000000000,2022-09-20,Kenya,Tourist,London,8,2022,Summer,35,1,1,Q3,35
VISA-0002072,1714694400000000000,2024-06-21,Germany,Unknown,Johannesburg,5,2024,Spring,49,4,0,Q2,49
VISA-0002073,1630108800000000000,2021-11-05,UK,Student,Johannesburg,8,2021,Summer,69,5,1,Q3,69
VISA-0002074,1712793600000000000,2024-06-14,Germany,Dependent,Chennai,4,2024,Spring,64,3,0,Q2,64
VISA-0002075,1724976000000000000,2024-10-11,Canada,Tourist,Dubai,8,2024,Summer,42,4,1,Q3,42
VISA-0002076,1713916800000000000,2024-05-29,Philippines,Tourist,Sydney,4,2024,Spring,35,2,0,Q2,35
VISA-0002077,1657497600000000000,2022-08-21,Bangladesh,Business,Johannesburg,7,2022,Summer,41,0,1,Q3,41
VISA-0002078,1612569600000000000,2021-03-24,Canada,Business,Johannesburg,2,2021,Winter,46,5,0,Q1,46
VISA-0002079,1749340800000000000,2025-08-13,Unknown,Work,London,6,2025,Summer,66,6,1,Q2,66
VISA-0002080,1660867200000000000,2022-10-13,China,Tourist,New Delhi,8,2022,Summer,55,4,1,Q3,55
VISA-0002081,1736380800000000000,2025-02-12,France,Tourist,New Delhi,1,2025,Winter,34,3,0,Q1,34
VISA-0002082,1640649600000000000,2022-02-22,UK,Dependent,New Delhi,12,2021,Winter,56,1,1,Q4,56
VISA-0002083,1635033600000000000,2021-12-24,Mexico,Work,Paris,10,2021,Autumn,61,6,0,Q4,61
VISA-0002084,1732147200000000000,2025-01-07,Germany,Work,Paris,11,2024,Autumn,47,3,0,Q4,47
VISA-0002085,1757635200000000000,2025-10-01,UK,Tourist,Singapore,9,2025,Autumn,19,4,0,Q3,19
VISA-0002086,1745107200000000000,2025-05-15,France,Unknown,Mumbai,4,2025,Spring,25,6,0,Q2,25
VISA-0002087,1727913600000000000,2024-11-16,Australia,Dependent,New Delhi,10,2024,Autumn,44,3,0,Q4,44
VISA-0002088,1648339200000000000,2022-05-07,Australia,Business,Mumbai,3,2022,Spring,41,6,0,Q1,41
VISA-0002089,1753401600000000000,2025-08-28,Canada,Tourist,Dubai,7,2025,Summer,34,4,1,Q3,34
VISA-0002090,1714694400000000000,2024-06-13,Germany,Dependent,New Delhi,5,2024,Spring,41,4,0,Q2,41
VISA-0002091,1636588800000000000,2022-01-22,Nigeria,Work,Berlin,11,2021,Autumn,72,3,0,Q4,72
VISA-0002092,1629849600000000000,2021-10-10,Nigeria,Tourist,Singapore,8,2021,Summer,46,2,1,Q3,46
VISA-0002093,1746748800000000000,2025-06-09,UK,Student,Mumbai,5,2025,Spring,31,4,0,Q2,31
VISA-0002094,1652832000000000000,2022-06-21,Bangladesh,Business,Paris,5,2022,Spring,34,2,0,Q2,34
VISA-0002095,1730160000000000000,2024-12-23,Nigeria,Student,Dubai,10,2024,Autumn,55,1,0,Q4,55
VISA-0002096,1631318400000000000,2021-11-15,Kenya,Work,Johannesburg,9,2021,Autumn,65,5,0,Q3,65
VISA-0002097,1653609600000000000,2022-06-30,Canada,Business,Chennai,5,2022,Spring,34,4,0,Q2,34
VISA-0002098,1654128000000000000,2022-07-05,China,Tourist,Chennai,6,2022,Summer,33,3,1,Q2,33
VISA-0002099,1653782400000000000,2022-07-23,India,Dependent,New Delhi,5,2022,Spring,55,6,0,Q2,55
VISA-0002100,1715817600000000000,2024-07-11,France,Student,Berlin,5,2024,Spring,56,3,0,Q2,56
VISA-0002101,1753574400000000000,2025-09-20,Nigeria,Student,Singapore,7,2025,Summer,55,6,1,Q3,55
VISA-0002102,1752969600000000000,2025-09-27,Philippines,Work,New Delhi,7,2025,Summer,69,6,1,Q3,69
VISA-0002103,1726358400000000000,2024-11-04,UK,Work,Sydney,9,2024,Autumn,50,6,0,Q3,50
VISA-0002104,1641340800000000000,2022-03-08,Philippines,Student,Berlin,1,2022,Winter,62,2,0,Q1,62
VISA-0002105,1760918400000000000,2025-12-23,Bangladesh,Work,Paris,10,2025,Autumn,64,0,0,Q4,64
VISA-0002106,1694908800000000000,2023-10-21,India,Dependent,Johannesburg,9,2023,Autumn,34,6,0,Q3,34
VISA-0002107,1695513600000000000,2023-10-24,Canada,Business,Berlin,9,2023,Autumn,30,6,0,Q3,30
VISA-0002108,1720051200000000000,2024-08-13,Kenya,Business,Johannesburg,7,2024,Summer,40,3,1,Q3,40
VISA-0002109,1730678400000000000,2024-12-02,Philippines,Tourist,Johannesburg,11,2024,Autumn,28,0,0,Q4,28
VISA-0002110,1759708800000000000,2025-11-17,Canada,Student,Johannesburg,10,2025,Autumn,42,0,0,Q4,42
VISA-0002111,1701216000000000000,2024-01-28,Nigeria,Work,Ottawa,11,2023,Autumn,60,2,0,Q4,60
VISA-0002112,1705622400000000000,2024-02-26,Brazil,Tourist,Ottawa,1,2024,Winter,38,4,0,Q1,38
VISA-0002113,1726963200000000000,2024-10-31,Mexico,Business,Ottawa,9,2024,Autumn,39,6,0,Q3,39
VISA-0002114,1649635200000000000,2022-06-01,Brazil,Tourist,Johannesburg,4,2022,Spring,51,0,0,Q2,51
VISA-0002115,1657929600000000000,2022-09-12,Germany,Tourist,London,7,2022,Summer,58,5,1,Q3,58
VISA-0002116,1708041600000000000,2024-03-21,China,Tourist,Paris,2,2024,Winter,34,4,0,Q1,34
VISA-0002117,1619568000000000000,2021-06-11,Brazil,Tourist,Dubai,4,2021,Spring,44,2,0,Q2,44
VISA-0002118,1659916800000000000,2022-11-15,Philippines,Tourist,New Delhi,8,2022,Summer,99,0,1,Q3,99
VISA-0002119,1722643200000000000,2024-10-07,Pakistan,Work,Sydney,8,2024,Summer,65,5,1,Q3,65
VISA-0002120,1763337600000000000,2026-01-01,Australia,Work,Chennai,11,2025,Autumn,45,0,0,Q4,45
VISA-0002121,1691366400000000000,2023-09-08,Australia,Tourist,Paris,8,2023,Summer,32,0,1,Q3,32
VISA-0002122,1672444800000000000,2023-02-08,Brazil,Tourist,Ottawa,12,2022,Winter,39,5,1,Q4,39
VISA-0002123,1678838400000000000,2023-04-18,Pakistan,Business,London,3,2023,Spring,34,2,0,Q1,34
VISA-0002124,1717459200000000000,2024-07-16,India,Tourist,New Delhi,6,2024,Summer,42,1,1,Q2,42
VISA-0002125,1695254400000000000,2023-11-21,Bangladesh,Student,Mumbai,9,2023,Autumn,61,3,0,Q3,61
VISA-0002126,1613088000000000000,2021-04-16,Canada,Student,Paris,2,2021,Winter,63,4,0,Q1,63
VISA-0002127,1694476800000000000,2023-11-07,Unknown,Work,Singapore,9,2023,Autumn,56,1,0,Q3,56
VISA-0002128,1672531200000000000,2023-02-09,UK,Dependent,London,1,2023,Winter,39,6,0,Q1,39
VISA-0002129,1719878400000000000,2024-08-31,Canada,Work,Singapore,7,2024,Summer,60,1,1,Q3,60
VISA-0002130,1747440000000000000,2025-06-07,Philippines,Transit,Dubai,5,2025,Spring,21,5,0,Q2,21
VISA-0002131,1761177600000000000,2025-12-04,Unknown,Dependent,London,10,2025,Autumn,42,3,0,Q4,42
VISA-0002132,1705622400000000000,2024-02-20,Germany,Tourist,Ottawa,1,2024,Winter,32,4,0,Q1,32
VISA-0002133,1666569600000000000,2023-01-05,Germany,Tourist,Berlin,10,2022,Autumn,73,0,0,Q4,73
VISA-0002134,1679443200000000000,2023-04-18,Bangladesh,Tourist,Johannesburg,3,2023,Spring,27,2,0,Q1,27
VISA-0002135,1637280000000000000,2022-01-14,France,Student,Sydney,11,2021,Autumn,56,4,0,Q4,56
VISA-0002136,1757030400000000000,2025-11-10,Philippines,Work,London,9,2025,Autumn,66,4,0,Q3,66
VISA-0002137,1743033600000000000,2025-04-17,Canada,Tourist,Paris,3,2025,Spring,21,3,0,Q1,21
VISA-0002138,1744070400000000000,2025-04-23,Canada,Tourist,Sydney,4,2025,Spring,15,1,0,Q2,15
VISA-0002139,1661126400000000000,2022-10-27,Mexico,Student,Ottawa,8,2022,Summer,66,0,1,Q3,66
VISA-0002140,1660262400000000000,2022-10-18,Canada,Work,Sydney,8,2022,Summer,67,4,1,Q3,67
VISA-0002141,1744502400000000000,2025-06-04,Brazil,Work,Sydney,4,2025,Spring,52,6,0,Q2,52
VISA-0002142,1720483200000000000,2024-08-12,Mexico,Transit,Mumbai,7,2024,Summer,34,1,1,Q3,34
VISA-0002143,1686614400000000000,2023-08-02,Bangladesh,Tourist,New Delhi,6,2023,Summer,50,1,1,Q2,50
VISA-0002144,1679270400000000000,2023-05-04,Canada,Student,Berlin,3,2023,Spring,45,0,0,Q1,45
VISA-0002145,1709078400000000000,2024-03-29,Bangladesh,Transit,Mumbai,2,2024,Winter,30,2,0,Q1,30
VISA-0002146,1737590400000000000,2025-03-22,Brazil,Work,Sydney,1,2025,Winter,58,3,0,Q1,58
VISA-0002147,1662076800000000000,2022-10-23,UK,Work,Paris,9,2022,Autumn,51,4,0,Q3,51
VISA-0002148,1736985600000000000,2025-04-05,Pakistan,Student,Chennai,1,2025,Winter,79,3,0,Q1,79
VISA-0002149,1647907200000000000,2022-04-16,Australia,Tourist,Ottawa,3,2022,Spring,25,1,0,Q1,25
VISA-0002150,1672963200000000000,2023-03-05,Philippines,Dependent,Johannesburg,1,2023,Winter,58,4,0,Q1,58
VISA-0002151,1753315200000000000,2025-09-28,Brazil,Work,New Delhi,7,2025,Summer,66,3,1,Q3,66
VISA-0002152,1759881600000000000,2025-12-19,Bangladesh,Work,Paris,10,2025,Autumn,72,2,0,Q4,72
VISA-0002153,1755129600000000000,2025-10-15,UK,Student,Mumbai,8,2025,Summer,62,3,1,Q3,62
VISA-0002154,1659225600000000000,2022-10-01,Philippines,Student,Singapore,7,2022,Summer,62,6,1,Q3,62
VISA-0002155,1742428800000000000,2025-04-21,Pakistan,Tourist,Ottawa,3,2025,Spring,32,3,0,Q1,32
VISA-0002156,1757030400000000000,2025-10-02,Philippines,Business,New Delhi,9,2025,Autumn,27,4,0,Q3,27
VISA-0002157,1763683200000000000,2025-12-26,Brazil,Student,Berlin,11,2025,Autumn,35,4,0,Q4,35
VISA-0002158,1612742400000000000,2021-03-22,Brazil,Tourist,Mumbai,2,2021,Winter,42,0,0,Q1,42
VISA-0002159,1726876800000000000,2024-11-15,Australia,Student,London,9,2024,Autumn,55,5,0,Q3,55
VISA-0002160,1766620800000000000,2026-02-17,UK,Dependent,Sydney,12,2025,Winter,54,3,1,Q4,54
VISA-0002161,1729987200000000000,2024-12-29,China,Student,Unknown,10,2024,Autumn,63,6,0,Q4,63
VISA-0002162,1646179200000000000,2022-04-22,Kenya,Student,Ottawa,3,2022,Spring,51,2,0,Q1,51
VISA-0002163,1729641600000000000,2024-12-19,UK,Work,Singapore,10,2024,Autumn,57,2,0,Q4,57
VISA-0002164,1626048000000000000,2021-09-02,India,Business,Sydney,7,2021,Summer,52,0,1,Q3,52
VISA-0002165,1685232000000000000,2023-07-27,Germany,Unknown,London,5,2023,Spring,60,6,0,Q2,60
VISA-0002166,1708128000000000000,2024-04-10,Bangladesh,Dependent,London,2,2024,Winter,53,5,0,Q1,53
VISA-0002167,1719792000000000000,2024-08-03,Australia,Tourist,Paris,7,2024,Summer,33,0,1,Q3,33
VISA-0002168,1647302400000000000,2022-05-12,Philippines,Dependent,Berlin,3,2022,Spring,58,1,0,Q1,58
VISA-0002169,1705017600000000000,2024-03-05,Pakistan,Dependent,Mumbai,1,2024,Winter,53,4,0,Q1,53
VISA-0002170,1711065600000000000,2024-05-14,Brazil,Student,Paris,3,2024,Spring,53,4,0,Q1,53
VISA-0002171,1709337600000000000,2024-05-01,Brazil,Work,Ottawa,3,2024,Spring,60,5,0,Q1,60
VISA-0002172,1655078400000000000,2022-07-25,Bangladesh,Tourist,London,6,2022,Summer,42,0,1,Q2,42
VISA-0002173,1657584000000000000,2022-09-13,France,Student,Mumbai,7,2022,Summer,63,1,1,Q3,63
VISA-0002174,1650067200000000000,2022-05-09,Australia,Tourist,Johannesburg,4,2022,Spring,23,5,0,Q2,23
VISA-0002175,1682208000000000000,2023-05-18,Germany,Tourist,New Delhi,4,2023,Spring,25,6,0,Q2,25
VISA-0002176,1701820800000000000,2024-01-12,Bangladesh,Transit,Johannesburg,12,2023,Winter,37,2,1,Q4,37
VISA-0002177,1666569600000000000,2023-02-03,Pakistan,Tourist,New Delhi,10,2022,Autumn,102,0,0,Q4,102
VISA-0002178,1674086400000000000,2023-03-28,Brazil,Work,Sydney,1,2023,Winter,68,3,0,Q1,68
VISA-0002179,1654560000000000000,2022-08-03,Germany,Tourist,Mumbai,6,2022,Summer,57,1,1,Q2,57
VISA-0002180,1643932800000000000,2022-04-06,Brazil,Student,Sydney,2,2022,Winter,61,4,0,Q1,61
VISA-0002181,1713052800000000000,2024-05-24,Mexico,Student,Singapore,4,2024,Spring,40,6,0,Q2,40
VISA-0002182,1738108800000000000,2025-03-06,Australia,Tourist,Dubai,1,2025,Winter,36,2,0,Q1,36
VISA-0002183,1655251200000000000,2022-10-08,Bangladesh,Work,Sydney,6,2022,Summer,115,2,1,Q2,115
VISA-0002184,1745107200000000000,2025-05-17,Brazil,Transit,Mumbai,4,2025,Spring,27,6,0,Q2,27
VISA-0002185,1699488000000000000,2023-12-21,Australia,Student,Johannesburg,11,2023,Autumn,42,3,0,Q4,42
VISA-0002186,1635897600000000000,2021-12-09,Kenya,Transit,Ottawa,11,2021,Autumn,36,2,0,Q4,36
VISA-0002187,1610582400000000000,2021-03-27,Brazil,Unknown,Sydney,1,2021,Winter,72,3,0,Q1,72
VISA-0002188,1615593600000000000,2021-05-26,Pakistan,Work,Singapore,3,2021,Spring,74,5,0,Q1,74
VISA-0002189,1662422400000000000,2022-10-20,Philippines,Tourist,Dubai,9,2022,Autumn,44,1,0,Q3,44
VISA-0002190,1681084800000000000,2023-05-22,UK,Tourist,Paris,4,2023,Spring,42,0,0,Q2,42
VISA-0002191,1735171200000000000,2025-02-17,Kenya,Dependent,Chennai,12,2024,Winter,53,3,1,Q4,53
VISA-0002192,1630627200000000000,2021-11-05,Pakistan,Work,Sydney,9,2021,Autumn,63,4,0,Q3,63
VISA-0002193,1741737600000000000,2025-05-01,France,Student,Sydney,3,2025,Spring,50,2,0,Q1,50
VISA-0002194,1646438400000000000,2022-04-08,Bangladesh,Business,Mumbai,3,2022,Spring,34,5,0,Q1,34
VISA-0002195,1631232000000000000,2021-10-14,Australia,Tourist,Ottawa,9,2021,Autumn,34,4,0,Q3,34
VISA-0002196,1719792000000000000,2024-08-09,Nigeria,Business,Singapore,7,2024,Summer,39,0,1,Q3,39
VISA-0002197,1731542400000000000,2024-12-20,Nigeria,Tourist,Johannesburg,11,2024,Autumn,36,3,0,Q4,36
VISA-0002198,1704758400000000000,2024-02-14,Nigeria,Dependent,Singapore,1,2024,Winter,36,1,0,Q1,36
VISA-0002199,1627689600000000000,2021-09-24,Kenya,Tourist,Johannesburg,7,2021,Summer,55,5,1,Q3,55
VISA-0002200,1627603200000000000,2021-09-15,Bangladesh,Tourist,Johannesburg,7,2021,Summer,47,4,1,Q3,47
VISA-0002201,1670889600000000000,2023-02-20,Canada,Work,Chennai,12,2022,Winter,69,1,1,Q4,69
VISA-0002202,1680480000000000000,2023-04-27,India,Tourist,Singapore,4,2023,Spring,24,0,0,Q2,24
VISA-0002203,1766880000000000000,2026-03-31,Pakistan,Dependent,Dubai,12,2025,Winter,93,6,1,Q4,93
VISA-0002204,1654560000000000000,2022-08-09,France,Work,Singapore,6,2022,Summer,63,1,1,Q2,63
VISA-0002205,1639785600000000000,2022-02-04,Philippines,Tourist,Berlin,12,2021,Winter,48,5,1,Q4,48
VISA-0002206,1758585600000000000,2025-10-27,Pakistan,Unknown,Mumbai,9,2025,Autumn,34,1,0,Q3,34
VISA-0002207,1633651200000000000,2021-12-03,France,Dependent,Dubai,10,2021,Autumn,56,4,0,Q4,56
VISA-0002208,1613606400000000000,2021-05-05,Pakistan,Work,Paris,2,2021,Winter,76,3,0,Q1,76
VISA-0002209,1676073600000000000,2023-04-26,Australia,Dependent,Mumbai,2,2023,Winter,74,5,0,Q1,74
VISA-0002210,1672617600000000000,2023-02-28,Bangladesh,Tourist,Sydney,1,2023,Winter,57,0,0,Q1,57
VISA-0002211,1707091200000000000,2024-04-03,Germany,Dependent,Berlin,2,2024,Winter,58,0,0,Q1,58
VISA-0002212,1747785600000000000,2025-06-27,Germany,Unknown,Sydney,5,2025,Spring,37,2,0,Q2,37
VISA-0002213,1756512000000000000,2025-11-20,Bangladesh,Work,Paris,8,2025,Summer,82,5,1,Q3,82
VISA-0002214,1655078400000000000,2022-09-20,India,Student,Mumbai,6,2022,Summer,99,0,1,Q2,99
VISA-0002215,1764028800000000000,2025-12-28,Nigeria,Tourist,London,11,2025,Autumn,33,1,0,Q4,33
VISA-0002216,1709164800000000000,2024-03-20,China,Transit,Johannesburg,2,2024,Winter,20,3,0,Q1,20
VISA-0002217,1620432000000000000,2021-06-07,Pakistan,Transit,Sydney,5,2021,Spring,30,5,0,Q2,30
VISA-0002218,1757376000000000000,2025-10-29,Canada,Student,Mumbai,9,2025,Autumn,50,1,0,Q3,50
VISA-0002219,1631145600000000000,2021-10-18,Pakistan,Dependent,Mumbai,9,2021,Autumn,39,3,0,Q3,39
VISA-0002220,1702252800000000000,2024-01-18,Brazil,Tourist,Dubai,12,2023,Winter,38,0,1,Q4,38
VISA-0002221,1734134400000000000,2025-02-05,India,Tourist,Johannesburg,12,2024,Winter,53,5,1,Q4,53
VISA-0002222,1648771200000000000,2022-05-26,China,Tourist,New Delhi,4,2022,Spring,55,4,0,Q2,55
VISA-0002223,1652054400000000000,2022-07-17,Unknown,Student,Mumbai,5,2022,Spring,69,0,0,Q2,69
VISA-0002224,1684540800000000000,2023-06-16,China,Tourist,Ottawa,5,2023,Spring,27,5,0,Q2,27
VISA-0002225,1748908800000000000,2025-07-30,France,Student,Unknown,6,2025,Summer,57,1,1,Q2,57
VISA-0002226,1644710400000000000,2022-03-23,Germany,Tourist,Mumbai,2,2022,Winter,38,6,0,Q1,38
VISA-0002227,1714003200000000000,2024-05-23,UK,Business,London,4,2024,Spring,28,3,0,Q2,28
VISA-0002228,1680739200000000000,2023-05-10,Unknown,Dependent,Berlin,4,2023,Spring,34,3,0,Q2,34
VISA-0002229,1627084800000000000,2021-09-21,France,Work,Singapore,7,2021,Summer,59,5,1,Q3,59
VISA-0002230,1721520000000000000,2024-08-25,Bangladesh,Tourist,London,7,2024,Summer,35,6,1,Q3,35
VISA-0002231,1740700800000000000,2025-03-29,Nigeria,Business,Berlin,2,2025,Winter,29,4,0,Q1,29
VISA-0002232,1700179200000000000,2023-12-15,India,Tourist,Singapore,11,2023,Autumn,28,4,0,Q4,28
VISA-0002233,1637193600000000000,2021-12-24,Pakistan,Business,New Delhi,11,2021,Autumn,36,3,0,Q4,36
VISA-0002234,1633996800000000000,2021-12-13,France,Work,Singapore,10,2021,Autumn,62,1,0,Q4,62
VISA-0002235,1676160000000000000,2023-04-06,India,Unknown,Chennai,2,2023,Winter,53,6,0,Q1,53
VISA-0002236,1689292800000000000,2023-08-02,India,Tourist,Berlin,7,2023,Summer,19,4,1,Q3,19
VISA-0002237,1696464000000000000,2023-11-10,Nigeria,Business,Paris,10,2023,Autumn,36,3,0,Q4,36
VISA-0002238,1647820800000000000,2022-05-05,Pakistan,Dependent,Singapore,3,2022,Spring,45,0,0,Q1,45
VISA-0002239,1688342400000000000,2023-09-21,Philippines,Work,Ottawa,7,2023,Summer,80,0,1,Q3,80
VISA-0002240,1655942400000000000,2022-07-22,Nigeria,Transit,Berlin,6,2022,Summer,29,3,1,Q2,29
VISA-0002241,1717632000000000000,2024-08-02,Mexico,Dependent,New Delhi,6,2024,Summer,57,3,1,Q2,57
VISA-0002242,1734998400000000000,2025-02-02,India,Tourist,Ottawa,12,2024,Winter,40,1,1,Q4,40
VISA-0002243,1712361600000000000,2024-07-01,India,Business,Johannesburg,4,2024,Spring,86,5,0,Q2,86
VISA-0002244,1609632000000000000,2021-02-19,China,Tourist,Mumbai,1,2021,Winter,47,6,0,Q1,47
VISA-0002245,1765843200000000000,2026-02-06,UK,Student,Mumbai,12,2025,Winter,52,1,1,Q4,52
VISA-0002246,1613174400000000000,2021-03-13,France,Tourist,Berlin,2,2021,Winter,28,5,0,Q1,28
VISA-0002247,1766966400000000000,2026-01-20,Philippines,Transit,Sydney,12,2025,Winter,22,0,1,Q4,22
VISA-0002248,1614384000000000000,2021-04-19,China,Unknown,Sydney,2,2021,Winter,51,5,0,Q1,51
VISA-0002249,1690848000000000000,2023-09-05,Nigeria,Tourist,Chennai,8,2023,Summer,35,1,1,Q3,35
VISA-0002250,1626134400000000000,2021-09-17,Kenya,Student,Mumbai,7,2021,Summer,66,1,1,Q3,66
VISA-0002251,1624406400000000000,2021-08-31,Unknown,Student,Paris,6,2021,Summer,69,2,1,Q2,69
VISA-0002252,1717200000000000000,2024-07-12,Philippines,Business,London,6,2024,Summer,41,5,1,Q2,41
VISA-0002253,1724198400000000000,2024-10-07,Pakistan,Dependent,Paris,8,2024,Summer,47,2,1,Q3,47
VISA-0002254,1628035200000000000,2021-09-05,Brazil,Tourist,Ottawa,8,2021,Summer,32,2,1,Q3,32
VISA-0002255,1763424000000000000,2026-01-05,Philippines,Student,Ottawa,11,2025,Autumn,48,1,0,Q4,48
VISA-0002256,1659916800000000000,2022-10-13,Philippines,Work,Chennai,8,2022,Summer,66,0,1,Q3,66
VISA-0002257,1659571200000000000,2022-09-27,Philippines,Student,Berlin,8,2022,Summer,54,3,1,Q3,54
VISA-0002258,1682121600000000000,2023-06-07,Germany,Student,London,4,2023,Spring,46,5,0,Q2,46
VISA-0002259,1676419200000000000,2023-03-20,Unknown,Tourist,Singapore,2,2023,Winter,33,2,0,Q1,33
VISA-0002260,1642550400000000000,2022-05-13,India,Tourist,Ottawa,1,2022,Winter,114,2,0,Q1,114
VISA-0002261,1617494400000000000,2021-06-01,India,Student,Paris,4,2021,Spring,58,6,0,Q2,58
VISA-0002262,1667520000000000000,2023-01-16,Nigeria,Dependent,Sydney,11,2022,Autumn,73,4,0,Q4,73
VISA-0002263,1715385600000000000,2024-06-06,Australia,Tourist,Ottawa,5,2024,Spring,26,5,0,Q2,26
VISA-0002264,1729728000000000000,2024-11-28,India,Tourist,Ottawa,10,2024,Autumn,35,3,0,Q4,35
VISA-0002265,1665100800000000000,2022-11-08,India,Business,Ottawa,10,2022,Autumn,32,4,0,Q4,32
VISA-0002266,1660435200000000000,2022-10-07,UK,Dependent,Sydney,8,2022,Summer,54,6,1,Q3,54
VISA-0002267,1733616000000000000,2025-02-04,Philippines,Student,Singapore,12,2024,Winter,58,6,1,Q4,58
VISA-0002268,1716854400000000000,2024-06-24,Mexico,Tourist,Berlin,5,2024,Spring,27,1,0,Q2,27
VISA-0002269,1740614400000000000,2025-05-07,Canada,Work,New Delhi,2,2025,Winter,69,3,0,Q1,69
VISA-0002270,1752278400000000000,2025-09-07,UK,Student,New Delhi,7,2025,Summer,57,5,1,Q3,57
VISA-0002271,1738886400000000000,2025-04-06,Pakistan,Work,New Delhi,2,2025,Winter,58,4,0,Q1,58
VISA-0002272,1675123200000000000,2023-03-13,Bangladesh,Tourist,Berlin,1,2023,Winter,41,1,0,Q1,41
VISA-0002273,1671667200000000000,2023-03-17,Mexico,Tourist,Chennai,12,2022,Winter,85,3,1,Q4,85
VISA-0002274,1660089600000000000,2022-10-08,Pakistan,Tourist,Ottawa,8,2022,Summer,59,2,1,Q3,59
VISA-0002275,1646524800000000000,2022-05-05,Australia,Work,Singapore,3,2022,Spring,60,6,0,Q1,60
VISA-0002276,1727481600000000000,2024-11-03,Brazil,Student,Mumbai,9,2024,Autumn,36,5,0,Q3,36
VISA-0002277,1722038400000000000,2024-08-21,Nigeria,Tourist,Mumbai,7,2024,Summer,25,5,1,Q3,25
VISA-0002278,1735776000000000000,2025-02-19,Canada,Student,New Delhi,1,2025,Winter,48,3,0,Q1,48
VISA-0002279,1635811200000000000,2021-12-27,Bangladesh,Business,London,11,2021,Autumn,55,1,0,Q4,55
VISA-0002280,1686873600000000000,2023-07-30,India,Tourist,New Delhi,6,2023,Summer,44,4,1,Q2,44
VISA-0002281,1644451200000000000,2022-04-15,Mexico,Work,Dubai,2,2022,Winter,64,3,0,Q1,64
VISA-0002282,1750204800000000000,2025-08-21,UK,Work,Paris,6,2025,Summer,64,2,1,Q2,64
VISA-0002283,1651622400000000000,2022-06-30,India,Student,Chennai,5,2022,Spring,57,2,0,Q2,57
VISA-0002284,1632096000000000000,2021-10-15,Kenya,Transit,Sydney,9,2021,Autumn,25,0,0,Q3,25
VISA-0002285,1699315200000000000,2023-12-27,Nigeria,Dependent,London,11,2023,Autumn,50,1,0,Q4,50
VISA-0002286,1748044800000000000,2025-07-01,Nigeria,Tourist,New Delhi,5,2025,Spring,38,5,0,Q2,38
VISA-0002287,1753833600000000000,2025-08-25,Pakistan,Tourist,Sydney,7,2025,Summer,26,2,1,Q3,26
VISA-0002288,1624579200000000000,2021-08-14,Bangladesh,Tourist,Berlin,6,2021,Summer,50,4,1,Q2,50
VISA-0002289,1660780800000000000,2022-09-29,Philippines,Tourist,Chennai,8,2022,Summer,42,3,1,Q3,42
VISA-0002290,1633651200000000000,2021-11-27,Australia,Student,Paris,10,2021,Autumn,50,4,0,Q4,50
VISA-0002291,1657929600000000000,2022-09-09,Kenya,Dependent,Johannesburg,7,2022,Summer,55,5,1,Q3,55
VISA-0002292,1693612800000000000,2023-10-13,Canada,Dependent,New Delhi,9,2023,Autumn,41,5,0,Q3,41
VISA-0002293,1653696000000000000,2022-07-01,UK,Tourist,Mumbai,5,2022,Spring,34,5,0,Q2,34
VISA-0002294,1620086400000000000,2021-06-17,Brazil,Student,London,5,2021,Spring,44,1,0,Q2,44
VISA-0002295,1689811200000000000,2023-08-26,Kenya,Tourist,Singapore,7,2023,Summer,37,3,1,Q3,37
VISA-0002296,1617753600000000000,2021-06-04,Mexico,Student,Mumbai,4,2021,Spring,58,2,0,Q2,58
VISA-0002297,1645142400000000000,2022-03-31,Brazil,Tourist,Sydney,2,2022,Winter,41,4,0,Q1,41
VISA-0002298,1609459200000000000,2021-02-16,UK,Dependent,Sydney,1,2021,Winter,46,4,0,Q1,46
VISA-0002299,1623110400000000000,2021-07-29,France,Dependent,Mumbai,6,2021,Summer,51,1,1,Q2,51
VISA-0002300,1678233600000000000,2023-04-12,China,Tourist,New Delhi,3,2023,Spring,35,2,0,Q1,35
VISA-0002301,1743552000000000000,2025-06-02,Pakistan,Work,Mumbai,4,2025,Spring,61,2,0,Q2,61
VISA-0002302,1731542400000000000,2024-12-30,Brazil,Work,New Delhi,11,2024,Autumn,46,3,0,Q4,46
VISA-0002303,1625011200000000000,2021-08-17,Bangladesh,Business,Sydney,6,2021,Summer,48,2,1,Q2,48
VISA-0002304,1614902400000000000,2021-05-01,Pakistan,Student,Johannesburg,3,2021,Spring,57,4,0,Q1,57
VISA-0002305,1662768000000000000,2022-10-29,Kenya,Tourist,London,9,2022,Autumn,49,5,0,Q3,49
VISA-0002306,1712275200000000000,2024-06-08,Kenya,Work,Chennai,4,2024,Spring,64,4,0,Q2,64
VISA-0002307,1727136000000000000,2024-10-23,UK,Tourist,Chennai,9,2024,Autumn,29,1,0,Q3,29
VISA-0002308,1739232000000000000,2025-04-08,Unknown,Work,Johannesburg,2,2025,Winter,56,1,0,Q1,56
VISA-0002309,1663372800000000000,2022-10-14,Australia,Tourist,Johannesburg,9,2022,Autumn,27,5,0,Q3,27
VISA-0002310,1635897600000000000,2021-12-26,Canada,Work,Berlin,11,2021,Autumn,53,2,0,Q4,53
VISA-0002311,1613606400000000000,2021-03-28,Germany,Business,Sydney,2,2021,Winter,38,3,0,Q1,38
VISA-0002312,1632614400000000000,2021-10-28,Germany,Tourist,Mumbai,9,2021,Autumn,32,6,0,Q3,32
VISA-0002313,1619654400000000000,2021-06-29,China,Student,Johannesburg,4,2021,Spring,61,3,0,Q2,61
VISA-0002314,1745107200000000000,2025-05-25,Australia,Business,New Delhi,4,2025,Spring,35,6,0,Q2,35
VISA-0002315,1651708800000000000,2022-06-10,UK,Tourist,Mumbai,5,2022,Spring,36,3,0,Q2,36
VISA-0002316,1739232000000000000,2025-04-13,Brazil,Work,Berlin,2,2025,Winter,61,1,0,Q1,61
VISA-0002317,1696636800000000000,2023-12-04,Philippines,Work,Chennai,10,2023,Autumn,58,5,0,Q4,58
VISA-0002318,1694390400000000000,2023-11-06,Philippines,Student,Mumbai,9,2023,Autumn,56,0,0,Q3,56
VISA-0002319,1681084800000000000,2023-05-25,Australia,Dependent,Dubai,4,2023,Spring,45,0,0,Q2,45
VISA-0002320,1738627200000000000,2025-04-07,Kenya,Student,New Delhi,2,2025,Winter,62,1,0,Q1,62
VISA-0002321,1616284800000000000,2021-06-04,France,Work,Chennai,3,2021,Spring,75,6,0,Q1,75
VISA-0002322,1624060800000000000,2021-09-03,UK,Tourist,Berlin,6,2021,Summer,76,5,1,Q2,76
VISA-0002323,1676160000000000000,2023-03-17,China,Tourist,Chennai,2,2023,Winter,33,6,0,Q1,33
VISA-0002324,1671580800000000000,2023-01-17,Australia,Unknown,Paris,12,2022,Winter,27,2,1,Q4,27
VISA-0002325,1695427200000000000,2023-11-09,China,Dependent,Mumbai,9,2023,Autumn,47,5,0,Q3,47
VISA-0002326,1725753600000000000,2024-10-19,Canada,Dependent,Dubai,9,2024,Autumn,41,6,0,Q3,41
VISA-0002327,1702080000000000000,2024-03-01,India,Business,New Delhi,12,2023,Winter,83,5,1,Q4,83
VISA-0002328,1649980800000000000,2022-05-20,Kenya,Tourist,Paris,4,2022,Spring,35,4,0,Q2,35
VISA-0002329,1661040000000000000,2022-10-30,Philippines,Student,Paris,8,2022,Summer,70,6,1,Q3,70
VISA-0002330,1728086400000000000,2024-11-08,Mexico,Business,Paris,10,2024,Autumn,34,5,0,Q4,34
VISA-0002331,1641168000000000000,2022-05-23,China,Work,Unknown,1,2022,Winter,140,0,0,Q1,140
VISA-0002332,1688947200000000000,2023-09-05,Nigeria,Tourist,Chennai,7,2023,Summer,57,0,1,Q3,57
VISA-0002333,1694390400000000000,2023-10-13,Germany,Dependent,Johannesburg,9,2023,Autumn,32,0,0,Q3,32
VISA-0002334,1727740800000000000,2024-11-02,Kenya,Tourist,Paris,10,2024,Autumn,32,1,0,Q4,32
VISA-0002335,1722038400000000000,2024-09-09,Pakistan,Tourist,Chennai,7,2024,Summer,44,5,1,Q3,44
VISA-0002336,1682726400000000000,2023-06-24,Unknown,Dependent,New Delhi,4,2023,Spring,56,5,0,Q2,56
VISA-0002337,1658188800000000000,2022-09-06,France,Student,London,7,2022,Summer,49,1,1,Q3,49
VISA-0002338,1667433600000000000,2023-02-16,Australia,Student,Berlin,11,2022,Autumn,105,3,0,Q4,105
VISA-0002339,1674345600000000000,2023-03-21,Mexico,Work,Ottawa,1,2023,Winter,58,6,0,Q1,58
VISA-0002340,1644019200000000000,2022-03-11,Kenya,Transit,Paris,2,2022,Winter,34,5,0,Q1,34
VISA-0002341,1708041600000000000,2024-03-18,Pakistan,Tourist,Sydney,2,2024,Winter,31,4,0,Q1,31
VISA-0002342,1642291200000000000,2022-02-28,Kenya,Business,Johannesburg,1,2022,Winter,43,6,0,Q1,43
VISA-0002343,1711670400000000000,2024-04-26,China,Tourist,Singapore,3,2024,Spring,28,4,0,Q1,28
VISA-0002344,1727913600000000000,2024-11-01,China,Tourist,Sydney,10,2024,Autumn,29,3,0,Q4,29
VISA-0002345,1761091200000000000,2025-12-01,Australia,Student,Singapore,10,2025,Autumn,40,2,0,Q4,40
VISA-0002346,1628208000000000000,2021-09-29,UK,Student,Ottawa,8,2021,Summer,54,4,1,Q3,54
VISA-0002347,1729209600000000000,2024-11-02,Canada,Tourist,New Delhi,10,2024,Autumn,15,4,0,Q4,15
VISA-0002348,1622937600000000000,2021-08-05,Australia,Student,London,6,2021,Summer,60,6,1,Q2,60
VISA-0002349,1662595200000000000,2022-11-06,China,Work,Ottawa,9,2022,Autumn,59,3,0,Q3,59
VISA-0002350,1637193600000000000,2022-01-18,UK,Work,Johannesburg,11,2021,Autumn,61,3,0,Q4,61
VISA-0002351,1635033600000000000,2021-12-04,Canada,Business,Singapore,10,2021,Autumn,41,6,0,Q4,41
VISA-0002352,1637107200000000000,2022-01-15,India,Dependent,Mumbai,11,2021,Autumn,59,2,0,Q4,59
VISA-0002353,1616371200000000000,2021-05-11,France,Student,New Delhi,3,2021,Spring,50,0,0,Q1,50
VISA-0002354,1739232000000000000,2025-03-29,France,Student,Sydney,2,2025,Winter,46,1,0,Q1,46
VISA-0002355,1619049600000000000,2021-06-16,China,Student,Sydney,4,2021,Spring,55,3,0,Q2,55
VISA-0002356,1672272000000000000,2023-03-12,China,Work,Paris,12,2022,Winter,73,3,1,Q4,73
VISA-0002357,1719619200000000000,2024-08-01,Bangladesh,Tourist,Chennai,6,2024,Summer,33,5,1,Q2,33
VISA-0002358,1765584000000000000,2026-01-23,India,Tourist,Paris,12,2025,Winter,41,5,1,Q4,41
VISA-0002359,1744070400000000000,2025-05-04,Germany,Tourist,Ottawa,4,2025,Spring,26,1,0,Q2,26
VISA-0002360,1631059200000000000,2021-11-01,Australia,Student,London,9,2021,Autumn,54,2,0,Q3,54
VISA-0002361,1765152000000000000,2025-12-25,Germany,Transit,Ottawa,12,2025,Winter,17,0,1,Q4,17
VISA-0002362,1712448000000000000,2024-05-28,Mexico,Work,Johannesburg,4,2024,Spring,51,6,0,Q2,51
VISA-0002363,1637712000000000000,2022-01-17,Canada,Student,Ottawa,11,2021,Autumn,54,2,0,Q4,54
VISA-0002364,1680134400000000000,2023-06-02,UK,Work,Dubai,3,2023,Spring,64,3,0,Q1,64
VISA-0002365,1754179200000000000,2025-10-12,India,Work,Singapore,8,2025,Summer,70,6,1,Q3,70
VISA-0002366,1671408000000000000,2023-02-25,Pakistan,Student,New Delhi,12,2022,Winter,68,0,1,Q4,68
VISA-0002367,1638403200000000000,2022-02-12,Philippines,Student,Sydney,12,2021,Winter,72,3,1,Q4,72
VISA-0002368,1747440000000000000,2025-07-01,Germany,Work,Berlin,5,2025,Spring,45,5,0,Q2,45
VISA-0002369,1759708800000000000,2025-10-23,Canada,Tourist,Singapore,10,2025,Autumn,17,0,0,Q4,17
VISA-0002370,1763251200000000000,2026-01-11,Germany,Student,New Delhi,11,2025,Autumn,56,6,0,Q4,56
VISA-0002371,1760140800000000000,2025-11-22,UK,Student,Berlin,10,2025,Autumn,42,5,0,Q4,42
VISA-0002372,1747008000000000000,2025-06-21,Mexico,Business,Paris,5,2025,Spring,40,0,0,Q2,40
VISA-0002373,1681084800000000000,2023-05-01,Brazil,Transit,London,4,2023,Spring,21,0,0,Q2,21
VISA-0002374,1639699200000000000,2022-01-22,India,Business,Paris,12,2021,Winter,36,4,1,Q4,36
VISA-0002375,1706745600000000000,2024-03-24,Philippines,Student,Sydney,2,2024,Winter,52,3,0,Q1,52
VISA-0002376,1644192000000000000,2022-03-18,Mexico,Tourist,Berlin,2,2022,Winter,39,0,0,Q1,39
VISA-0002377,1684022400000000000,2023-07-24,China,Work,Ottawa,5,2023,Spring,71,6,0,Q2,71
VISA-0002378,1712880000000000000,2024-05-23,Pakistan,Dependent,Mumbai,4,2024,Spring,41,4,0,Q2,41
VISA-0002379,1758672000000000000,2025-11-08,Pakistan,Dependent,Singapore,9,2025,Autumn,45,2,0,Q3,45
VISA-0002380,1654992000000000000,2022-07-30,China,Business,Chennai,6,2022,Summer,48,6,1,Q2,48
VISA-0002381,1649116800000000000,2022-05-15,Canada,Tourist,Chennai,4,2022,Spring,40,1,0,Q2,40
VISA-0002382,1725235200000000000,2024-10-03,China,Business,Singapore,9,2024,Autumn,31,0,0,Q3,31
VISA-0002383,1610409600000000000,2021-03-09,UK,Dependent,Johannesburg,1,2021,Winter,56,1,0,Q1,56
VISA-0002384,1698710400000000000,2023-12-16,Brazil,Work,Dubai,10,2023,Autumn,46,1,0,Q4,46
VISA-0002385,1727049600000000000,2024-11-16,India,Work,Dubai,9,2024,Autumn,54,0,0,Q3,54
VISA-0002386,1696291200000000000,2023-11-05,Canada,Student,London,10,2023,Autumn,33,1,0,Q4,33
VISA-0002387,1669939200000000000,2023-02-18,Kenya,Work,Dubai,12,2022,Winter,78,4,1,Q4,78
VISA-0002388,1740096000000000000,2025-04-05,Mexico,Tourist,Dubai,2,2025,Winter,43,4,0,Q1,43
VISA-0002389,1667952000000000000,2022-11-28,UK,Tourist,Sydney,11,2022,Autumn,19,2,0,Q4,19
VISA-0002390,1721433600000000000,2024-08-23,Philippines,Business,Berlin,7,2024,Summer,34,5,1,Q3,34
VISA-0002391,1682640000000000000,2023-06-11,Canada,Dependent,Dubai,4,2023,Spring,44,4,0,Q2,44
VISA-0002392,1613606400000000000,2021-03-31,Brazil,Dependent,Singapore,2,2021,Winter,41,3,0,Q1,41
VISA-0002393,1693094400000000000,2023-10-06,India,Tourist,Berlin,8,2023,Summer,40,6,1,Q3,40
VISA-0002394,1617235200000000000,2021-05-06,Germany,Tourist,Ottawa,4,2021,Spring,35,3,0,Q2,35
VISA-0002395,1756166400000000000,2025-09-28,Brazil,Tourist,Berlin,8,2025,Summer,33,1,1,Q3,33
VISA-0002396,1704240000000000000,2024-02-20,Philippines,Dependent,Chennai,1,2024,Winter,48,2,0,Q1,48
VISA-0002397,1668038400000000000,2023-01-03,Canada,Work,Chennai,11,2022,Autumn,54,3,0,Q4,54
VISA-0002398,1686096000000000000,2023-07-06,France,Transit,Singapore,6,2023,Summer,29,2,1,Q2,29
VISA-0002399,1707091200000000000,2024-03-03,Mexico,Tourist,Dubai,2,2024,Winter,27,0,0,Q1,27
VISA-0002400,1650412800000000000,2022-06-26,Pakistan,Work,New Delhi,4,2022,Spring,67,2,0,Q2,67
VISA-0002401,1654905600000000000,2022-07-14,Australia,Unknown,London,6,2022,Summer,33,5,1,Q2,33
VISA-0002402,1675468800000000000,2023-03-21,UK,Tourist,Johannesburg,2,2023,Winter,45,5,0,Q1,45
VISA-0002403,1650153600000000000,2022-05-07,Bangladesh,Transit,Berlin,4,2022,Spring,20,6,0,Q2,20
VISA-0002404,1728950400000000000,2024-12-04,Australia,Work,Singapore,10,2024,Autumn,50,1,0,Q4,50
VISA-0002405,1625788800000000000,2021-08-24,Canada,Tourist,Dubai,7,2021,Summer,46,4,1,Q3,46
VISA-0002406,1739750400000000000,2025-03-17,Kenya,Tourist,New Delhi,2,2025,Winter,28,0,0,Q1,28
VISA-0002407,1664409600000000000,2022-11-11,Pakistan,Dependent,Mumbai,9,2022,Autumn,43,3,0,Q3,43
VISA-0002408,1697932800000000000,2023-12-14,Nigeria,Work,Mumbai,10,2023,Autumn,53,6,0,Q4,53
VISA-0002409,1634256000000000000,2021-11-23,Mexico,Business,Paris,10,2021,Autumn,39,4,0,Q4,39
VISA-0002410,1670198400000000000,2023-01-18,Germany,Business,Paris,12,2022,Winter,44,0,1,Q4,44
VISA-0002411,1728432000000000000,2024-11-30,Kenya,Student,Sydney,10,2024,Autumn,52,2,0,Q4,52
VISA-0002412,1652140800000000000,2022-06-23,UK,Business,Berlin,5,2022,Spring,44,1,0,Q2,44
VISA-0002413,1630281600000000000,2021-10-27,India,Dependent,Dubai,8,2021,Summer,58,0,1,Q3,58
VISA-0002414,1691712000000000000,2023-09-19,Philippines,Tourist,Paris,8,2023,Summer,39,4,1,Q3,39
VISA-0002415,1635033600000000000,2021-12-05,Germany,Business,Berlin,10,2021,Autumn,42,6,0,Q4,42
VISA-0002416,1659052800000000000,2022-08-29,Nigeria,Tourist,Sydney,7,2022,Summer,31,4,1,Q3,31
VISA-0002417,1680480000000000000,2023-05-05,Germany,Tourist,Berlin,4,2023,Spring,32,0,0,Q2,32
VISA-0002418,1698364800000000000,2023-12-21,UK,Student,London,10,2023,Autumn,55,4,0,Q4,55
VISA-0002419,1710201600000000000,2024-06-16,India,Dependent,Paris,3,2024,Spring,96,1,0,Q1,96
VISA-0002420,1716076800000000000,2024-06-28,Pakistan,Tourist,Johannesburg,5,2024,Spring,40,6,0,Q2,40
VISA-0002421,1742515200000000000,2025-04-29,Canada,Student,Chennai,3,2025,Spring,39,4,0,Q1,39
VISA-0002422,1619827200000000000,2021-07-02,Philippines,Work,Berlin,5,2021,Spring,62,5,0,Q2,62
VISA-0002423,1666569600000000000,2022-12-08,Nigeria,Tourist,Mumbai,10,2022,Autumn,45,0,0,Q4,45
VISA-0002424,1609545600000000000,2021-02-17,France,Business,Ottawa,1,2021,Winter,46,5,0,Q1,46
VISA-0002425,1610928000000000000,2021-05-04,Australia,Dependent,Berlin,1,2021,Winter,106,0,0,Q1,106
VISA-0002426,1642896000000000000,2022-03-05,Philippines,Tourist,London,1,2022,Winter,41,6,0,Q1,41
VISA-0002427,1703721600000000000,2024-02-07,Pakistan,Tourist,Chennai,12,2023,Winter,41,3,1,Q4,41
VISA-0002428,1750464000000000000,2025-07-19,Bangladesh,Transit,Ottawa,6,2025,Summer,28,5,1,Q2,28
VISA-0002429,1731369600000000000,2024-12-09,UK,Tourist,Mumbai,11,2024,Autumn,27,1,0,Q4,27
VISA-0002430,1711324800000000000,2024-05-06,Bangladesh,Tourist,Dubai,3,2024,Spring,42,0,0,Q1,42
VISA-0002431,1732147200000000000,2024-11-22,Germany,Transit,Mumbai,11,2024,Autumn,1,3,0,Q4,1
VISA-0002432,1636502400000000000,2021-12-25,Kenya,Dependent,London,11,2021,Autumn,45,2,0,Q4,45
VISA-0002433,1741824000000000000,2025-04-20,France,Work,London,3,2025,Spring,38,3,0,Q1,38
VISA-0002434,1749772800000000000,2025-08-21,China,Work,Johannesburg,6,2025,Summer,69,4,1,Q2,69
VISA-0002435,1624406400000000000,2021-08-25,Philippines,Dependent,Johannesburg,6,2021,Summer,63,2,1,Q2,63
VISA-0002436,1683504000000000000,2023-07-03,Philippines,Work,New Delhi,5,2023,Spring,56,0,0,Q2,56
VISA-0002437,1740268800000000000,2025-06-19,Pakistan,Work,Mumbai,2,2025,Winter,116,6,0,Q1,116
VISA-0002438,1684454400000000000,2023-07-08,Pakistan,Dependent,Paris,5,2023,Spring,50,4,0,Q2,50
VISA-0002439,1741910400000000000,2025-04-23,Germany,Work,London,3,2025,Spring,40,4,0,Q1,40
VISA-0002440,1756944000000000000,2025-10-18,Nigeria,Student,Berlin,9,2025,Autumn,44,3,0,Q3,44
VISA-0002441,1684281600000000000,2023-07-12,Mexico,Student,Johannesburg,5,2023,Spring,56,2,0,Q2,56
VISA-0002442,1618790400000000000,2021-06-10,Philippines,Student,Mumbai,4,2021,Spring,52,0,0,Q2,52
VISA-0002443,1663027200000000000,2022-11-04,France,Student,Johannesburg,9,2022,Autumn,52,1,0,Q3,52
VISA-0002444,1643328000000000000,2022-04-08,Brazil,Student,New Delhi,1,2022,Winter,70,4,0,Q1,70
VISA-0002445,1684195200000000000,2023-07-12,India,Student,Chennai,5,2023,Spring,57,1,0,Q2,57
VISA-0002446,1701820800000000000,2024-01-20,Kenya,Business,Sydney,12,2023,Winter,45,2,1,Q4,45
VISA-0002447,1682553600000000000,2023-06-05,Canada,Student,Singapore,4,2023,Spring,39,3,0,Q2,39
VISA-0002448,1640217600000000000,2022-03-29,Bangladesh,Tourist,Dubai,12,2021,Winter,96,3,1,Q4,96
VISA-0002449,1656892800000000000,2022-09-29,France,Tourist,Mumbai,7,2022,Summer,87,0,1,Q3,87
VISA-0002450,1716595200000000000,2024-08-10,Mexico,Tourist,Chennai,5,2024,Spring,77,5,0,Q2,77
VISA-0002451,1613692800000000000,2021-04-04,Brazil,Business,Paris,2,2021,Winter,44,4,0,Q1,44
VISA-0002452,1643155200000000000,2022-03-25,Mexico,Student,Dubai,1,2022,Winter,58,2,0,Q1,58
VISA-0002453,1750118400000000000,2025-07-14,Canada,Tourist,New Delhi,6,2025,Summer,27,1,1,Q2,27
VISA-0002454,1625011200000000000,2021-08-11,Canada,Business,Sydney,6,2021,Summer,42,2,1,Q2,42
VISA-0002455,1674777600000000000,2023-02-25,Canada,Tourist,Ottawa,1,2023,Winter,29,4,0,Q1,29
VISA-0002456,1642032000000000000,2022-03-11,Philippines,Tourist,New Delhi,1,2022,Winter,57,3,0,Q1,57
VISA-0002457,1625875200000000000,2021-08-25,Pakistan,Business,Chennai,7,2021,Summer,46,5,1,Q3,46
VISA-0002458,1676073600000000000,2023-04-18,India,Work,Johannesburg,2,2023,Winter,66,5,0,Q1,66
VISA-0002459,1691625600000000000,2023-09-17,France,Business,Berlin,8,2023,Summer,38,3,1,Q3,38
VISA-0002460,1637193600000000000,2021-12-31,UK,Dependent,New Delhi,11,2021,Autumn,43,3,0,Q4,43
VISA-0002461,1621641600000000000,2021-07-05,India,Dependent,New Delhi,5,2021,Spring,44,5,0,Q2,44
VISA-0002462,1630627200000000000,2021-10-01,France,Tourist,London,9,2021,Autumn,28,4,0,Q3,28
VISA-0002463,1712188800000000000,2024-05-06,India,Business,Sydney,4,2024,Spring,32,3,0,Q2,32
VISA-0002464,1745107200000000000,2025-06-04,Pakistan,Work,Ottawa,4,2025,Spring,45,6,0,Q2,45
VISA-0002465,1637884800000000000,2022-01-02,Philippines,Unknown,Berlin,11,2021,Autumn,37,4,0,Q4,37
VISA-0002466,1659916800000000000,2022-09-30,Pakistan,Dependent,Mumbai,8,2022,Summer,53,0,1,Q3,53
VISA-0002467,1663632000000000000,2022-11-14,Kenya,Student,New Delhi,9,2022,Autumn,55,1,0,Q3,55
VISA-0002468,1666310400000000000,2022-12-05,Australia,Dependent,Berlin,10,2022,Autumn,45,4,0,Q4,45
VISA-0002469,1647907200000000000,2022-05-22,Mexico,Work,Singapore,3,2022,Spring,61,1,0,Q1,61
VISA-0002470,1618099200000000000,2021-06-15,Bangladesh,Student,Mumbai,4,2021,Spring,65,6,0,Q2,65
VISA-0002471,1692230400000000000,2023-09-29,Kenya,Tourist,London,8,2023,Summer,43,3,1,Q3,43
VISA-0002472,1665792000000000000,2022-11-25,Unknown,Dependent,Dubai,10,2022,Autumn,41,5,0,Q4,41
VISA-0002473,1663372800000000000,2022-11-18,Australia,Work,Mumbai,9,2022,Autumn,62,5,0,Q3,62
VISA-0002474,1651190400000000000,2022-05-20,Philippines,Tourist,Singapore,4,2022,Spring,21,4,0,Q2,21
VISA-0002475,1755993600000000000,2025-10-04,Mexico,Tourist,Chennai,8,2025,Summer,41,6,1,Q3,41
VISA-0002476,1705708800000000000,2024-03-02,Pakistan,Business,Sydney,1,2024,Winter,42,5,0,Q1,42
VISA-0002477,1675468800000000000,2023-03-12,France,Tourist,London,2,2023,Winter,36,5,0,Q1,36
VISA-0002478,1641772800000000000,2022-03-25,Kenya,Work,Berlin,1,2022,Winter,74,0,0,Q1,74
VISA-0002479,1735776000000000000,2025-03-04,UK,Unknown,Chennai,1,2025,Winter,61,3,0,Q1,61
VISA-0002480,1749513600000000000,2025-07-11,UK,Tourist,Mumbai,6,2025,Summer,31,1,1,Q2,31
VISA-0002481,1755993600000000000,2025-11-07,Pakistan,Work,Sydney,8,2025,Summer,75,6,1,Q3,75
VISA-0002482,1719705600000000000,2024-07-17,Brazil,Tourist,Singapore,6,2024,Summer,17,6,1,Q2,17
VISA-0002483,1625184000000000000,2021-09-06,Nigeria,Dependent,Unknown,7,2021,Summer,66,4,1,Q3,66
VISA-0002484,1728172800000000000,2024-11-29,Philippines,Dependent,Paris,10,2024,Autumn,54,6,0,Q4,54
VISA-0002485,1626393600000000000,2021-08-20,France,Tourist,Ottawa,7,2021,Summer,35,4,1,Q3,35
VISA-0002486,1617408000000000000,2021-05-29,Pakistan,Student,Mumbai,4,2021,Spring,56,5,0,Q2,56
VISA-0002487,1627603200000000000,2021-09-18,France,Student,Ottawa,7,2021,Summer,50,4,1,Q3,50
VISA-0002488,1681948800000000000,2023-05-10,India,Transit,Johannesburg,4,2023,Spring,20,3,0,Q2,20
VISA-0002489,1707091200000000000,2024-03-21,Germany,Student,Paris,2,2024,Winter,45,0,0,Q1,45
VISA-0002490,1673654400000000000,2023-03-16,Pakistan,Work,Berlin,1,2023,Winter,61,5,0,Q1,61
VISA-0002491,1628640000000000000,2021-10-05,Kenya,Dependent,London,8,2021,Summer,55,2,1,Q3,55
VISA-0002492,1640822400000000000,2022-02-17,Philippines,Tourist,Unknown,12,2021,Winter,49,3,1,Q4,49
VISA-0002493,1743811200000000000,2025-06-08,Philippines,Work,Dubai,4,2025,Spring,64,5,0,Q2,64
VISA-0002494,1761177600000000000,2025-11-18,China,Tourist,Berlin,10,2025,Autumn,26,3,0,Q4,26
VISA-0002495,1728345600000000000,2024-12-26,France,Work,Singapore,10,2024,Autumn,79,1,0,Q4,79
VISA-0002496,1625702400000000000,2021-09-09,UK,Student,Berlin,7,2021,Summer,63,3,1,Q3,63
VISA-0002497,1738713600000000000,2025-02-22,Australia,Transit,Chennai,2,2025,Winter,17,2,0,Q1,17
VISA-0002498,1718496000000000000,2024-08-24,China,Student,Chennai,6,2024,Summer,69,6,1,Q2,69
VISA-0002499,1692403200000000000,2023-09-15,Canada,Tourist,Dubai,8,2023,Summer,27,5,1,Q3,27
VISA-0002500,1632009600000000000,2021-10-29,Australia,Dependent,Singapore,9,2021,Autumn,40,6,0,Q3,40
VISA-0002501,1766534400000000000,2026-01-31,India,Business,Johannesburg,12,2025,Winter,38,2,1,Q4,38
VISA-0002502,1679184000000000000,2023-06-11,Pakistan,Unknown,Dubai,3,2023,Spring,84,6,0,Q1,84
VISA-0002503,1616371200000000000,2021-05-16,Nigeria,Business,Sydney,3,2021,Spring,55,0,0,Q1,55
VISA-0002504,1642550400000000000,2022-03-10,Kenya,Tourist,Paris,1,2022,Winter,50,2,0,Q1,50
VISA-0002505,1672704000000000000,2023-03-06,France,Work,Johannesburg,1,2023,Winter,62,1,0,Q1,62
VISA-0002506,1619222400000000000,2021-06-01,Australia,Tourist,New Delhi,4,2021,Spring,38,5,0,Q2,38
VISA-0002507,1660521600000000000,2022-09-18,Brazil,Tourist,London,8,2022,Summer,34,0,1,Q3,34
VISA-0002508,1683244800000000000,2023-06-25,Bangladesh,Dependent,London,5,2023,Spring,51,4,0,Q2,51
VISA-0002509,1759017600000000000,2025-10-30,UK,Business,Dubai,9,2025,Autumn,32,6,0,Q3,32
VISA-0002510,1623024000000000000,2021-07-27,Kenya,Tourist,London,6,2021,Summer,50,0,1,Q2,50
VISA-0002511,1700352000000000000,2023-12-22,India,Tourist,London,11,2023,Autumn,33,6,0,Q4,33
VISA-0002512,1753833600000000000,2025-09-15,Kenya,Dependent,New Delhi,7,2025,Summer,47,2,1,Q3,47
VISA-0002513,1736553600000000000,2025-02-19,Brazil,Tourist,New Delhi,1,2025,Winter,39,5,0,Q1,39
VISA-0002514,1755302400000000000,2025-09-26,China,Unknown,Ottawa,8,2025,Summer,41,5,1,Q3,41
VISA-0002515,1636243200000000000,2021-12-24,Bangladesh,Tourist,Johannesburg,11,2021,Autumn,47,6,0,Q4,47
VISA-0002516,1735776000000000000,2025-01-25,Germany,Tourist,London,1,2025,Winter,23,3,0,Q1,23
VISA-0002517,1763769600000000000,2025-12-14,China,Tourist,Chennai,11,2025,Autumn,22,5,0,Q4,22
VISA-0002518,1660867200000000000,2022-10-08,Unknown,Transit,Chennai,8,2022,Summer,50,4,1,Q3,50
VISA-0002519,1688083200000000000,2023-08-06,Australia,Tourist,Johannesburg,6,2023,Summer,37,4,1,Q2,37
VISA-0002520,1693094400000000000,2023-10-13,Kenya,Student,Berlin,8,2023,Summer,47,6,1,Q3,47
VISA-0002521,1687219200000000000,2023-07-28,Canada,Business,Berlin,6,2023,Summer,38,1,1,Q2,38
VISA-0002522,1655078400000000000,2022-08-15,Australia,Work,Chennai,6,2022,Summer,63,0,1,Q2,63
VISA-0002523,1762473600000000000,2025-11-26,Australia,Business,Singapore,11,2025,Autumn,19,4,0,Q4,19
VISA-0002524,1760227200000000000,2025-12-11,Unknown,Work,Chennai,10,2025,Autumn,60,6,0,Q4,60
VISA-0002525,1669420800000000000,2023-02-01,Mexico,Work,Johannesburg,11,2022,Autumn,67,5,0,Q4,67
VISA-0002526,1736380800000000000,2025-03-10,Bangladesh,Work,Johannesburg,1,2025,Winter,60,3,0,Q1,60
VISA-0002527,1672099200000000000,2023-02-16,Kenya,Business,Dubai,12,2022,Winter,51,1,1,Q4,51
VISA-0002528,1734739200000000000,2025-01-31,Australia,Business,Singapore,12,2024,Winter,41,5,1,Q4,41
VISA-0002529,1701648000000000000,2024-02-02,Bangladesh,Business,Johannesburg,12,2023,Winter,60,0,1,Q4,60
VISA-0002530,1683590400000000000,2023-06-01,Canada,Tourist,Dubai,5,2023,Spring,23,1,0,Q2,23
VISA-0002531,1629590400000000000,2021-11-03,China,Work,Paris,8,2021,Summer,73,6,1,Q3,73
VISA-0002532,1712620800000000000,2024-05-16,Mexico,Business,Dubai,4,2024,Spring,37,1,0,Q2,37
VISA-0002533,1660003200000000000,2022-09-22,India,Tourist,Sydney,8,2022,Summer,44,1,1,Q3,44
VISA-0002534,1643587200000000000,2022-03-26,Canada,Dependent,London,1,2022,Winter,54,0,0,Q1,54
VISA-0002535,1639872000000000000,2022-01-31,China,Tourist,Berlin,12,2021,Winter,43,6,1,Q4,43
VISA-0002536,1764201600000000000,2025-12-28,Germany,Tourist,Chennai,11,2025,Autumn,31,3,0,Q4,31
VISA-0002537,1625702400000000000,2021-09-04,Bangladesh,Dependent,Chennai,7,2021,Summer,58,3,1,Q3,58
VISA-0002538,1735344000000000000,2025-02-02,Pakistan,Tourist,London,12,2024,Winter,36,5,1,Q4,36
VISA-0002539,1745971200000000000,2025-06-21,France,Student,New Delhi,4,2025,Spring,52,2,0,Q2,52
VISA-0002540,1614297600000000000,2021-04-28,Nigeria,Student,Johannesburg,2,2021,Winter,61,4,0,Q1,61
VISA-0002541,1702339200000000000,2024-02-07,Nigeria,Dependent,Chennai,12,2023,Winter,57,1,1,Q4,57
VISA-0002542,1700438400000000000,2024-01-09,Canada,Student,Paris,11,2023,Autumn,50,0,0,Q4,50
VISA-0002543,1665964800000000000,2022-12-24,Philippines,Work,Ottawa,10,2022,Autumn,68,0,0,Q4,68
VISA-0002544,1714521600000000000,2024-06-06,Canada,Business,London,5,2024,Spring,36,2,0,Q2,36
VISA-0002545,1673827200000000000,2023-03-28,Bangladesh,Work,Chennai,1,2023,Winter,71,0,0,Q1,71
VISA-0002546,1678752000000000000,2023-05-05,Kenya,Unknown,Singapore,3,2023,Spring,52,1,0,Q1,52
VISA-0002547,1677456000000000000,2023-04-04,Pakistan,Business,Sydney,2,2023,Winter,36,0,0,Q1,36
VISA-0002548,1735689600000000000,2025-02-24,Brazil,Student,Ottawa,1,2025,Winter,54,2,0,Q1,54
VISA-0002549,1709251200000000000,2024-03-07,UK,Transit,Berlin,3,2024,Spring,6,4,0,Q1,6
VISA-0002550,1669161600000000000,2023-01-02,France,Student,Paris,11,2022,Autumn,40,2,0,Q4,40
VISA-0002551,1755561600000000000,2025-09-12,Philippines,Tourist,Berlin,8,2025,Summer,24,1,1,Q3,24
VISA-0002552,1735862400000000000,2025-02-03,Mexico,Tourist,Sydney,1,2025,Winter,31,4,0,Q1,31
VISA-0002553,1756512000000000000,2025-11-12,UK,Work,Singapore,8,2025,Summer,74,5,1,Q3,74
VISA-0002554,1724630400000000000,2024-10-07,Canada,Tourist,Singapore,8,2024,Summer,42,0,1,Q3,42
VISA-0002555,1671148800000000000,2023-02-26,Kenya,Work,Johannesburg,12,2022,Winter,72,4,1,Q4,72
VISA-0002556,1731283200000000000,2025-01-01,Brazil,Student,Mumbai,11,2024,Autumn,51,0,0,Q4,51
VISA-0002557,1661299200000000000,2022-10-07,Brazil,Student,Singapore,8,2022,Summer,44,2,1,Q3,44
VISA-0002558,1652140800000000000,2022-06-05,Germany,Tourist,Chennai,5,2022,Spring,26,1,0,Q2,26
VISA-0002559,1680566400000000000,2023-05-28,India,Dependent,Dubai,4,2023,Spring,54,1,0,Q2,54
VISA-0002560,1762214400000000000,2025-12-17,Canada,Student,Berlin,11,2025,Autumn,43,1,0,Q4,43
VISA-0002561,1698969600000000000,2023-12-04,China,Tourist,Chennai,11,2023,Autumn,31,4,0,Q4,31
VISA-0002562,1669939200000000000,2023-02-01,Nigeria,Student,New Delhi,12,2022,Winter,61,4,1,Q4,61
VISA-0002563,1682208000000000000,2023-06-08,Pakistan,Student,Johannesburg,4,2023,Spring,46,6,0,Q2,46
VISA-0002564,1655337600000000000,2022-08-18,Canada,Work,Singapore,6,2022,Summer,63,3,1,Q2,63
VISA-0002565,1713312000000000000,2024-05-23,Brazil,Student,Mumbai,4,2024,Spring,36,2,0,Q2,36
VISA-0002566,1664668800000000000,2022-11-04,Germany,Tourist,Dubai,10,2022,Autumn,33,6,0,Q4,33
VISA-0002567,1696809600000000000,2023-11-26,Kenya,Dependent,Mumbai,10,2023,Autumn,48,0,0,Q4,48
VISA-0002568,1667692800000000000,2023-01-02,India,Student,Dubai,11,2022,Autumn,57,6,0,Q4,57
VISA-0002569,1660003200000000000,2022-09-20,Bangladesh,Tourist,London,8,2022,Summer,42,1,1,Q3,42
VISA-0002570,1762387200000000000,2025-12-13,India,Business,Paris,11,2025,Autumn,37,3,0,Q4,37
VISA-0002571,1663891200000000000,2022-11-26,Pakistan,Work,Dubai,9,2022,Autumn,64,4,0,Q3,64
VISA-0002572,1620518400000000000,2021-07-12,Australia,Work,Sydney,5,2021,Spring,64,6,0,Q2,64
VISA-0002573,1669075200000000000,2023-01-07,France,Student,Berlin,11,2022,Autumn,46,1,0,Q4,46
VISA-0002574,1693353600000000000,2023-10-26,Unknown,Student,Sydney,8,2023,Summer,57,2,1,Q3,57
VISA-0002575,1624320000000000000,2021-09-04,Mexico,Student,New Delhi,6,2021,Summer,74,1,1,Q2,74
VISA-0002576,1657584000000000000,2022-08-21,Germany,Tourist,Dubai,7,2022,Summer,40,1,1,Q3,40
VISA-0002577,1635638400000000000,2021-11-18,France,Tourist,Paris,10,2021,Autumn,18,6,0,Q4,18
VISA-0002578,1688342400000000000,2023-07-31,Mexico,Transit,Sydney,7,2023,Summer,28,0,1,Q3,28
VISA-0002579,1723420800000000000,2024-10-15,India,Work,Mumbai,8,2024,Summer,64,0,1,Q3,64
VISA-0002580,1762128000000000000,2025-12-19,Philippines,Student,New Delhi,11,2025,Autumn,46,0,0,Q4,46
VISA-0002581,1670803200000000000,2023-01-31,Bangladesh,Tourist,London,12,2022,Winter,50,0,1,Q4,50
VISA-0002582,1745539200000000000,2025-05-27,Philippines,Business,Paris,4,2025,Spring,32,4,0,Q2,32
VISA-0002583,1643241600000000000,2022-03-18,Kenya,Tourist,London,1,2022,Winter,50,3,0,Q1,50
VISA-0002584,1732492800000000000,2024-12-08,France,Tourist,Johannesburg,11,2024,Autumn,13,0,0,Q4,13
VISA-0002585,1698105600000000000,2023-11-12,France,Tourist,London,10,2023,Autumn,19,1,0,Q4,19
VISA-0002586,1728950400000000000,2024-11-07,India,Business,Ottawa,10,2024,Autumn,23,1,0,Q4,23
VISA-0002587,1728518400000000000,2024-11-23,France,Work,Paris,10,2024,Autumn,44,3,0,Q4,44
VISA-0002588,1693353600000000000,2023-09-26,Germany,Tourist,Dubai,8,2023,Summer,27,2,1,Q3,27
VISA-0002589,1649980800000000000,2022-05-28,Nigeria,Tourist,New Delhi,4,2022,Spring,43,4,0,Q2,43
VISA-0002590,1692403200000000000,2023-10-25,Bangladesh,Work,New Delhi,8,2023,Summer,67,5,1,Q3,67
VISA-0002591,1739750400000000000,2025-04-15,France,Work,Chennai,2,2025,Winter,57,0,0,Q1,57
VISA-0002592,1762473600000000000,2026-02-10,Australia,Work,Singapore,11,2025,Autumn,95,4,0,Q4,95
VISA-0002593,1755648000000000000,2025-10-12,Pakistan,Tourist,New Delhi,8,2025,Summer,53,2,1,Q3,53
VISA-0002594,1638057600000000000,2022-01-15,India,Business,New Delhi,11,2021,Autumn,48,6,0,Q4,48
VISA-0002595,1703635200000000000,2024-02-18,Bangladesh,Dependent,Paris,12,2023,Winter,53,2,1,Q4,53
VISA-0002596,1625875200000000000,2021-09-18,UK,Work,Dubai,7,2021,Summer,70,5,1,Q3,70
VISA-0002597,1714867200000000000,2024-06-06,India,Tourist,Johannesburg,5,2024,Spring,32,6,0,Q2,32
VISA-0002598,1765929600000000000,2026-02-21,France,Work,Chennai,12,2025,Winter,66,2,1,Q4,66
VISA-0002599,1617667200000000000,2021-05-09,Canada,Tourist,Berlin,4,2021,Spring,33,1,0,Q2,33
VISA-0002600,1712966400000000000,2024-04-30,Australia,Tourist,Mumbai,4,2024,Spring,17,5,0,Q2,17
VISA-0002601,1758499200000000000,2025-11-04,Pakistan,Tourist,Dubai,9,2025,Autumn,43,0,0,Q3,43
VISA-0002602,1743033600000000000,2025-05-06,Brazil,Dependent,Mumbai,3,2025,Spring,40,3,0,Q1,40
VISA-0002603,1671321600000000000,2023-02-16,India,Student,Singapore,12,2022,Winter,60,6,1,Q4,60
VISA-0002604,1625788800000000000,2021-09-13,India,Dependent,Ottawa,7,2021,Summer,66,4,1,Q3,66
VISA-0002605,1755129600000000000,2025-10-03,Germany,Student,Chennai,8,2025,Summer,50,3,1,Q3,50
VISA-0002606,1754697600000000000,2025-10-19,Nigeria,Student,Johannesburg,8,2025,Summer,71,5,1,Q3,71
VISA-0002607,1700697600000000000,2024-01-01,France,Tourist,New Delhi,11,2023,Autumn,39,3,0,Q4,39
VISA-0002608,1763769600000000000,2026-01-18,Mexico,Work,Paris,11,2025,Autumn,57,5,0,Q4,57
VISA-0002609,1610150400000000000,2021-02-10,Australia,Tourist,Sydney,1,2021,Winter,32,5,0,Q1,32
VISA-0002610,1706659200000000000,2024-03-15,Kenya,Student,Berlin,1,2024,Winter,44,2,0,Q1,44
VISA-0002611,1615507200000000000,2021-04-26,China,Tourist,Chennai,3,2021,Spring,45,4,0,Q1,45
VISA-0002612,1756944000000000000,2025-10-19,UK,Student,Singapore,9,2025,Autumn,45,3,0,Q3,45
VISA-0002613,1716681600000000000,2024-07-20,Kenya,Student,Ottawa,5,2024,Spring,55,6,0,Q2,55
VISA-0002614,1753488000000000000,2025-08-30,Brazil,Tourist,Ottawa,7,2025,Summer,35,5,1,Q3,35
VISA-0002615,1698105600000000000,2023-11-22,India,Tourist,Sydney,10,2023,Autumn,29,1,0,Q4,29
VISA-0002616,1622505600000000000,2021-08-15,Australia,Transit,London,6,2021,Summer,75,1,1,Q2,75
VISA-0002617,1613606400000000000,2021-03-31,Philippines,Tourist,London,2,2021,Winter,41,3,0,Q1,41
VISA-0002618,1662336000000000000,2022-10-03,India,Tourist,Mumbai,9,2022,Autumn,28,0,0,Q3,28
VISA-0002619,1726617600000000000,2024-10-07,France,Tourist,Sydney,9,2024,Autumn,19,2,0,Q3,19
VISA-0002620,1633219200000000000,2021-11-17,UK,Student,Sydney,10,2021,Autumn,45,6,0,Q4,45
VISA-0002621,1743811200000000000,2025-05-29,India,Work,Ottawa,4,2025,Spring,54,5,0,Q2,54
VISA-0002622,1647216000000000000,2022-04-10,Mexico,Tourist,Johannesburg,3,2022,Spring,27,0,0,Q1,27
VISA-0002623,1687651200000000000,2023-08-27,India,Student,Mumbai,6,2023,Summer,63,6,1,Q2,63
VISA-0002624,1641427200000000000,2022-03-17,Kenya,Unknown,Johannesburg,1,2022,Winter,70,3,0,Q1,70
VISA-0002625,1682899200000000000,2023-05-27,India,Tourist,Singapore,5,2023,Spring,26,0,0,Q2,26
VISA-0002626,1680739200000000000,2023-05-23,France,Dependent,New Delhi,4,2023,Spring,47,3,0,Q2,47
VISA-0002627,1610236800000000000,2021-02-08,Pakistan,Transit,Berlin,1,2021,Winter,29,6,0,Q1,29
VISA-0002628,1698969600000000000,2023-12-16,Bangladesh,Tourist,Chennai,11,2023,Autumn,43,4,0,Q4,43
VISA-0002629,1733443200000000000,2025-01-14,France,Tourist,New Delhi,12,2024,Winter,39,4,1,Q4,39
VISA-0002630,1757030400000000000,2025-09-18,Australia,Tourist,Singapore,9,2025,Autumn,13,4,0,Q3,13
VISA-0002631,1661558400000000000,2022-10-24,China,Tourist,Mumbai,8,2022,Summer,58,5,1,Q3,58
VISA-0002632,1748304000000000000,2025-07-02,India,Student,London,5,2025,Spring,36,1,0,Q2,36
VISA-0002633,1747958400000000000,2025-07-20,China,Work,Mumbai,5,2025,Spring,58,4,0,Q2,58
VISA-0002634,1765238400000000000,2026-02-01,UK,Student,Mumbai,12,2025,Winter,54,1,1,Q4,54
VISA-0002635,1668211200000000000,2022-12-26,Pakistan,Tourist,New Delhi,11,2022,Autumn,44,5,0,Q4,44
VISA-0002636,1743552000000000000,2025-05-04,China,Tourist,Singapore,4,2025,Spring,32,2,0,Q2,32
VISA-0002637,1698537600000000000,2023-11-17,Mexico,Transit,New Delhi,10,2023,Autumn,19,6,0,Q4,19
VISA-0002638,1618617600000000000,2021-06-16,Pakistan,Dependent,Paris,4,2021,Spring,60,5,0,Q2,60
VISA-0002639,1652054400000000000,2022-05-29,Germany,Tourist,Mumbai,5,2022,Spring,20,0,0,Q2,20
VISA-0002640,1715385600000000000,2024-07-12,Brazil,Work,Johannesburg,5,2024,Spring,62,5,0,Q2,62
VISA-0002641,1634774400000000000,2021-12-08,Kenya,Student,Singapore,10,2021,Autumn,48,3,0,Q4,48
VISA-0002642,1677974400000000000,2023-05-06,Kenya,Work,Unknown,3,2023,Spring,62,6,0,Q1,62
VISA-0002643,1731628800000000000,2024-12-23,Germany,Work,Singapore,11,2024,Autumn,38,4,0,Q4,38
VISA-0002644,1633046400000000000,2021-11-26,Philippines,Dependent,London,10,2021,Autumn,56,4,0,Q4,56
VISA-0002645,1687737600000000000,2023-08-11,Australia,Tourist,Paris,6,2023,Summer,46,0,1,Q2,46
VISA-0002646,1643328000000000000,2022-03-03,Germany,Tourist,Chennai,1,2022,Winter,34,4,0,Q1,34
VISA-0002647,1694044800000000000,2023-09-24,Pakistan,Transit,Dubai,9,2023,Autumn,17,3,0,Q3,17
VISA-0002648,1647388800000000000,2022-04-18,Philippines,Tourist,Johannesburg,3,2022,Spring,33,2,0,Q1,33
VISA-0002649,1761609600000000000,2025-11-21,France,Tourist,Berlin,10,2025,Autumn,24,1,0,Q4,24
VISA-0002650,1621468800000000000,2021-07-05,Pakistan,Business,Chennai,5,2021,Spring,46,3,0,Q2,46
VISA-0002651,1761350400000000000,2025-11-25,Canada,Business,Paris,10,2025,Autumn,31,5,0,Q4,31
VISA-0002652,1734307200000000000,2025-02-11,Kenya,Work,Singapore,12,2024,Winter,57,0,1,Q4,57
VISA-0002653,1744329600000000000,2025-05-17,India,Business,Singapore,4,2025,Spring,36,4,0,Q2,36
VISA-0002654,1743724800000000000,2025-06-01,UK,Work,Paris,4,2025,Spring,58,4,0,Q2,58
VISA-0002655,1639008000000000000,2022-01-24,UK,Tourist,Paris,12,2021,Winter,46,3,1,Q4,46
VISA-0002656,1756252800000000000,2025-11-12,Bangladesh,Work,Paris,8,2025,Summer,77,2,1,Q3,77
VISA-0002657,1703116800000000000,2024-01-14,India,Business,Paris,12,2023,Winter,24,3,1,Q4,24
VISA-0002658,1761091200000000000,2025-12-01,Philippines,Dependent,Mumbai,10,2025,Autumn,40,2,0,Q4,40
VISA-0002659,1747872000000000000,2025-06-22,Australia,Tourist,Paris,5,2025,Spring,31,3,0,Q2,31
VISA-0002660,1700784000000000000,2024-01-01,Mexico,Tourist,Mumbai,11,2023,Autumn,38,4,0,Q4,38
VISA-0002661,1668470400000000000,2022-12-26,UK,Business,Dubai,11,2022,Autumn,41,1,0,Q4,41
VISA-0002662,1627948800000000000,2021-09-09,Australia,Tourist,London,8,2021,Summer,37,1,1,Q3,37
VISA-0002663,1625356800000000000,2021-09-16,Kenya,Tourist,Chennai,7,2021,Summer,74,6,1,Q3,74
VISA-0002664,1670889600000000000,2023-01-26,Pakistan,Business,London,12,2022,Winter,44,1,1,Q4,44
VISA-0002665,1737331200000000000,2025-03-12,Brazil,Student,New Delhi,1,2025,Winter,51,0,0,Q1,51
VISA-0002666,1689120000000000000,2023-08-20,UK,Tourist,Ottawa,7,2023,Summer,39,2,1,Q3,39
VISA-0002667,1685404800000000000,2023-07-14,Philippines,Tourist,Ottawa,5,2023,Spring,45,1,0,Q2,45
VISA-0002668,1647993600000000000,2022-05-02,Bangladesh,Tourist,Ottawa,3,2022,Spring,40,2,0,Q1,40
VISA-0002669,1698451200000000000,2023-12-01,Germany,Business,Mumbai,10,2023,Autumn,34,5,0,Q4,34
VISA-0002670,1710028800000000000,2024-04-23,UK,Student,Dubai,3,2024,Spring,44,6,0,Q1,44
VISA-0002671,1764288000000000000,2025-12-28,Mexico,Tourist,Mumbai,11,2025,Autumn,30,4,0,Q4,30
VISA-0002672,1724457600000000000,2024-10-01,Germany,Student,Singapore,8,2024,Summer,38,5,1,Q3,38
VISA-0002673,1705190400000000000,2024-02-28,Pakistan,Tourist,New Delhi,1,2024,Winter,45,6,0,Q1,45
VISA-0002674,1752883200000000000,2025-08-26,Kenya,Tourist,New Delhi,7,2025,Summer,38,5,1,Q3,38
VISA-0002675,1676419200000000000,2023-04-15,Unknown,Tourist,London,2,2023,Winter,59,2,0,Q1,59
VISA-0002676,1756857600000000000,2025-10-09,Australia,Student,Ottawa,9,2025,Autumn,36,2,0,Q3,36
VISA-0002677,1667779200000000000,2022-12-23,Kenya,Tourist,Johannesburg,11,2022,Autumn,46,0,0,Q4,46
VISA-0002678,1629590400000000000,2021-10-01,Kenya,Tourist,Sydney,8,2021,Summer,40,6,1,Q3,40
VISA-0002679,1675296000000000000,2023-03-24,Unknown,Student,Ottawa,2,2023,Winter,50,3,0,Q1,50
VISA-0002680,1629676800000000000,2021-10-31,Bangladesh,Student,Singapore,8,2021,Summer,69,0,1,Q3,69
VISA-0002681,1628121600000000000,2021-09-25,China,Tourist,Chennai,8,2021,Summer,51,3,1,Q3,51
VISA-0002682,1748390400000000000,2025-06-19,Nigeria,Tourist,Singapore,5,2025,Spring,22,2,0,Q2,22
VISA-0002683,1734739200000000000,2025-01-30,Philippines,Tourist,Ottawa,12,2024,Winter,40,5,1,Q4,40
VISA-0002684,1644278400000000000,2022-05-28,Germany,Student,London,2,2022,Winter,109,1,0,Q1,109
VISA-0002685,1741478400000000000,2025-04-20,Bangladesh,Business,London,3,2025,Spring,42,6,0,Q1,42
VISA-0002686,1620259200000000000,2021-06-16,Philippines,Tourist,New Delhi,5,2021,Spring,41,3,0,Q2,41
VISA-0002687,1654300800000000000,2022-07-16,Canada,Business,Berlin,6,2022,Summer,42,5,1,Q2,42
VISA-0002688,1720742400000000000,2024-08-18,Germany,Unknown,Dubai,7,2024,Summer,37,4,1,Q3,37
VISA-0002689,1657324800000000000,2022-08-20,Philippines,Tourist,Dubai,7,2022,Summer,42,5,1,Q3,42
VISA-0002690,1724630400000000000,2024-09-22,India,Tourist,Berlin,8,2024,Summer,27,0,1,Q3,27
VISA-0002691,1747267200000000000,2025-06-11,Mexico,Tourist,New Delhi,5,2025,Spring,27,3,0,Q2,27
VISA-0002692,1619827200000000000,2021-06-10,Australia,Tourist,Singapore,5,2021,Spring,40,5,0,Q2,40
VISA-0002693,1613174400000000000,2021-04-16,China,Student,Sydney,2,2021,Winter,62,5,0,Q1,62
VISA-0002694,1757635200000000000,2025-10-17,Nigeria,Tourist,Berlin,9,2025,Autumn,35,4,0,Q3,35
VISA-0002695,1691452800000000000,2023-09-22,Pakistan,Business,New Delhi,8,2023,Summer,45,1,1,Q3,45
VISA-0002696,1689292800000000000,2023-09-21,China,Student,Paris,7,2023,Summer,69,4,1,Q3,69
VISA-0002697,1682553600000000000,2023-05-27,Canada,Business,Berlin,4,2023,Spring,30,3,0,Q2,30
VISA-0002698,1677801600000000000,2023-04-12,Kenya,Business,Ottawa,3,2023,Spring,40,4,0,Q1,40
VISA-0002699,1718236800000000000,2024-08-14,Bangladesh,Student,Johannesburg,6,2024,Summer,62,3,1,Q2,62
VISA-0002700,1700870400000000000,2024-01-08,Canada,Dependent,Berlin,11,2023,Autumn,44,5,0,Q4,44
VISA-0002701,1635206400000000000,2021-11-14,Canada,Transit,Singapore,10,2021,Autumn,19,1,0,Q4,19
VISA-0002702,1708214400000000000,2024-04-08,Nigeria,Student,Singapore,2,2024,Winter,50,6,0,Q1,50
VISA-0002703,1714780800000000000,2024-06-01,Germany,Tourist,Chennai,5,2024,Spring,28,5,0,Q2,28
VISA-0002704,1627344000000000000,2021-11-15,Germany,Student,Johannesburg,7,2021,Summer,111,1,1,Q3,111
VISA-0002705,1668816000000000000,2022-12-23,Canada,Tourist,Paris,11,2022,Autumn,34,5,0,Q4,34
VISA-0002706,1734048000000000000,2025-02-09,Germany,Student,Chennai,12,2024,Winter,58,4,1,Q4,58
VISA-0002707,1707004800000000000,2024-03-28,Australia,Student,Paris,2,2024,Winter,53,6,0,Q1,53
VISA-0002708,1630886400000000000,2021-11-06,Mexico,Student,Ottawa,9,2021,Autumn,61,0,0,Q3,61
VISA-0002709,1615766400000000000,2021-05-06,India,Unknown,Singapore,3,2021,Spring,52,0,0,Q1,52
VISA-0002710,1701043200000000000,2024-01-03,Kenya,Tourist,Mumbai,11,2023,Autumn,37,0,0,Q4,37
VISA-0002711,1682208000000000000,2023-06-05,Pakistan,Student,Chennai,4,2023,Spring,43,6,0,Q2,43
VISA-0002712,1760918400000000000,2025-11-14,Germany,Tourist,London,10,2025,Autumn,25,0,0,Q4,25
VISA-0002713,1691798400000000000,2023-09-20,Brazil,Business,Ottawa,8,2023,Summer,39,5,1,Q3,39
VISA-0002714,1756252800000000000,2025-11-01,Brazil,Work,Dubai,8,2025,Summer,66,2,1,Q3,66
VISA-0002715,1643241600000000000,2022-03-19,Mexico,Tourist,Chennai,1,2022,Winter,51,3,0,Q1,51
VISA-0002716,1679961600000000000,2023-05-27,Mexico,Work,Berlin,3,2023,Spring,60,1,0,Q1,60
VISA-0002717,1631404800000000000,2021-10-30,Philippines,Tourist,New Delhi,9,2021,Autumn,48,6,0,Q3,48
VISA-0002718,1699920000000000000,2023-12-29,China,Business,London,11,2023,Autumn,45,1,0,Q4,45
VISA-0002719,1639094400000000000,2022-02-23,France,Work,Berlin,12,2021,Winter,75,4,1,Q4,75
VISA-0002720,1687046400000000000,2023-08-03,Pakistan,Student,Chennai,6,2023,Summer,46,6,1,Q2,46
VISA-0002721,1663718400000000000,2022-11-28,Australia,Work,Ottawa,9,2022,Autumn,68,2,0,Q3,68
VISA-0002722,1638662400000000000,2022-01-26,Pakistan,Dependent,Dubai,12,2021,Winter,52,6,1,Q4,52
VISA-0002723,1624665600000000000,2021-08-16,Brazil,Business,Chennai,6,2021,Summer,51,5,1,Q2,51
VISA-0002724,1690156800000000000,2023-09-23,Pakistan,Student,Johannesburg,7,2023,Summer,61,0,1,Q3,61
VISA-0002725,1758758400000000000,2025-10-10,Canada,Business,Singapore,9,2025,Autumn,15,3,0,Q3,15
VISA-0002726,1640736000000000000,2022-03-17,France,Student,Johannesburg,12,2021,Winter,78,2,1,Q4,78
VISA-0002727,1673308800000000000,2023-02-04,Germany,Business,Sydney,1,2023,Winter,25,1,0,Q1,25
VISA-0002728,1644796800000000000,2022-03-18,Canada,Business,London,2,2022,Winter,32,0,0,Q1,32
VISA-0002729,1736985600000000000,2025-02-23,Bangladesh,Tourist,Johannesburg,1,2025,Winter,38,3,0,Q1,38
VISA-0002730,1674864000000000000,2023-03-16,Pakistan,Tourist,Paris,1,2023,Winter,47,5,0,Q1,47
VISA-0002731,1763078400000000000,2025-12-05,Canada,Tourist,Paris,11,2025,Autumn,21,4,0,Q4,21
VISA-0002732,1648080000000000000,2022-05-12,China,Tourist,Chennai,3,2022,Spring,49,3,0,Q1,49
VISA-0002733,1622160000000000000,2021-07-23,Germany,Student,Singapore,5,2021,Spring,56,4,0,Q2,56
VISA-0002734,1701302400000000000,2023-12-30,Mexico,Tourist,Sydney,11,2023,Autumn,30,3,0,Q4,30
VISA-0002735,1712188800000000000,2024-06-03,Pakistan,Work,Paris,4,2024,Spring,60,3,0,Q2,60
VISA-0002736,1765670400000000000,2026-01-27,Mexico,Tourist,Singapore,12,2025,Winter,44,6,1,Q4,44
VISA-0002737,1746835200000000000,2025-05-27,UK,Tourist,Mumbai,5,2025,Spring,17,5,0,Q2,17
VISA-0002738,1748822400000000000,2025-08-08,India,Work,Mumbai,6,2025,Summer,67,0,1,Q2,67
VISA-0002739,1709424000000000000,2024-05-05,Nigeria,Student,New Delhi,3,2024,Spring,63,6,0,Q1,63
VISA-0002740,1666137600000000000,2022-12-11,Pakistan,Student,Berlin,10,2022,Autumn,53,2,0,Q4,53
VISA-0002741,1677024000000000000,2023-03-26,Philippines,Business,Johannesburg,2,2023,Winter,32,2,0,Q1,32
VISA-0002742,1630540800000000000,2021-10-09,Bangladesh,Transit,New Delhi,9,2021,Autumn,37,3,0,Q3,37
VISA-0002743,1677369600000000000,2023-04-30,Canada,Work,Mumbai,2,2023,Winter,63,6,0,Q1,63
VISA-0002744,1666915200000000000,2022-11-28,Philippines,Tourist,Sydney,10,2022,Autumn,31,4,0,Q4,31
VISA-0002745,1615075200000000000,2021-04-11,Germany,Tourist,Ottawa,3,2021,Spring,35,6,0,Q1,35
VISA-0002746,1641686400000000000,2022-02-04,Brazil,Transit,Mumbai,1,2022,Winter,26,6,0,Q1,26
VISA-0002747,1693699200000000000,2023-11-07,Canada,Work,Dubai,9,2023,Autumn,65,6,0,Q3,65
VISA-0002748,1667692800000000000,2022-12-08,France,Business,Singapore,11,2022,Autumn,32,6,0,Q4,32
VISA-0002749,1766102400000000000,2026-03-01,Germany,Work,Chennai,12,2025,Winter,72,4,1,Q4,72
VISA-0002750,1684886400000000000,2023-07-02,UK,Tourist,New Delhi,5,2023,Spring,39,2,0,Q2,39
VISA-0002751,1760572800000000000,2025-11-30,France,Student,Chennai,10,2025,Autumn,45,3,0,Q4,45
VISA-0002752,1713571200000000000,2024-05-11,Germany,Business,Chennai,4,2024,Spring,21,5,0,Q2,21
VISA-0002753,1615766400000000000,2021-04-30,Germany,Dependent,Sydney,3,2021,Spring,46,0,0,Q1,46
VISA-0002754,1641513600000000000,2022-02-27,Pakistan,Tourist,Mumbai,1,2022,Winter,51,4,0,Q1,51
VISA-0002755,1720742400000000000,2024-09-01,India,Work,London,7,2024,Summer,51,4,1,Q3,51
VISA-0002756,1695340800000000000,2023-11-01,Bangladesh,Tourist,Mumbai,9,2023,Autumn,40,4,0,Q3,40
VISA-0002757,1656979200000000000,2022-08-14,Mexico,Transit,Berlin,7,2022,Summer,40,1,1,Q3,40
VISA-0002758,1691712000000000000,2023-09-06,Germany,Tourist,Sydney,8,2023,Summer,26,4,1,Q3,26
VISA-0002759,1751760000000000000,2025-08-13,Philippines,Business,New Delhi,7,2025,Summer,38,6,1,Q3,38
VISA-0002760,1670716800000000000,2023-02-07,Australia,Tourist,New Delhi,12,2022,Winter,58,6,1,Q4,58
VISA-0002761,1616544000000000000,2021-05-28,Bangladesh,Work,Unknown,3,2021,Spring,65,2,0,Q1,65
VISA-0002762,1658448000000000000,2022-09-28,Pakistan,Work,Unknown,7,2022,Summer,68,4,1,Q3,68
VISA-0002763,1756944000000000000,2025-10-01,Australia,Unknown,Mumbai,9,2025,Autumn,27,3,0,Q3,27
VISA-0002764,1729555200000000000,2024-11-20,Philippines,Business,London,10,2024,Autumn,29,1,0,Q4,29
VISA-0002765,1741478400000000000,2025-04-17,Nigeria,Dependent,Dubai,3,2025,Spring,39,6,0,Q1,39
VISA-0002766,1753142400000000000,2025-09-09,Nigeria,Dependent,Sydney,7,2025,Summer,49,1,1,Q3,49
VISA-0002767,1627948800000000000,2021-09-23,Australia,Unknown,Mumbai,8,2021,Summer,51,1,1,Q3,51
VISA-0002768,1618876800000000000,2021-05-22,Germany,Business,Ottawa,4,2021,Spring,32,1,0,Q2,32
VISA-0002769,1610150400000000000,2021-03-16,Canada,Work,Chennai,1,2021,Winter,66,5,0,Q1,66
VISA-0002770,1741046400000000000,2025-05-01,Philippines,Work,Johannesburg,3,2025,Spring,58,1,0,Q1,58
VISA-0002771,1757116800000000000,2025-11-01,Nigeria,Unknown,Paris,9,2025,Autumn,56,5,0,Q3,56
VISA-0002772,1633996800000000000,2022-01-27,UK,Work,London,10,2021,Autumn,107,1,0,Q4,107
VISA-0002773,1723248000000000000,2024-09-23,India,Tourist,Chennai,8,2024,Summer,44,5,1,Q3,44
VISA-0002774,1693785600000000000,2023-11-10,UK,Student,Mumbai,9,2023,Autumn,67,0,0,Q3,67
VISA-0002775,1620345600000000000,2021-06-07,Germany,Tourist,Paris,5,2021,Spring,31,4,0,Q2,31
VISA-0002776,1753833600000000000,2025-09-10,Mexico,Tourist,Johannesburg,7,2025,Summer,42,2,1,Q3,42
VISA-0002777,1746835200000000000,2025-06-11,Canada,Tourist,London,5,2025,Spring,32,5,0,Q2,32
VISA-0002778,1698883200000000000,2023-12-17,Bangladesh,Tourist,Berlin,11,2023,Autumn,45,3,0,Q4,45
VISA-0002779,1721001600000000000,2024-08-16,Mexico,Business,Chennai,7,2024,Summer,32,0,1,Q3,32
VISA-0002780,1672012800000000000,2023-03-10,Kenya,Student,Johannesburg,12,2022,Winter,74,0,1,Q4,74
VISA-0002781,1734393600000000000,2025-01-31,Germany,Tourist,London,12,2024,Winter,45,1,1,Q4,45
VISA-0002782,1679616000000000000,2023-04-30,Kenya,Business,Mumbai,3,2023,Spring,37,4,0,Q1,37
VISA-0002783,1765411200000000000,2026-01-28,Pakistan,Dependent,Singapore,12,2025,Winter,48,3,1,Q4,48
VISA-0002784,1619395200000000000,2021-06-19,Kenya,Dependent,Johannesburg,4,2021,Spring,54,0,0,Q2,54
VISA-0002785,1636588800000000000,2021-12-27,India,Business,Ottawa,11,2021,Autumn,46,3,0,Q4,46
VISA-0002786,1762128000000000000,2025-11-13,Brazil,Transit,Singapore,11,2025,Autumn,10,0,0,Q4,10
VISA-0002787,1654992000000000000,2022-08-19,India,Work,Chennai,6,2022,Summer,68,6,1,Q2,68
VISA-0002788,1658361600000000000,2022-08-25,UK,Transit,Chennai,7,2022,Summer,35,3,1,Q3,35
VISA-0002789,1734220800000000000,2025-02-05,Pakistan,Dependent,Sydney,12,2024,Winter,52,6,1,Q4,52
VISA-0002790,1639267200000000000,2022-01-25,Brazil,Tourist,Dubai,12,2021,Winter,44,6,1,Q4,44
VISA-0002791,1690416000000000000,2023-09-06,Brazil,Dependent,Ottawa,7,2023,Summer,41,3,1,Q3,41
VISA-0002792,1654560000000000000,2022-07-25,UK,Business,Paris,6,2022,Summer,48,1,1,Q2,48
VISA-0002793,1640649600000000000,2022-02-06,Canada,Business,Paris,12,2021,Winter,40,1,1,Q4,40
VISA-0002794,1761436800000000000,2025-12-17,Pakistan,Dependent,Mumbai,10,2025,Autumn,52,6,0,Q4,52
VISA-0002795,1640908800000000000,2022-03-08,Bangladesh,Student,Johannesburg,12,2021,Winter,67,4,1,Q4,67
VISA-0002796,1624320000000000000,2021-08-26,Mexico,Student,Mumbai,6,2021,Summer,65,1,1,Q2,65
VISA-0002797,1715644800000000000,2024-07-14,Mexico,Work,Sydney,5,2024,Spring,61,1,0,Q2,61
VISA-0002798,1746144000000000000,2025-06-01,Brazil,Business,Ottawa,5,2025,Spring,30,4,0,Q2,30
VISA-0002799,1629504000000000000,2021-10-24,Bangladesh,Dependent,Ottawa,8,2021,Summer,64,5,1,Q3,64
VISA-0002800,1721001600000000000,2024-08-30,Mexico,Dependent,Mumbai,7,2024,Summer,46,0,1,Q3,46
VISA-0002801,1694649600000000000,2023-10-23,Nigeria,Business,London,9,2023,Autumn,39,3,0,Q3,39
VISA-0002802,1740268800000000000,2025-04-01,Pakistan,Transit,New Delhi,2,2025,Winter,37,6,0,Q1,37
VISA-0002803,1629417600000000000,2021-09-21,Canada,Tourist,Johannesburg,8,2021,Summer,32,4,1,Q3,32
VISA-0002804,1763337600000000000,2025-12-04,Pakistan,Transit,Mumbai,11,2025,Autumn,17,0,0,Q4,17
VISA-0002805,1707004800000000000,2024-03-02,China,Tourist,Sydney,2,2024,Winter,27,6,0,Q1,27
VISA-0002806,1742169600000000000,2025-05-14,China,Work,Chennai,3,2025,Spring,58,0,0,Q1,58
VISA-0002807,1666483200000000000,2022-11-22,Mexico,Tourist,Mumbai,10,2022,Autumn,30,6,0,Q4,30
VISA-0002808,1758153600000000000,2025-10-30,Brazil,Work,Ottawa,9,2025,Autumn,42,3,0,Q3,42
VISA-0002809,1708214400000000000,2024-04-07,India,Student,Johannesburg,2,2024,Winter,49,6,0,Q1,49
VISA-0002810,1629417600000000000,2021-10-03,Kenya,Tourist,Sydney,8,2021,Summer,44,4,1,Q3,44
VISA-0002811,1754956800000000000,2025-10-12,Brazil,Work,Johannesburg,8,2025,Summer,61,1,1,Q3,61
VISA-0002812,1734912000000000000,2025-01-27,France,Business,Singapore,12,2024,Winter,35,0,1,Q4,35
VISA-0002813,1656720000000000000,2022-08-10,Australia,Tourist,Ottawa,7,2022,Summer,39,5,1,Q3,39
VISA-0002814,1695427200000000000,2023-11-14,France,Work,Singapore,9,2023,Autumn,52,5,0,Q3,52
VISA-0002815,1670630400000000000,2023-01-21,France,Tourist,London,12,2022,Winter,42,5,1,Q4,42
VISA-0002816,1695081600000000000,2023-10-30,China,Tourist,Sydney,9,2023,Autumn,41,1,0,Q3,41
VISA-0002817,1761609600000000000,2025-11-24,Nigeria,Tourist,Berlin,10,2025,Autumn,27,1,0,Q4,27
VISA-0002818,1751155200000000000,2025-08-29,Germany,Work,Dubai,6,2025,Summer,61,6,1,Q2,61
VISA-0002819,1643414400000000000,2022-03-17,Bangladesh,Business,Unknown,1,2022,Winter,47,5,0,Q1,47
VISA-0002820,1762646400000000000,2026-01-11,India,Work,Mumbai,11,2025,Autumn,63,6,0,Q4,63
VISA-0002821,1678492800000000000,2023-04-17,Pakistan,Business,Sydney,3,2023,Spring,37,5,0,Q1,37
VISA-0002822,1720569600000000000,2024-09-02,France,Work,Berlin,7,2024,Summer,54,2,1,Q3,54
VISA-0002823,1729900800000000000,2024-11-30,France,Business,London,10,2024,Autumn,35,5,0,Q4,35
VISA-0002824,1685577600000000000,2023-07-13,Nigeria,Transit,Singapore,6,2023,Summer,42,3,1,Q2,42
VISA-0002825,1681430400000000000,2023-05-31,Mexico,Student,London,4,2023,Spring,47,4,0,Q2,47
VISA-0002826,1681344000000000000,2023-05-12,Brazil,Tourist,London,4,2023,Spring,29,3,0,Q2,29
VISA-0002827,1745452800000000000,2025-05-30,Brazil,Tourist,London,4,2025,Spring,36,3,0,Q2,36
VISA-0002828,1670371200000000000,2023-02-14,Brazil,Work,Berlin,12,2022,Winter,69,2,1,Q4,69
VISA-0002829,1653523200000000000,2022-07-22,Brazil,Student,Mumbai,5,2022,Spring,57,3,0,Q2,57
VISA-0002830,1666396800000000000,2022-12-05,Philippines,Tourist,Mumbai,10,2022,Autumn,44,5,0,Q4,44
VISA-0002831,1640131200000000000,2022-02-14,India,Dependent,Paris,12,2021,Winter,54,2,1,Q4,54
VISA-0002832,1671148800000000000,2023-01-22,Mexico,Transit,Chennai,12,2022,Winter,37,4,1,Q4,37
VISA-0002833,1627430400000000000,2021-09-22,Brazil,Tourist,Mumbai,7,2021,Summer,56,2,1,Q3,56
VISA-0002834,1623542400000000000,2021-09-09,Canada,Tourist,Chennai,6,2021,Summer,88,6,1,Q2,88
VISA-0002835,1723593600000000000,2024-09-26,Australia,Tourist,Ottawa,8,2024,Summer,43,2,1,Q3,43
VISA-0002836,1621641600000000000,2021-07-19,UK,Student,New Delhi,5,2021,Spring,58,5,0,Q2,58
VISA-0002837,1698969600000000000,2023-12-13,Australia,Dependent,Singapore,11,2023,Autumn,40,4,0,Q4,40
VISA-0002838,1732406400000000000,2025-01-24,Pakistan,Work,Mumbai,11,2024,Autumn,61,6,0,Q4,61
VISA-0002839,1723680000000000000,2024-10-04,China,Tourist,Ottawa,8,2024,Summer,50,3,1,Q3,50
VISA-0002840,1679788800000000000,2023-05-06,Australia,Student,Chennai,3,2023,Spring,41,6,0,Q1,41
VISA-0002841,1639958400000000000,2022-02-03,Philippines,Tourist,London,12,2021,Winter,45,0,1,Q4,45
VISA-0002842,1756166400000000000,2025-10-13,UK,Student,New Delhi,8,2025,Summer,48,1,1,Q3,48
VISA-0002843,1741132800000000000,2025-05-09,Nigeria,Student,Johannesburg,3,2025,Spring,65,2,0,Q1,65
VISA-0002844,1705968000000000000,2024-03-20,Philippines,Work,Johannesburg,1,2024,Winter,57,1,0,Q1,57
VISA-0002845,1623110400000000000,2021-08-14,Philippines,Student,Mumbai,6,2021,Summer,67,1,1,Q2,67
VISA-0002846,1614988800000000000,2021-04-27,Mexico,Dependent,Chennai,3,2021,Spring,52,5,0,Q1,52
VISA-0002847,1659139200000000000,2022-09-03,Pakistan,Tourist,Singapore,7,2022,Summer,35,5,1,Q3,35
VISA-0002848,1634256000000000000,2021-12-13,Germany,Business,Ottawa,10,2021,Autumn,59,4,0,Q4,59
VISA-0002849,1745107200000000000,2025-06-07,India,Tourist,New Delhi,4,2025,Spring,48,6,0,Q2,48
VISA-0002850,1641859200000000000,2022-03-05,China,Tourist,Mumbai,1,2022,Winter,53,1,0,Q1,53
VISA-0002851,1653955200000000000,2022-07-08,France,Dependent,Ottawa,5,2022,Spring,38,1,0,Q2,38
VISA-0002852,1763251200000000000,2026-01-15,Pakistan,Work,Dubai,11,2025,Autumn,60,6,0,Q4,60
VISA-0002853,1738454400000000000,2025-03-07,Kenya,Tourist,Dubai,2,2025,Winter,33,6,0,Q1,33
VISA-0002854,1643932800000000000,2022-04-03,Bangladesh,Student,Mumbai,2,2022,Winter,58,4,0,Q1,58
VISA-0002855,1669852800000000000,2023-03-13,UK,Business,Ottawa,12,2022,Winter,102,3,1,Q4,102
VISA-0002856,1690761600000000000,2023-09-16,Australia,Dependent,Chennai,7,2023,Summer,47,0,1,Q3,47
VISA-0002857,1714176000000000000,2024-06-21,UK,Work,Sydney,4,2024,Spring,55,5,0,Q2,55
VISA-0002858,1757030400000000000,2025-10-01,Brazil,Tourist,London,9,2025,Autumn,26,4,0,Q3,26
VISA-0002859,1746748800000000000,2025-07-02,Pakistan,Student,Chennai,5,2025,Spring,54,4,0,Q2,54
VISA-0002860,1763510400000000000,2025-12-10,Mexico,Tourist,Paris,11,2025,Autumn,21,2,0,Q4,21
VISA-0002861,1615852800000000000,2021-04-30,Brazil,Tourist,Dubai,3,2021,Spring,45,1,0,Q1,45
VISA-0002862,1646697600000000000,2022-05-29,Unknown,Work,Sydney,3,2022,Spring,82,1,0,Q1,82
VISA-0002863,1698192000000000000,2023-11-26,Canada,Business,Mumbai,10,2023,Autumn,32,2,0,Q4,32
VISA-0002864,1617148800000000000,2021-06-16,UK,Tourist,New Delhi,3,2021,Spring,77,2,0,Q1,77
VISA-0002865,1665446400000000000,2022-11-27,Bangladesh,Business,Paris,10,2022,Autumn,47,1,0,Q4,47
VISA-0002866,1633651200000000000,2021-12-14,Brazil,Work,Johannesburg,10,2021,Autumn,67,4,0,Q4,67
VISA-0002867,1756512000000000000,2025-10-01,India,Business,Dubai,8,2025,Summer,32,5,1,Q3,32
VISA-0002868,1619395200000000000,2021-06-07,UK,Tourist,New Delhi,4,2021,Spring,42,0,0,Q2,42
VISA-0002869,1632787200000000000,2021-11-20,France,Student,Sydney,9,2021,Autumn,53,1,0,Q3,53
VISA-0002870,1640217600000000000,2022-02-12,Germany,Tourist,London,12,2021,Winter,51,3,1,Q4,51
VISA-0002871,1632873600000000000,2021-11-09,Nigeria,Tourist,New Delhi,9,2021,Autumn,41,2,0,Q3,41
VISA-0002872,1699056000000000000,2023-12-03,UK,Tourist,Mumbai,11,2023,Autumn,29,5,0,Q4,29
VISA-0002873,1666828800000000000,2022-11-23,Nigeria,Tourist,Sydney,10,2022,Autumn,27,3,0,Q4,27
VISA-0002874,1753315200000000000,2025-09-11,Nigeria,Tourist,Ottawa,7,2025,Summer,49,3,1,Q3,49
VISA-0002875,1650499200000000000,2022-05-23,Brazil,Tourist,Dubai,4,2022,Spring,32,3,0,Q2,32
VISA-0002876,1694131200000000000,2023-10-07,Canada,Dependent,Berlin,9,2023,Autumn,29,4,0,Q3,29
VISA-0002877,1713484800000000000,2024-06-19,Kenya,Business,Chennai,4,2024,Spring,61,4,0,Q2,61
VISA-0002878,1708128000000000000,2024-03-20,UK,Tourist,London,2,2024,Winter,32,5,0,Q1,32
VISA-0002879,1734998400000000000,2025-02-04,Canada,Dependent,Berlin,12,2024,Winter,42,1,1,Q4,42
VISA-0002880,1641254400000000000,2022-02-12,Australia,Tourist,Chennai,1,2022,Winter,39,1,0,Q1,39
VISA-0002881,1689465600000000000,2023-09-19,Unknown,Student,New Delhi,7,2023,Summer,65,6,1,Q3,65
VISA-0002882,1735689600000000000,2025-02-13,Bangladesh,Business,Singapore,1,2025,Winter,43,2,0,Q1,43
VISA-0002883,1745539200000000000,2025-06-06,Canada,Student,Chennai,4,2025,Spring,42,4,0,Q2,42
VISA-0002884,1706832000000000000,2024-03-04,Nigeria,Tourist,Mumbai,2,2024,Winter,31,4,0,Q1,31
VISA-0002885,1712188800000000000,2024-05-26,UK,Student,Paris,4,2024,Spring,52,3,0,Q2,52
VISA-0002886,1745712000000000000,2025-06-09,Kenya,Student,Sydney,4,2025,Spring,43,6,0,Q2,43
VISA-0002887,1707955200000000000,2024-04-20,Kenya,Work,Mumbai,2,2024,Winter,65,3,0,Q1,65
VISA-0002888,1759017600000000000,2025-11-13,Australia,Student,Singapore,9,2025,Autumn,46,6,0,Q3,46
VISA-0002889,1629504000000000000,2021-10-31,Mexico,Student,Chennai,8,2021,Summer,71,5,1,Q3,71
VISA-0002890,1664236800000000000,2022-10-28,China,Tourist,Berlin,9,2022,Autumn,31,1,0,Q3,31
VISA-0002891,1627084800000000000,2021-09-19,Australia,Student,Berlin,7,2021,Summer,57,5,1,Q3,57
VISA-0002892,1623715200000000000,2021-07-10,Australia,Tourist,Singapore,6,2021,Summer,25,1,1,Q2,25
VISA-0002893,1683849600000000000,2023-06-20,Mexico,Dependent,Paris,5,2023,Spring,39,4,0,Q2,39
VISA-0002894,1645056000000000000,2022-03-26,India,Business,Berlin,2,2022,Winter,37,3,0,Q1,37
VISA-0002895,1673654400000000000,2023-03-08,UK,Student,New Delhi,1,2023,Winter,53,5,0,Q1,53
VISA-0002896,1678492800000000000,2023-04-15,China,Business,Johannesburg,3,2023,Spring,35,5,0,Q1,35
VISA-0002897,1707350400000000000,2024-03-18,India,Tourist,Mumbai,2,2024,Winter,39,3,0,Q1,39
VISA-0002898,1758499200000000000,2025-10-26,Kenya,Tourist,Chennai,9,2025,Autumn,34,0,0,Q3,34
VISA-0002899,1743379200000000000,2025-05-11,Philippines,Student,Ottawa,3,2025,Spring,41,0,0,Q1,41
VISA-0002900,1669075200000000000,2023-01-21,China,Student,London,11,2022,Autumn,60,1,0,Q4,60
VISA-0002901,1660780800000000000,2022-10-07,UK,Business,Dubai,8,2022,Summer,50,3,1,Q3,50
VISA-0002902,1730937600000000000,2024-11-26,Nigeria,Transit,New Delhi,11,2024,Autumn,19,3,0,Q4,19
VISA-0002903,1628899200000000000,2021-10-15,Pakistan,Student,Ottawa,8,2021,Summer,62,5,1,Q3,62
VISA-0002904,1694649600000000000,2023-11-07,Australia,Student,London,9,2023,Autumn,54,3,0,Q3,54
VISA-0002905,1676160000000000000,2023-04-16,Mexico,Work,Berlin,2,2023,Winter,63,6,0,Q1,63
VISA-0002906,1638230400000000000,2021-12-30,UK,Tourist,Sydney,11,2021,Autumn,30,1,0,Q4,30
VISA-0002907,1706659200000000000,2024-02-25,France,Tourist,Paris,1,2024,Winter,25,2,0,Q1,25
VISA-0002908,1660003200000000000,2022-09-19,Nigeria,Transit,Mumbai,8,2022,Summer,41,1,1,Q3,41
VISA-0002909,1638662400000000000,2022-01-13,Kenya,Business,Johannesburg,12,2021,Winter,39,6,1,Q4,39
VISA-0002910,1712448000000000000,2024-04-18,Philippines,Transit,Ottawa,4,2024,Spring,11,6,0,Q2,11
VISA-0002911,1636848000000000000,2021-12-18,Philippines,Tourist,London,11,2021,Autumn,34,6,0,Q4,34
VISA-0002912,1715472000000000000,2024-06-09,Australia,Tourist,Dubai,5,2024,Spring,28,6,0,Q2,28
VISA-0002913,1634947200000000000,2021-12-28,Bangladesh,Student,Mumbai,10,2021,Autumn,66,5,0,Q4,66
VISA-0002914,1677974400000000000,2023-04-16,Australia,Dependent,Paris,3,2023,Spring,42,6,0,Q1,42
VISA-0002915,1736812800000000000,2025-02-09,France,Tourist,Chennai,1,2025,Winter,26,1,0,Q1,26
VISA-0002916,1645488000000000000,2022-03-29,UK,Tourist,Johannesburg,2,2022,Winter,35,1,0,Q1,35
VISA-0002917,1730419200000000000,2024-12-11,Mexico,Tourist,Mumbai,11,2024,Autumn,40,4,0,Q4,40
VISA-0002918,1723248000000000000,2024-09-22,Nigeria,Business,Singapore,8,2024,Summer,43,5,1,Q3,43
VISA-0002919,1751760000000000000,2025-07-28,Australia,Business,Unknown,7,2025,Summer,22,6,1,Q3,22
VISA-0002920,1636070400000000000,2022-01-19,Bangladesh,Work,Dubai,11,2021,Autumn,75,4,0,Q4,75
VISA-0002921,1722211200000000000,2024-09-09,Mexico,Tourist,Singapore,7,2024,Summer,42,0,1,Q3,42
VISA-0002922,1757116800000000000,2025-10-01,Brazil,Business,Mumbai,9,2025,Autumn,25,5,0,Q3,25
VISA-0002923,1729728000000000000,2024-12-02,Germany,Student,London,10,2024,Autumn,39,3,0,Q4,39
VISA-0002924,1639008000000000000,2022-01-16,Canada,Tourist,Johannesburg,12,2021,Winter,38,3,1,Q4,38
VISA-0002925,1739059200000000000,2025-03-24,China,Tourist,Mumbai,2,2025,Winter,43,6,0,Q1,43
VISA-0002926,1626307200000000000,2021-09-16,Germany,Student,Mumbai,7,2021,Summer,63,3,1,Q3,63
VISA-0002927,1702252800000000000,2024-01-29,Brazil,Tourist,Sydney,12,2023,Winter,49,0,1,Q4,49
VISA-0002928,1687910400000000000,2023-07-24,Germany,Transit,New Delhi,6,2023,Summer,26,2,1,Q2,26
VISA-0002929,1693180800000000000,2023-10-30,Pakistan,Student,Johannesburg,8,2023,Summer,63,0,1,Q3,63
VISA-0002930,1691366400000000000,2023-10-01,Unknown,Student,Singapore,8,2023,Summer,55,0,1,Q3,55
VISA-0002931,1614384000000000000,2021-05-04,Pakistan,Work,Chennai,2,2021,Winter,66,5,0,Q1,66
VISA-0002932,1689552000000000000,2023-09-27,Australia,Work,Mumbai,7,2023,Summer,72,0,1,Q3,72
VISA-0002933,1757116800000000000,2025-09-29,France,Tourist,Paris,9,2025,Autumn,23,5,0,Q3,23
VISA-0002934,1678233600000000000,2023-05-03,Canada,Work,Sydney,3,2023,Spring,56,2,0,Q1,56
VISA-0002935,1766275200000000000,2026-01-21,Kenya,Tourist,Singapore,12,2025,Winter,31,6,1,Q4,31
VISA-0002936,1625011200000000000,2021-08-26,Germany,Student,Johannesburg,6,2021,Summer,57,2,1,Q2,57
VISA-0002937,1690243200000000000,2023-10-05,Unknown,Work,Ottawa,7,2023,Summer,72,1,1,Q3,72
VISA-0002938,1684800000000000000,2023-08-17,India,Work,Chennai,5,2023,Spring,86,1,0,Q2,86
VISA-0002939,1754784000000000000,2025-10-07,Mexico,Student,Dubai,8,2025,Summer,58,6,1,Q3,58
VISA-0002940,1675900800000000000,2023-03-20,India,Unknown,Dubai,2,2023,Winter,39,3,0,Q1,39
VISA-0002941,1762905600000000000,2025-12-17,Nigeria,Unknown,Ottawa,11,2025,Autumn,35,2,0,Q4,35
VISA-0002942,1619913600000000000,2021-06-10,Unknown,Tourist,London,5,2021,Spring,39,6,0,Q2,39
VISA-0002943,1725148800000000000,2024-10-05,Philippines,Dependent,Chennai,9,2024,Autumn,34,6,0,Q3,34
VISA-0002944,1702944000000000000,2024-02-22,India,Student,Sydney,12,2023,Winter,65,1,1,Q4,65
VISA-0002945,1647302400000000000,2022-05-04,Philippines,Dependent,Ottawa,3,2022,Spring,50,1,0,Q1,50
VISA-0002946,1645401600000000000,2022-04-28,Mexico,Student,Sydney,2,2022,Winter,66,0,0,Q1,66
VISA-0002947,1722902400000000000,2024-10-03,France,Business,Mumbai,8,2024,Summer,58,1,1,Q3,58
VISA-0002948,1709942400000000000,2024-04-07,China,Tourist,Singapore,3,2024,Spring,29,5,0,Q1,29
VISA-0002949,1705795200000000000,2024-02-13,Germany,Tourist,Berlin,1,2024,Winter,23,6,0,Q1,23
VISA-0002950,1617408000000000000,2021-05-12,Philippines,Tourist,Johannesburg,4,2021,Spring,39,5,0,Q2,39
VISA-0002951,1703721600000000000,2024-01-28,India,Tourist,Singapore,12,2023,Winter,31,3,1,Q4,31
VISA-0002952,1764201600000000000,2026-01-22,UK,Dependent,Dubai,11,2025,Autumn,56,3,0,Q4,56
VISA-0002953,1612137600000000000,2021-03-20,Philippines,Business,London,2,2021,Winter,47,0,0,Q1,47
VISA-0002954,1683331200000000000,2023-07-05,Germany,Work,Berlin,5,2023,Spring,60,5,0,Q2,60
VISA-0002955,1687392000000000000,2023-08-17,Bangladesh,Student,Dubai,6,2023,Summer,56,3,1,Q2,56
VISA-0002956,1750809600000000000,2025-08-27,France,Work,Johannesburg,6,2025,Summer,63,2,1,Q2,63
VISA-0002957,1654041600000000000,2022-08-16,Philippines,Work,Chennai,6,2022,Summer,76,2,1,Q2,76
VISA-0002958,1684368000000000000,2023-06-30,India,Business,Unknown,5,2023,Spring,43,3,0,Q2,43
VISA-0002959,1722470400000000000,2024-10-05,China,Work,Mumbai,8,2024,Summer,65,3,1,Q3,65
VISA-0002960,1618963200000000000,2021-06-04,Philippines,Business,Mumbai,4,2021,Spring,44,2,0,Q2,44
VISA-0002961,1735689600000000000,2025-01-30,Nigeria,Tourist,Berlin,1,2025,Winter,29,2,0,Q1,29
VISA-0002962,1739059200000000000,2025-03-11,France,Transit,Mumbai,2,2025,Winter,30,6,0,Q1,30
VISA-0002963,1722902400000000000,2024-09-17,Nigeria,Tourist,Mumbai,8,2024,Summer,42,1,1,Q3,42
VISA-0002964,1711584000000000000,2024-05-08,Australia,Student,Ottawa,3,2024,Spring,41,3,0,Q1,41
VISA-0002965,1727308800000000000,2024-11-06,Canada,Dependent,Paris,9,2024,Autumn,41,3,0,Q3,41
VISA-0002966,1732665600000000000,2024-12-31,Nigeria,Tourist,Ottawa,11,2024,Autumn,34,2,0,Q4,34
VISA-0002967,1751846400000000000,2025-08-08,Germany,Tourist,Chennai,7,2025,Summer,32,0,1,Q3,32
VISA-0002968,1676937600000000000,2023-04-09,China,Student,London,2,2023,Winter,47,1,0,Q1,47
VISA-0002969,1681344000000000000,2023-06-01,Brazil,Student,Singapore,4,2023,Spring,49,3,0,Q2,49
VISA-0002970,1710028800000000000,2024-04-21,Germany,Dependent,Ottawa,3,2024,Spring,42,6,0,Q1,42
VISA-0002971,1639872000000000000,2022-02-10,Bangladesh,Dependent,Ottawa,12,2021,Winter,53,6,1,Q4,53
VISA-0002972,1744416000000000000,2025-05-30,Germany,Student,Paris,4,2025,Spring,48,5,0,Q2,48
VISA-0002973,1730937600000000000,2024-11-27,Pakistan,Transit,Ottawa,11,2024,Autumn,20,3,0,Q4,20
VISA-0002974,1656979200000000000,2022-09-09,Australia,Work,Unknown,7,2022,Summer,66,1,1,Q3,66
VISA-0002975,1664236800000000000,2022-11-09,Australia,Dependent,Paris,9,2022,Autumn,43,1,0,Q3,43
VISA-0002976,1677974400000000000,2023-04-14,Kenya,Tourist,London,3,2023,Spring,40,6,0,Q1,40
VISA-0002977,1713916800000000000,2024-06-15,China,Student,Sydney,4,2024,Spring,52,2,0,Q2,52
VISA-0002978,1732060800000000000,2024-12-30,Unknown,Tourist,Berlin,11,2024,Autumn,40,2,0,Q4,40
VISA-0002979,1715385600000000000,2024-06-03,China,Tourist,Chennai,5,2024,Spring,23,5,0,Q2,23
VISA-0002980,1756080000000000000,2025-10-30,Mexico,Work,Mumbai,8,2025,Summer,66,0,1,Q3,66
VISA-0002981,1760918400000000000,2025-11-12,Brazil,Tourist,Singapore,10,2025,Autumn,23,0,0,Q4,23
VISA-0002982,1720569600000000000,2024-08-28,UK,Student,London,7,2024,Summer,49,2,1,Q3,49
VISA-0002983,1667865600000000000,2023-01-05,Philippines,Work,London,11,2022,Autumn,58,1,0,Q4,58
VISA-0002984,1703894400000000000,2024-02-12,Australia,Tourist,Dubai,12,2023,Winter,44,5,1,Q4,44
VISA-0002985,1676419200000000000,2023-04-12,Brazil,Student,Mumbai,2,2023,Winter,56,2,0,Q1,56
VISA-0002986,1708646400000000000,2024-04-29,Bangladesh,Work,New Delhi,2,2024,Winter,66,4,0,Q1,66
VISA-0002987,1737504000000000000,2025-02-28,Germany,Dependent,Ottawa,1,2025,Winter,37,2,0,Q1,37
VISA-0002988,1667692800000000000,2022-11-30,Kenya,Tourist,Johannesburg,11,2022,Autumn,24,6,0,Q4,24
VISA-0002989,1689206400000000000,2023-08-05,Mexico,Transit,Dubai,7,2023,Summer,23,3,1,Q3,23
VISA-0002990,1616630400000000000,2021-05-11,Germany,Dependent,Dubai,3,2021,Spring,47,3,0,Q1,47
VISA-0002991,1725580800000000000,2024-12-12,China,Work,Dubai,9,2024,Autumn,97,4,0,Q3,97
VISA-0002992,1686614400000000000,2023-08-15,Pakistan,Student,Singapore,6,2023,Summer,63,1,1,Q2,63
VISA-0002993,1681862400000000000,2023-06-04,Unknown,Business,Singapore,4,2023,Spring,46,2,0,Q2,46
VISA-0002994,1693353600000000000,2023-10-16,Kenya,Business,New Delhi,8,2023,Summer,47,2,1,Q3,47
VISA-0002995,1643414400000000000,2022-03-05,Germany,Tourist,Sydney,1,2022,Winter,35,5,0,Q1,35
VISA-0002996,1703721600000000000,2024-01-20,Australia,Transit,Dubai,12,2023,Winter,23,3,1,Q4,23
VISA-0002997,1726876800000000000,2024-10-29,France,Dependent,Chennai,9,2024,Autumn,38,5,0,Q3,38
VISA-0002998,1664582400000000000,2022-11-23,Nigeria,Student,Johannesburg,10,2022,Autumn,53,5,0,Q4,53
VISA-0002999,1630108800000000000,2021-10-16,Germany,Business,Chennai,8,2021,Summer,49,5,1,Q3,49
VISA-0003000,1670371200000000000,2023-02-17,India,Student,Singapore,12,2022,Winter,72,2,1,Q4,72
VISA-0003001,1640736000000000000,2022-02-17,Pakistan,Business,Unknown,12,2021,Winter,50,2,1,Q4,50
VISA-0003002,1668384000000000000,2022-12-27,India,Business,Dubai,11,2022,Autumn,43,0,0,Q4,43
VISA-0003003,1708214400000000000,2024-03-19,Germany,Tourist,Paris,2,2024,Winter,30,6,0,Q1,30
VISA-0003004,1627257600000000000,2021-09-02,Kenya,Tourist,Sydney,7,2021,Summer,38,0,1,Q3,38
VISA-0003005,1727222400000000000,2024-10-25,UK,Tourist,Mumbai,9,2024,Autumn,30,2,0,Q3,30
VISA-0003006,1644796800000000000,2022-03-31,France,Dependent,Mumbai,2,2022,Winter,45,0,0,Q1,45
VISA-0003007,1750464000000000000,2025-08-04,Mexico,Student,Dubai,6,2025,Summer,44,5,1,Q2,44
VISA-0003008,1724889600000000000,2024-10-10,Kenya,Dependent,Singapore,8,2024,Summer,42,3,1,Q3,42
VISA-0003009,1652400000000000000,2022-08-09,Pakistan,Student,Dubai,5,2022,Spring,88,4,0,Q2,88
VISA-0003010,1698192000000000000,2023-11-22,UK,Tourist,Mumbai,10,2023,Autumn,28,2,0,Q4,28
VISA-0003011,1626912000000000000,2021-09-14,Germany,Dependent,Paris,7,2021,Summer,54,3,1,Q3,54
VISA-0003012,1625184000000000000,2021-09-14,Bangladesh,Work,Sydney,7,2021,Summer,74,4,1,Q3,74
VISA-0003013,1760140800000000000,2025-12-05,Brazil,Student,New Delhi,10,2025,Autumn,55,5,0,Q4,55
VISA-0003014,1735948800000000000,2025-02-10,Bangladesh,Tourist,Ottawa,1,2025,Winter,37,5,0,Q1,37
VISA-0003015,1633737600000000000,2021-11-14,UK,Tourist,Chennai,10,2021,Autumn,36,5,0,Q4,36
VISA-0003016,1653955200000000000,2022-06-20,Australia,Tourist,Johannesburg,5,2022,Spring,20,1,0,Q2,20
VISA-0003017,1640563200000000000,2022-03-14,Philippines,Student,Johannesburg,12,2021,Winter,77,0,1,Q4,77
VISA-0003018,1671753600000000000,2023-03-13,Pakistan,Work,Mumbai,12,2022,Winter,80,4,1,Q4,80
VISA-0003019,1655337600000000000,2022-09-29,Pakistan,Tourist,Dubai,6,2022,Summer,105,3,1,Q2,105
VISA-0003020,1661126400000000000,2022-10-09,China,Tourist,New Delhi,8,2022,Summer,48,0,1,Q3,48
VISA-0003021,1692921600000000000,2023-10-10,China,Tourist,Sydney,8,2023,Summer,46,4,1,Q3,46
VISA-0003022,1639267200000000000,2022-02-19,India,Student,Mumbai,12,2021,Winter,69,6,1,Q4,69
VISA-0003023,1748649600000000000,2025-06-19,UK,Transit,Paris,5,2025,Spring,19,5,0,Q2,19
VISA-0003024,1724112000000000000,2024-10-14,Nigeria,Student,New Delhi,8,2024,Summer,55,1,1,Q3,55
VISA-0003025,1729296000000000000,2024-11-12,Australia,Tourist,Singapore,10,2024,Autumn,24,5,0,Q4,24
VISA-0003026,1636156800000000000,2022-01-08,UK,Work,Chennai,11,2021,Autumn,63,5,0,Q4,63
VISA-0003027,1721088000000000000,2024-08-27,China,Dependent,Chennai,7,2024,Summer,42,1,1,Q3,42
VISA-0003028,1741305600000000000,2025-04-08,China,Business,Singapore,3,2025,Spring,32,4,0,Q1,32
VISA-0003029,1637020800000000000,2021-12-20,Nigeria,Dependent,Singapore,11,2021,Autumn,34,1,0,Q4,34
VISA-0003030,1727913600000000000,2024-11-13,Australia,Dependent,Mumbai,10,2024,Autumn,41,3,0,Q4,41
VISA-0003031,1665792000000000000,2022-12-22,India,Work,Mumbai,10,2022,Autumn,68,5,0,Q4,68
VISA-0003032,1733616000000000000,2024-12-20,Canada,Transit,Singapore,12,2024,Winter,12,6,1,Q4,12
VISA-0003033,1684886400000000000,2023-06-27,India,Tourist,Johannesburg,5,2023,Spring,34,2,0,Q2,34
VISA-0003034,1735948800000000000,2025-02-12,Nigeria,Dependent,Sydney,1,2025,Winter,39,5,0,Q1,39
VISA-0003035,1632700800000000000,2021-11-11,Kenya,Dependent,Mumbai,9,2021,Autumn,45,0,0,Q3,45
VISA-0003036,1670803200000000000,2023-01-30,UK,Dependent,Mumbai,12,2022,Winter,49,0,1,Q4,49
VISA-0003037,1652572800000000000,2022-07-13,Philippines,Student,Chennai,5,2022,Spring,59,6,0,Q2,59
VISA-0003038,1648598400000000000,2022-04-30,Canada,Business,Berlin,3,2022,Spring,31,2,0,Q1,31
VISA-0003039,1658016000000000000,2022-09-01,Brazil,Tourist,Mumbai,7,2022,Summer,46,6,1,Q3,46
VISA-0003040,1669680000000000000,2023-02-03,Pakistan,Work,Berlin,11,2022,Autumn,66,1,0,Q4,66
VISA-0003041,1629504000000000000,2021-10-27,Mexico,Student,Paris,8,2021,Summer,67,5,1,Q3,67
VISA-0003042,1720915200000000000,2024-09-26,UK,Work,Mumbai,7,2024,Summer,74,6,1,Q3,74
VISA-0003043,1696204800000000000,2023-12-17,Kenya,Work,Johannesburg,10,2023,Autumn,76,0,0,Q4,76
VISA-0003044,1740182400000000000,2025-03-23,Canada,Tourist,Johannesburg,2,2025,Winter,29,5,0,Q1,29
VISA-0003045,1720569600000000000,2024-08-21,Mexico,Tourist,London,7,2024,Summer,42,2,1,Q3,42
VISA-0003046,1632960000000000000,2021-11-18,China,Tourist,Mumbai,9,2021,Autumn,49,3,0,Q3,49
VISA-0003047,1620432000000000000,2021-08-02,Germany,Work,London,5,2021,Spring,86,5,0,Q2,86
VISA-0003048,1676073600000000000,2023-04-18,Philippines,Work,Chennai,2,2023,Winter,66,5,0,Q1,66
VISA-0003049,1685318400000000000,2023-07-02,Mexico,Business,London,5,2023,Spring,34,0,0,Q2,34
VISA-0003050,1647302400000000000,2022-04-19,Mexico,Tourist,Johannesburg,3,2022,Spring,35,1,0,Q1,35
VISA-0003051,1732752000000000000,2025-01-01,India,Business,Mumbai,11,2024,Autumn,34,3,0,Q4,34
VISA-0003052,1701129600000000000,2024-01-25,Philippines,Unknown,London,11,2023,Autumn,58,1,0,Q4,58
VISA-0003053,1727395200000000000,2024-10-21,UK,Tourist,Paris,9,2024,Autumn,24,4,0,Q3,24
VISA-0003054,1626566400000000000,2021-09-12,Mexico,Tourist,New Delhi,7,2021,Summer,56,6,1,Q3,56
VISA-0003055,1737936000000000000,2025-04-01,Unknown,Student,New Delhi,1,2025,Winter,64,0,0,Q1,64
VISA-0003056,1641945600000000000,2022-03-17,Philippines,Unknown,London,1,2022,Winter,64,2,0,Q1,64
VISA-0003057,1680134400000000000,2023-05-03,UK,Tourist,Johannesburg,3,2023,Spring,34,3,0,Q1,34
VISA-0003058,1678665600000000000,2023-04-14,Brazil,Tourist,Singapore,3,2023,Spring,32,0,0,Q1,32
VISA-0003059,1738800000000000000,2025-03-11,Mexico,Tourist,Johannesburg,2,2025,Winter,33,3,0,Q1,33
VISA-0003060,1653091200000000000,2022-06-24,Canada,Tourist,Singapore,5,2022,Spring,34,5,0,Q2,34
VISA-0003061,1647388800000000000,2022-04-17,Germany,Tourist,Mumbai,3,2022,Spring,32,2,0,Q1,32
VISA-0003062,1662940800000000000,2022-10-28,Unknown,Business,Ottawa,9,2022,Autumn,46,0,0,Q3,46
VISA-0003063,1666310400000000000,2022-11-25,Germany,Student,Sydney,10,2022,Autumn,35,4,0,Q4,35
VISA-0003064,1638057600000000000,2022-02-01,Pakistan,Student,Mumbai,11,2021,Autumn,65,6,0,Q4,65
VISA-0003065,1637193600000000000,2022-01-29,Germany,Work,Johannesburg,11,2021,Autumn,72,3,0,Q4,72
VISA-0003066,1645920000000000000,2022-06-20,Nigeria,Student,Dubai,2,2022,Winter,113,6,0,Q1,113
VISA-0003067,1683158400000000000,2023-06-04,India,Tourist,Singapore,5,2023,Spring,31,3,0,Q2,31
VISA-0003068,1663545600000000000,2022-10-26,Nigeria,Tourist,Chennai,9,2022,Autumn,37,0,0,Q3,37
VISA-0003069,1671235200000000000,2023-01-24,UK,Tourist,Berlin,12,2022,Winter,38,5,1,Q4,38
VISA-0003070,1722816000000000000,2024-10-12,UK,Work,Mumbai,8,2024,Summer,68,0,1,Q3,68
VISA-0003071,1647388800000000000,2022-05-02,Kenya,Student,New Delhi,3,2022,Spring,47,2,0,Q1,47
VISA-0003072,1752883200000000000,2025-09-02,Kenya,Student,Berlin,7,2025,Summer,45,5,1,Q3,45
VISA-0003073,1727913600000000000,2024-11-28,Mexico,Work,New Delhi,10,2024,Autumn,56,3,0,Q4,56
VISA-0003074,1636934400000000000,2021-12-11,India,Transit,London,11,2021,Autumn,26,0,0,Q4,26
VISA-0003075,1658880000000000000,2022-09-08,Mexico,Tourist,Paris,7,2022,Summer,43,2,1,Q3,43
VISA-0003076,1638316800000000000,2022-02-02,Australia,Student,Sydney,12,2021,Winter,63,2,1,Q4,63
VISA-0003077,1652400000000000000,2022-07-04,France,Student,Ottawa,5,2022,Spring,52,4,0,Q2,52
VISA-0003078,1667088000000000000,2022-12-05,China,Business,London,10,2022,Autumn,36,6,0,Q4,36
VISA-0003079,1630022400000000000,2021-10-06,Canada,Business,Berlin,8,2021,Summer,40,4,1,Q3,40
VISA-0003080,1611705600000000000,2021-05-11,Pakistan,Business,Johannesburg,1,2021,Winter,104,2,0,Q1,104
VISA-0003081,1678579200000000000,2023-04-22,UK,Tourist,Paris,3,2023,Spring,41,6,0,Q1,41
VISA-0003082,1719964800000000000,2024-09-09,Kenya,Student,London,7,2024,Summer,68,2,1,Q3,68
VISA-0003083,1657152000000000000,2022-08-13,Germany,Business,Ottawa,7,2022,Summer,37,3,1,Q3,37
VISA-0003084,1745107200000000000,2025-06-01,Canada,Student,Mumbai,4,2025,Spring,42,6,0,Q2,42
VISA-0003085,1667606400000000000,2022-12-04,India,Transit,Mumbai,11,2022,Autumn,29,5,0,Q4,29
VISA-0003086,1751414400000000000,2025-08-23,Bangladesh,Student,Chennai,7,2025,Summer,52,2,1,Q3,52
VISA-0003087,1646611200000000000,2022-05-03,Pakistan,Student,Ottawa,3,2022,Spring,57,0,0,Q1,57
VISA-0003088,1694476800000000000,2023-11-08,Australia,Student,Johannesburg,9,2023,Autumn,57,1,0,Q3,57
VISA-0003089,1729728000000000000,2025-01-26,Bangladesh,Student,Singapore,10,2024,Autumn,94,3,0,Q4,94
VISA-0003090,1618704000000000000,2021-06-18,Pakistan,Dependent,Mumbai,4,2021,Spring,61,6,0,Q2,61
VISA-0003091,1756080000000000000,2025-10-03,Brazil,Tourist,London,8,2025,Summer,39,0,1,Q3,39
VISA-0003092,1667001600000000000,2023-01-09,China,Work,New Delhi,10,2022,Autumn,72,5,0,Q4,72
VISA-0003093,1687910400000000000,2023-09-05,Australia,Work,New Delhi,6,2023,Summer,69,2,1,Q2,69
VISA-0003094,1708473600000000000,2024-03-26,France,Dependent,Ottawa,2,2024,Winter,34,2,0,Q1,34
VISA-0003095,1710806400000000000,2024-05-11,Canada,Work,Johannesburg,3,2024,Spring,53,1,0,Q1,53
VISA-0003096,1613174400000000000,2021-03-18,UK,Transit,Chennai,2,2021,Winter,33,5,0,Q1,33
VISA-0003097,1746144000000000000,2025-06-10,Nigeria,Dependent,Berlin,5,2025,Spring,39,4,0,Q2,39
VISA-0003098,1707782400000000000,2024-03-15,Philippines,Tourist,Ottawa,2,2024,Winter,31,1,0,Q1,31
VISA-0003099,1766880000000000000,2026-02-02,France,Dependent,Sydney,12,2025,Winter,36,6,1,Q4,36
VISA-0003100,1683763200000000000,2023-06-04,France,Transit,Singapore,5,2023,Spring,24,3,0,Q2,24
VISA-0003101,1706140800000000000,2024-02-17,Canada,Tourist,Singapore,1,2024,Winter,23,3,0,Q1,23
VISA-0003102,1678924800000000000,2023-04-28,Brazil,Work,Singapore,3,2023,Spring,43,3,0,Q1,43
VISA-0003103,1749686400000000000,2025-07-11,France,Tourist,Ottawa,6,2025,Summer,29,3,1,Q2,29
VISA-0003104,1740700800000000000,2025-04-21,Australia,Work,Unknown,2,2025,Winter,52,4,0,Q1,52
VISA-0003105,1752710400000000000,2025-08-29,China,Tourist,Johannesburg,7,2025,Summer,43,3,1,Q3,43
VISA-0003106,1688947200000000000,2023-08-20,France,Business,Johannesburg,7,2023,Summer,41,0,1,Q3,41
VISA-0003107,1734220800000000000,2025-02-05,Philippines,Student,Singapore,12,2024,Winter,52,6,1,Q4,52
VISA-0003108,1665964800000000000,2022-12-24,Bangladesh,Work,Sydney,10,2022,Autumn,68,0,0,Q4,68
VISA-0003109,1682121600000000000,2023-06-06,China,Tourist,London,4,2023,Spring,45,5,0,Q2,45
VISA-0003110,1729296000000000000,2024-12-11,UK,Work,Mumbai,10,2024,Autumn,53,5,0,Q4,53
VISA-0003111,1622246400000000000,2021-07-11,UK,Student,Ottawa,5,2021,Spring,43,5,0,Q2,43
VISA-0003112,1721433600000000000,2024-09-19,UK,Work,London,7,2024,Summer,61,5,1,Q3,61
VISA-0003113,1611878400000000000,2021-03-08,France,Tourist,London,1,2021,Winter,38,4,0,Q1,38
VISA-0003114,1700956800000000000,2023-12-30,Kenya,Tourist,Johannesburg,11,2023,Autumn,34,6,0,Q4,34
VISA-0003115,1684627200000000000,2023-07-13,France,Student,Berlin,5,2023,Spring,53,6,0,Q2,53
VISA-0003116,1683331200000000000,2023-07-24,Germany,Dependent,Chennai,5,2023,Spring,79,5,0,Q2,79
VISA-0003117,1687392000000000000,2023-08-01,Kenya,Tourist,Berlin,6,2023,Summer,40,3,1,Q2,40
VISA-0003118,1686960000000000000,2023-08-18,UK,Work,Berlin,6,2023,Summer,62,5,1,Q2,62
VISA-0003119,1673654400000000000,2023-02-12,UK,Unknown,Sydney,1,2023,Winter,29,5,0,Q1,29
VISA-0003120,1680566400000000000,2023-05-17,Pakistan,Business,Johannesburg,4,2023,Spring,43,1,0,Q2,43
VISA-0003121,1698969600000000000,2023-12-09,Germany,Tourist,Johannesburg,11,2023,Autumn,36,4,0,Q4,36
VISA-0003122,1729814400000000000,2024-11-30,India,Student,Ottawa,10,2024,Autumn,36,4,0,Q4,36
VISA-0003123,1696464000000000000,2023-12-02,Pakistan,Student,Sydney,10,2023,Autumn,58,3,0,Q4,58
VISA-0003124,1710720000000000000,2024-04-28,Nigeria,Tourist,Chennai,3,2024,Spring,41,0,0,Q1,41
VISA-0003125,1741305600000000000,2025-03-23,Australia,Tourist,Paris,3,2025,Spring,16,4,0,Q1,16
VISA-0003126,1765411200000000000,2026-01-30,China,Student,Johannesburg,12,2025,Winter,50,3,1,Q4,50
VISA-0003127,1721865600000000000,2024-09-22,UK,Student,Berlin,7,2024,Summer,59,3,1,Q3,59
VISA-0003128,1644883200000000000,2022-03-10,Canada,Transit,Chennai,2,2022,Winter,23,1,0,Q1,23
VISA-0003129,1640476800000000000,2022-02-26,Australia,Student,Sydney,12,2021,Winter,62,6,1,Q4,62
VISA-0003130,1734480000000000000,2025-01-22,France,Dependent,Paris,12,2024,Winter,35,2,1,Q4,35
VISA-0003131,1743120000000000000,2025-05-21,Mexico,Student,New Delhi,3,2025,Spring,54,4,0,Q1,54
VISA-0003132,1730937600000000000,2024-11-28,Australia,Tourist,Dubai,11,2024,Autumn,21,3,0,Q4,21
VISA-0003133,1766275200000000000,2026-02-03,Philippines,Tourist,Berlin,12,2025,Winter,44,6,1,Q4,44
VISA-0003134,1714694400000000000,2024-06-16,Kenya,Student,Sydney,5,2024,Spring,44,4,0,Q2,44
VISA-0003135,1747094400000000000,2025-06-06,Germany,Tourist,Berlin,5,2025,Spring,24,1,0,Q2,24
VISA-0003136,1628121600000000000,2021-10-05,India,Dependent,Singapore,8,2021,Summer,61,3,1,Q3,61
VISA-0003137,1749772800000000000,2025-08-21,Canada,Work,Mumbai,6,2025,Summer,69,4,1,Q2,69
VISA-0003138,1634688000000000000,2022-01-04,Nigeria,Work,Dubai,10,2021,Autumn,76,2,0,Q4,76
VISA-0003139,1658966400000000000,2022-09-23,Canada,Student,Paris,7,2022,Summer,57,3,1,Q3,57
VISA-0003140,1629590400000000000,2021-10-21,China,Student,Singapore,8,2021,Summer,60,6,1,Q3,60
VISA-0003141,1672790400000000000,2023-03-11,Kenya,Work,Sydney,1,2023,Winter,66,2,0,Q1,66
VISA-0003142,1727481600000000000,2024-10-19,Australia,Tourist,Johannesburg,9,2024,Autumn,21,5,0,Q3,21
VISA-0003143,1651708800000000000,2022-06-08,Philippines,Tourist,London,5,2022,Spring,34,3,0,Q2,34
VISA-0003144,1739059200000000000,2025-03-17,Mexico,Tourist,Ottawa,2,2025,Winter,36,6,0,Q1,36
VISA-0003145,1705017600000000000,2024-03-20,Canada,Tourist,Singapore,1,2024,Winter,68,4,0,Q1,68
VISA-0003146,1708560000000000000,2024-04-16,Australia,Work,Ottawa,2,2024,Winter,54,3,0,Q1,54
VISA-0003147,1757462400000000000,2025-10-04,Brazil,Tourist,London,9,2025,Autumn,24,2,0,Q3,24
VISA-0003148,1677542400000000000,2023-04-14,India,Tourist,Dubai,2,2023,Winter,45,1,0,Q1,45
VISA-0003149,1663718400000000000,2022-11-22,Nigeria,Dependent,Dubai,9,2022,Autumn,62,2,0,Q3,62
VISA-0003150,1766275200000000000,2026-01-14,Philippines,Transit,Johannesburg,12,2025,Winter,24,6,1,Q4,24
VISA-0003151,1697241600000000000,2023-12-18,Bangladesh,Student,Dubai,10,2023,Autumn,65,5,0,Q4,65
VISA-0003152,1706313600000000000,2024-03-09,Brazil,Student,Chennai,1,2024,Winter,42,5,0,Q1,42
VISA-0003153,1656115200000000000,2022-07-31,Australia,Business,New Delhi,6,2022,Summer,36,5,1,Q2,36
VISA-0003154,1643414400000000000,2022-03-12,UK,Tourist,Johannesburg,1,2022,Winter,42,5,0,Q1,42
VISA-0003155,1636156800000000000,2021-12-28,Kenya,Student,Ottawa,11,2021,Autumn,52,5,0,Q4,52
VISA-0003156,1644624000000000000,2022-04-01,Nigeria,Tourist,Chennai,2,2022,Winter,48,5,0,Q1,48
VISA-0003157,1640217600000000000,2022-02-20,Unknown,Student,Chennai,12,2021,Winter,59,3,1,Q4,59
VISA-0003158,1727136000000000000,2024-10-19,Nigeria,Transit,Mumbai,9,2024,Autumn,25,1,0,Q3,25
VISA-0003159,1618531200000000000,2021-05-23,UK,Business,Chennai,4,2021,Spring,37,4,0,Q2,37
VISA-0003160,1708646400000000000,2024-03-14,Germany,Transit,Paris,2,2024,Winter,20,4,0,Q1,20
VISA-0003161,1759104000000000000,2025-10-26,Brazil,Business,Berlin,9,2025,Autumn,27,0,0,Q3,27
VISA-0003162,1730160000000000000,2024-12-29,Kenya,Work,Dubai,10,2024,Autumn,61,1,0,Q4,61
VISA-0003163,1672963200000000000,2023-02-18,Australia,Business,New Delhi,1,2023,Winter,43,4,0,Q1,43
VISA-0003164,1618790400000000000,2021-06-21,Unknown,Work,Berlin,4,2021,Spring,63,0,0,Q2,63
VISA-0003165,1740960000000000000,2025-04-29,Mexico,Student,Johannesburg,3,2025,Spring,57,0,0,Q1,57
VISA-0003166,1609891200000000000,2021-02-15,Germany,Tourist,Johannesburg,1,2021,Winter,40,2,0,Q1,40
VISA-0003167,1716854400000000000,2024-07-13,China,Student,Ottawa,5,2024,Spring,46,1,0,Q2,46
VISA-0003168,1715212800000000000,2024-06-12,China,Tourist,Dubai,5,2024,Spring,34,3,0,Q2,34
VISA-0003169,1639699200000000000,2022-02-15,Kenya,Student,London,12,2021,Winter,60,4,1,Q4,60
VISA-0003170,1726099200000000000,2024-10-02,Canada,Tourist,Singapore,9,2024,Autumn,20,3,0,Q3,20
VISA-0003171,1637107200000000000,2022-01-11,Australia,Work,Johannesburg,11,2021,Autumn,55,2,0,Q4,55
VISA-0003172,1644969600000000000,2022-05-01,Philippines,Tourist,Chennai,2,2022,Winter,74,2,0,Q1,74
VISA-0003173,1737417600000000000,2025-02-10,Brazil,Tourist,Sydney,1,2025,Winter,20,1,0,Q1,20
VISA-0003174,1763769600000000000,2026-01-06,China,Student,Chennai,11,2025,Autumn,45,5,0,Q4,45
VISA-0003175,1651190400000000000,2022-05-28,UK,Tourist,Dubai,4,2022,Spring,29,4,0,Q2,29
VISA-0003176,1754697600000000000,2025-08-30,Germany,Transit,London,8,2025,Summer,21,5,1,Q3,21
VISA-0003177,1753401600000000000,2025-09-08,Philippines,Student,Berlin,7,2025,Summer,45,4,1,Q3,45
VISA-0003178,1730764800000000000,2024-12-18,France,Student,Johannesburg,11,2024,Autumn,43,1,0,Q4,43
VISA-0003179,1631491200000000000,2021-10-15,Brazil,Tourist,Singapore,9,2021,Autumn,32,0,0,Q3,32
VISA-0003180,1656633600000000000,2022-08-29,Unknown,Dependent,Chennai,7,2022,Summer,59,4,1,Q3,59
VISA-0003181,1716249600000000000,2024-07-19,Brazil,Work,Mumbai,5,2024,Spring,59,1,0,Q2,59
VISA-0003182,1766966400000000000,2026-02-19,Bangladesh,Student,Paris,12,2025,Winter,52,0,1,Q4,52
VISA-0003183,1737849600000000000,2025-03-07,China,Tourist,New Delhi,1,2025,Winter,40,6,0,Q1,40
VISA-0003184,1675641600000000000,2023-03-08,Philippines,Business,Ottawa,2,2023,Winter,30,0,0,Q1,30
VISA-0003185,1646524800000000000,2022-04-25,Pakistan,Dependent,Johannesburg,3,2022,Spring,50,6,0,Q1,50
VISA-0003186,1760832000000000000,2025-12-09,Pakistan,Student,Ottawa,10,2025,Autumn,51,6,0,Q4,51
VISA-0003187,1653004800000000000,2022-07-09,Philippines,Tourist,New Delhi,5,2022,Spring,50,4,0,Q2,50
VISA-0003188,1663372800000000000,2022-10-30,UK,Tourist,Johannesburg,9,2022,Autumn,43,5,0,Q3,43
VISA-0003189,1761523200000000000,2025-12-05,Pakistan,Tourist,Berlin,10,2025,Autumn,39,0,0,Q4,39
VISA-0003190,1698019200000000000,2023-12-11,Mexico,Business,London,10,2023,Autumn,49,0,0,Q4,49
VISA-0003191,1651104000000000000,2022-06-02,Mexico,Transit,Dubai,4,2022,Spring,35,3,0,Q2,35
VISA-0003192,1610236800000000000,2021-02-17,UK,Transit,Dubai,1,2021,Winter,38,6,0,Q1,38
VISA-0003193,1677196800000000000,2023-04-01,Kenya,Business,Dubai,2,2023,Winter,36,4,0,Q1,36
VISA-0003194,1764892800000000000,2026-01-13,Germany,Tourist,Johannesburg,12,2025,Winter,39,4,1,Q4,39
VISA-0003195,1677628800000000000,2023-03-30,Bangladesh,Transit,Paris,3,2023,Spring,29,2,0,Q1,29
VISA-0003196,1719705600000000000,2024-07-25,Australia,Tourist,Chennai,6,2024,Summer,25,6,1,Q2,25
VISA-0003197,1649289600000000000,2022-05-06,Australia,Tourist,Johannesburg,4,2022,Spring,29,3,0,Q2,29
VISA-0003198,1731715200000000000,2025-01-14,Pakistan,Work,Johannesburg,11,2024,Autumn,59,5,0,Q4,59
VISA-0003199,1731715200000000000,2025-01-19,China,Tourist,New Delhi,11,2024,Autumn,64,5,0,Q4,64
VISA-0003200,1705363200000000000,2024-02-25,Bangladesh,Business,London,1,2024,Winter,40,1,0,Q1,40
VISA-0003201,1731110400000000000,2024-12-10,Bangladesh,Transit,Dubai,11,2024,Autumn,31,5,0,Q4,31
VISA-0003202,1700697600000000000,2023-12-23,Mexico,Business,Singapore,11,2023,Autumn,30,3,0,Q4,30
VISA-0003203,1669075200000000000,2023-01-08,France,Business,Berlin,11,2022,Autumn,47,1,0,Q4,47
VISA-0003204,1725753600000000000,2024-10-27,Australia,Student,Dubai,9,2024,Autumn,49,6,0,Q3,49
VISA-0003205,1741132800000000000,2025-03-26,Brazil,Tourist,London,3,2025,Spring,21,2,0,Q1,21
VISA-0003206,1741996800000000000,2025-04-26,Philippines,Business,Mumbai,3,2025,Spring,42,5,0,Q1,42
VISA-0003207,1642982400000000000,2022-03-31,Canada,Work,Singapore,1,2022,Winter,66,0,0,Q1,66
VISA-0003208,1716076800000000000,2024-06-23,Canada,Dependent,Sydney,5,2024,Spring,35,6,0,Q2,35
VISA-0003209,1610064000000000000,2021-02-26,Mexico,Tourist,Sydney,1,2021,Winter,49,4,0,Q1,49
VISA-0003210,1699574400000000000,2023-12-13,Nigeria,Tourist,Johannesburg,11,2023,Autumn,33,4,0,Q4,33
VISA-0003211,1699488000000000000,2023-12-28,Mexico,Student,Mumbai,11,2023,Autumn,49,3,0,Q4,49
VISA-0003212,1666742400000000000,2022-12-22,Canada,Work,Chennai,10,2022,Autumn,57,2,0,Q4,57
VISA-0003213,1766188800000000000,2026-02-03,Philippines,Business,Singapore,12,2025,Winter,45,5,1,Q4,45
VISA-0003214,1748649600000000000,2025-06-20,Bangladesh,Transit,London,5,2025,Spring,20,5,0,Q2,20
VISA-0003215,1615507200000000000,2021-04-22,Brazil,Tourist,Johannesburg,3,2021,Spring,41,4,0,Q1,41
VISA-0003216,1642377600000000000,2022-03-15,Pakistan,Student,Singapore,1,2022,Winter,57,0,0,Q1,57
VISA-0003217,1642204800000000000,2022-03-01,Mexico,Tourist,Mumbai,1,2022,Winter,45,5,0,Q1,45
VISA-0003218,1750982400000000000,2025-07-25,UK,Tourist,Sydney,6,2025,Summer,28,4,1,Q2,28
VISA-0003219,1691280000000000000,2023-10-03,UK,Unknown,Paris,8,2023,Summer,58,6,1,Q3,58
VISA-0003220,1724371200000000000,2024-10-28,Kenya,Work,Sydney,8,2024,Summer,66,4,1,Q3,66
VISA-0003221,1737158400000000000,2025-03-14,India,Student,Chennai,1,2025,Winter,55,5,0,Q1,55
VISA-0003222,1730419200000000000,2024-12-04,France,Student,New Delhi,11,2024,Autumn,33,4,0,Q4,33
VISA-0003223,1623456000000000000,2021-09-05,Brazil,Work,Unknown,6,2021,Summer,85,5,1,Q2,85
VISA-0003224,1631577600000000000,2021-11-09,India,Business,Mumbai,9,2021,Autumn,56,1,0,Q3,56
VISA-0003225,1671753600000000000,2023-01-31,UK,Tourist,Chennai,12,2022,Winter,39,4,1,Q4,39
VISA-0003226,1662768000000000000,2022-10-11,Canada,Tourist,London,9,2022,Autumn,31,5,0,Q3,31
VISA-0003227,1727222400000000000,2024-11-15,Canada,Work,Singapore,9,2024,Autumn,51,2,0,Q3,51
VISA-0003228,1634083200000000000,2021-11-28,Kenya,Business,Sydney,10,2021,Autumn,46,2,0,Q4,46
VISA-0003229,1668038400000000000,2022-12-26,Mexico,Business,Mumbai,11,2022,Autumn,46,3,0,Q4,46
VISA-0003230,1646697600000000000,2022-05-04,Pakistan,Tourist,New Delhi,3,2022,Spring,57,1,0,Q1,57
VISA-0003231,1639180800000000000,2022-02-14,Canada,Student,Mumbai,12,2021,Winter,65,5,1,Q4,65
VISA-0003232,1636675200000000000,2022-01-06,China,Dependent,London,11,2021,Autumn,55,4,0,Q4,55
VISA-0003233,1640217600000000000,2022-02-25,India,Student,Paris,12,2021,Winter,64,3,1,Q4,64
VISA-0003234,1698364800000000000,2023-12-15,India,Student,New Delhi,10,2023,Autumn,49,4,0,Q4,49
VISA-0003235,1674086400000000000,2023-02-13,Philippines,Transit,Ottawa,1,2023,Winter,25,3,0,Q1,25
VISA-0003236,1678060800000000000,2023-04-09,Philippines,Tourist,Ottawa,3,2023,Spring,34,0,0,Q1,34
VISA-0003237,1684972800000000000,2023-09-16,India,Work,Mumbai,5,2023,Spring,114,3,0,Q2,114
VISA-0003238,1726272000000000000,2024-10-27,Brazil,Dependent,New Delhi,9,2024,Autumn,43,5,0,Q3,43
VISA-0003239,1745280000000000000,2025-05-21,Mexico,Tourist,Chennai,4,2025,Spring,29,1,0,Q2,29
VISA-0003240,1692403200000000000,2023-10-08,Pakistan,Business,Mumbai,8,2023,Summer,50,5,1,Q3,50
VISA-0003241,1710720000000000000,2024-05-04,Kenya,Student,Paris,3,2024,Spring,47,0,0,Q1,47
VISA-0003242,1725840000000000000,2024-11-24,UK,Dependent,Johannesburg,9,2024,Autumn,76,0,0,Q3,76
VISA-0003243,1718236800000000000,2024-08-13,Australia,Dependent,Dubai,6,2024,Summer,61,3,1,Q2,61
VISA-0003244,1630627200000000000,2021-10-19,Canada,Dependent,Paris,9,2021,Autumn,46,4,0,Q3,46
VISA-0003245,1764374400000000000,2025-12-26,Mexico,Tourist,Paris,11,2025,Autumn,27,5,0,Q4,27
VISA-0003246,1635379200000000000,2021-11-30,Germany,Business,Singapore,10,2021,Autumn,33,3,0,Q4,33
VISA-0003247,1674345600000000000,2023-03-09,Brazil,Dependent,Mumbai,1,2023,Winter,46,6,0,Q1,46
VISA-0003248,1712275200000000000,2024-05-16,France,Work,Johannesburg,4,2024,Spring,41,4,0,Q2,41
VISA-0003249,1673049600000000000,2023-03-19,Philippines,Work,Unknown,1,2023,Winter,71,5,0,Q1,71
VISA-0003250,1647734400000000000,2022-04-13,Canada,Tourist,Sydney,3,2022,Spring,24,6,0,Q1,24
VISA-0003251,1755043200000000000,2025-09-27,France,Dependent,Paris,8,2025,Summer,45,2,1,Q3,45
VISA-0003252,1620691200000000000,2021-06-16,Pakistan,Tourist,Unknown,5,2021,Spring,36,1,0,Q2,36
VISA-0003253,1648166400000000000,2022-05-02,France,Tourist,Chennai,3,2022,Spring,38,4,0,Q1,38
VISA-0003254,1766016000000000000,2026-02-16,Philippines,Dependent,New Delhi,12,2025,Winter,60,3,1,Q4,60
VISA-0003255,1623110400000000000,2021-07-30,China,Dependent,Mumbai,6,2021,Summer,52,1,1,Q2,52
VISA-0003256,1728432000000000000,2024-10-27,UK,Transit,New Delhi,10,2024,Autumn,18,2,0,Q4,18
VISA-0003257,1762300800000000000,2025-12-16,China,Student,Ottawa,11,2025,Autumn,41,2,0,Q4,41
VISA-0003258,1624838400000000000,2021-08-08,UK,Unknown,Paris,6,2021,Summer,41,0,1,Q2,41
VISA-0003259,1674691200000000000,2023-03-21,Nigeria,Student,London,1,2023,Winter,54,3,0,Q1,54
VISA-0003260,1683244800000000000,2023-06-02,France,Tourist,Dubai,5,2023,Spring,28,4,0,Q2,28
VISA-0003261,1630108800000000000,2021-10-17,Australia,Dependent,Chennai,8,2021,Summer,50,5,1,Q3,50
VISA-0003262,1641081600000000000,2022-03-24,Nigeria,Work,Dubai,1,2022,Winter,81,6,0,Q1,81
VISA-0003263,1636848000000000000,2021-12-19,Australia,Student,Johannesburg,11,2021,Autumn,35,6,0,Q4,35
VISA-0003264,1638662400000000000,2022-02-08,China,Tourist,London,12,2021,Winter,65,6,1,Q4,65
VISA-0003265,1673049600000000000,2023-03-02,China,Student,Sydney,1,2023,Winter,54,5,0,Q1,54
VISA-0003266,1682553600000000000,2023-06-13,Kenya,Dependent,Johannesburg,4,2023,Spring,47,3,0,Q2,47
VISA-0003267,1646956800000000000,2022-05-26,Bangladesh,Work,Dubai,3,2022,Spring,76,4,0,Q1,76
VISA-0003268,1655078400000000000,2022-07-22,Philippines,Tourist,Ottawa,6,2022,Summer,39,0,1,Q2,39
VISA-0003269,1639699200000000000,2022-01-30,Canada,Tourist,Mumbai,12,2021,Winter,44,4,1,Q4,44
VISA-0003270,1734912000000000000,2025-02-20,Brazil,Student,Johannesburg,12,2024,Winter,59,0,1,Q4,59
VISA-0003271,1642809600000000000,2022-02-21,UK,Tourist,Dubai,1,2022,Winter,30,5,0,Q1,30
VISA-0003272,1752537600000000000,2025-09-03,France,Dependent,New Delhi,7,2025,Summer,50,1,1,Q3,50
VISA-0003273,1694390400000000000,2023-10-29,Australia,Work,Dubai,9,2023,Autumn,48,0,0,Q3,48
VISA-0003274,1735948800000000000,2025-02-04,Nigeria,Tourist,Johannesburg,1,2025,Winter,31,5,0,Q1,31
VISA-0003275,1709769600000000000,2024-05-18,Philippines,Business,Johannesburg,3,2024,Spring,72,3,0,Q1,72
VISA-0003276,1651363200000000000,2022-06-15,Canada,Student,Chennai,5,2022,Spring,45,6,0,Q2,45
VISA-0003277,1704240000000000000,2024-02-15,China,Tourist,Ottawa,1,2024,Winter,43,2,0,Q1,43
VISA-0003278,1652659200000000000,2022-08-03,Philippines,Work,Johannesburg,5,2022,Spring,79,0,0,Q2,79
VISA-0003279,1628121600000000000,2021-10-07,Bangladesh,Tourist,Paris,8,2021,Summer,63,3,1,Q3,63
VISA-0003280,1649548800000000000,2022-06-09,China,Student,Dubai,4,2022,Spring,60,6,0,Q2,60
VISA-0003281,1652918400000000000,2022-07-03,Nigeria,Dependent,London,5,2022,Spring,45,3,0,Q2,45
VISA-0003282,1630713600000000000,2021-10-24,Bangladesh,Dependent,Paris,9,2021,Autumn,50,5,0,Q3,50
VISA-0003283,1613174400000000000,2021-05-23,Unknown,Unknown,Dubai,2,2021,Winter,99,5,0,Q1,99
VISA-0003284,1758240000000000000,2025-11-20,Kenya,Work,Sydney,9,2025,Autumn,62,4,0,Q3,62
VISA-0003285,1690329600000000000,2023-09-02,Brazil,Tourist,Johannesburg,7,2023,Summer,38,2,1,Q3,38
VISA-0003286,1672790400000000000,2023-03-19,Nigeria,Work,Ottawa,1,2023,Winter,74,2,0,Q1,74
VISA-0003287,1756080000000000000,2025-10-03,Australia,Tourist,Dubai,8,2025,Summer,39,0,1,Q3,39
VISA-0003288,1644883200000000000,2022-04-25,Unknown,Work,New Delhi,2,2022,Winter,69,1,0,Q1,69
VISA-0003289,1672963200000000000,2023-03-31,Mexico,Tourist,Berlin,1,2023,Winter,84,4,0,Q1,84
VISA-0003290,1742947200000000000,2025-05-03,UK,Dependent,Dubai,3,2025,Spring,38,2,0,Q1,38
VISA-0003291,1709078400000000000,2024-04-01,Canada,Dependent,Singapore,2,2024,Winter,33,2,0,Q1,33
VISA-0003292,1672358400000000000,2023-02-12,Philippines,Tourist,London,12,2022,Winter,44,4,1,Q4,44
VISA-0003293,1649721600000000000,2022-05-26,Brazil,Business,Johannesburg,4,2022,Spring,44,1,0,Q2,44
VISA-0003294,1614988800000000000,2021-04-16,Kenya,Unknown,Dubai,3,2021,Spring,41,5,0,Q1,41
VISA-0003295,1622851200000000000,2021-07-28,India,Business,Chennai,6,2021,Summer,53,5,1,Q2,53
VISA-0003296,1634947200000000000,2021-12-03,France,Tourist,Mumbai,10,2021,Autumn,41,5,0,Q4,41
VISA-0003297,1733443200000000000,2025-01-13,Mexico,Tourist,Chennai,12,2024,Winter,38,4,1,Q4,38
VISA-0003298,1710201600000000000,2024-05-15,India,Work,London,3,2024,Spring,64,1,0,Q1,64
VISA-0003299,1677801600000000000,2023-04-23,UK,Student,Dubai,3,2023,Spring,51,4,0,Q1,51
VISA-0003300,1732838400000000000,2025-01-16,UK,Student,Singapore,11,2024,Autumn,48,4,0,Q4,48
VISA-0003301,1634774400000000000,2021-12-23,China,Student,Johannesburg,10,2021,Autumn,63,3,0,Q4,63
VISA-0003302,1642636800000000000,2022-02-16,India,Tourist,Berlin,1,2022,Winter,27,3,0,Q1,27
VISA-0003303,1671321600000000000,2023-02-05,China,Tourist,Sydney,12,2022,Winter,49,6,1,Q4,49
VISA-0003304,1754092800000000000,2025-11-04,Nigeria,Work,Dubai,8,2025,Summer,94,5,1,Q3,94
VISA-0003305,1706227200000000000,2024-03-28,China,Work,London,1,2024,Winter,62,4,0,Q1,62
VISA-0003306,1743638400000000000,2025-04-23,UK,Tourist,Chennai,4,2025,Spring,20,3,0,Q2,20
VISA-0003307,1648512000000000000,2022-05-19,China,Student,Sydney,3,2022,Spring,51,1,0,Q1,51
VISA-0003308,1743206400000000000,2025-05-20,France,Work,Unknown,3,2025,Spring,52,5,0,Q1,52
VISA-0003309,1620864000000000000,2021-07-15,Australia,Work,New Delhi,5,2021,Spring,63,3,0,Q2,63
VISA-0003310,1645315200000000000,2022-04-04,Germany,Business,Mumbai,2,2022,Winter,43,6,0,Q1,43
VISA-0003311,1691884800000000000,2023-09-30,Kenya,Student,Mumbai,8,2023,Summer,48,6,1,Q3,48
VISA-0003312,1617408000000000000,2021-06-03,Kenya,Student,Unknown,4,2021,Spring,61,5,0,Q2,61
VISA-0003313,1744761600000000000,2025-06-09,India,Work,Mumbai,4,2025,Spring,54,2,0,Q2,54
VISA-0003314,1746230400000000000,2025-07-07,Brazil,Tourist,Mumbai,5,2025,Spring,65,5,0,Q2,65
VISA-0003315,1694822400000000000,2023-10-14,Germany,Tourist,New Delhi,9,2023,Autumn,28,5,0,Q3,28
VISA-0003316,1657670400000000000,2022-08-30,Brazil,Unknown,London,7,2022,Summer,48,2,1,Q3,48
VISA-0003317,1625011200000000000,2021-09-27,Germany,Dependent,Berlin,6,2021,Summer,89,2,1,Q2,89
VISA-0003318,1707004800000000000,2024-03-03,Germany,Tourist,Mumbai,2,2024,Winter,28,6,0,Q1,28
VISA-0003319,1694217600000000000,2023-11-09,Kenya,Work,London,9,2023,Autumn,61,5,0,Q3,61
VISA-0003320,1729209600000000000,2024-12-17,Brazil,Work,Johannesburg,10,2024,Autumn,60,4,0,Q4,60
VISA-0003321,1704412800000000000,2024-02-22,Brazil,Student,Mumbai,1,2024,Winter,48,4,0,Q1,48
VISA-0003322,1629676800000000000,2021-10-29,India,Dependent,Johannesburg,8,2021,Summer,67,0,1,Q3,67
VISA-0003323,1628640000000000000,2021-12-17,Mexico,Unknown,Sydney,8,2021,Summer,128,2,1,Q3,128
VISA-0003324,1732579200000000000,2025-01-02,Mexico,Tourist,Berlin,11,2024,Autumn,37,1,0,Q4,37
VISA-0003325,1757376000000000000,2025-10-04,Philippines,Business,London,9,2025,Autumn,25,1,0,Q3,25
VISA-0003326,1626134400000000000,2021-09-17,Nigeria,Student,London,7,2021,Summer,66,1,1,Q3,66
VISA-0003327,1724284800000000000,2024-09-14,France,Tourist,Ottawa,8,2024,Summer,23,3,1,Q3,23
VISA-0003328,1763164800000000000,2025-12-18,Germany,Business,Mumbai,11,2025,Autumn,33,5,0,Q4,33
VISA-0003329,1679011200000000000,2023-05-14,Germany,Work,London,3,2023,Spring,58,4,0,Q1,58
VISA-0003330,1747612800000000000,2025-06-18,India,Tourist,Singapore,5,2025,Spring,30,0,0,Q2,30
VISA-0003331,1638921600000000000,2022-01-09,Philippines,Transit,New Delhi,12,2021,Winter,32,2,1,Q4,32
VISA-0003332,1692576000000000000,2023-10-30,Germany,Work,Dubai,8,2023,Summer,70,0,1,Q3,70
VISA-0003333,1764633600000000000,2026-02-03,Mexico,Work,Berlin,12,2025,Winter,63,1,1,Q4,63
VISA-0003334,1726876800000000000,2024-10-22,Nigeria,Tourist,Mumbai,9,2024,Autumn,31,5,0,Q3,31
VISA-0003335,1616716800000000000,2021-04-30,Germany,Tourist,Mumbai,3,2021,Spring,35,4,0,Q1,35
VISA-0003336,1738800000000000000,2025-05-13,France,Student,Dubai,2,2025,Winter,96,3,0,Q1,96
VISA-0003337,1634860800000000000,2022-01-02,France,Work,Chennai,10,2021,Autumn,72,4,0,Q4,72
VISA-0003338,1727568000000000000,2024-11-25,Philippines,Student,Johannesburg,9,2024,Autumn,57,6,0,Q3,57
VISA-0003339,1707350400000000000,2024-04-03,Nigeria,Business,Chennai,2,2024,Winter,55,3,0,Q1,55
VISA-0003340,1654819200000000000,2022-07-19,Nigeria,Tourist,Mumbai,6,2022,Summer,39,4,1,Q2,39
VISA-0003341,1676246400000000000,2023-04-16,UK,Work,London,2,2023,Winter,62,0,0,Q1,62
VISA-0003342,1628035200000000000,2021-09-26,Nigeria,Business,London,8,2021,Summer,53,2,1,Q3,53
VISA-0003343,1764979200000000000,2026-01-19,Nigeria,Business,Mumbai,12,2025,Winter,44,5,1,Q4,44
VISA-0003344,1646956800000000000,2022-04-15,Canada,Business,Berlin,3,2022,Spring,35,4,0,Q1,35
VISA-0003345,1658102400000000000,2022-09-06,Philippines,Dependent,London,7,2022,Summer,50,0,1,Q3,50
VISA-0003346,1688688000000000000,2023-08-14,Mexico,Tourist,Sydney,7,2023,Summer,38,4,1,Q3,38
VISA-0003347,1715472000000000000,2024-07-14,Pakistan,Work,Chennai,5,2024,Spring,63,6,0,Q2,63
VISA-0003348,1689120000000000000,2023-08-10,Australia,Transit,Mumbai,7,2023,Summer,29,2,1,Q3,29
VISA-0003349,1689033600000000000,2023-09-07,Germany,Work,New Delhi,7,2023,Summer,58,1,1,Q3,58
VISA-0003350,1701302400000000000,2023-12-31,Philippines,Tourist,New Delhi,11,2023,Autumn,31,3,0,Q4,31
VISA-0003351,1744675200000000000,2025-05-01,Kenya,Transit,Singapore,4,2025,Spring,16,1,0,Q2,16
VISA-0003352,1671753600000000000,2023-02-04,Kenya,Tourist,Chennai,12,2022,Winter,43,4,1,Q4,43
VISA-0003353,1740614400000000000,2025-04-05,Philippines,Tourist,London,2,2025,Winter,37,3,0,Q1,37
VISA-0003354,1733529600000000000,2025-02-01,Germany,Tourist,Dubai,12,2024,Winter,56,5,1,Q4,56
VISA-0003355,1760918400000000000,2025-12-03,Brazil,Student,Mumbai,10,2025,Autumn,44,0,0,Q4,44
VISA-0003356,1753401600000000000,2025-09-08,Australia,Student,Dubai,7,2025,Summer,45,4,1,Q3,45
VISA-0003357,1735257600000000000,2025-02-16,Nigeria,Student,Sydney,12,2024,Winter,51,4,1,Q4,51
VISA-0003358,1648339200000000000,2022-05-05,Mexico,Dependent,Paris,3,2022,Spring,39,6,0,Q1,39
VISA-0003359,1731542400000000000,2025-01-06,China,Student,Mumbai,11,2024,Autumn,53,3,0,Q4,53
VISA-0003360,1725580800000000000,2024-10-24,France,Student,New Delhi,9,2024,Autumn,48,4,0,Q3,48
VISA-0003361,1655078400000000000,2022-08-16,Brazil,Dependent,Paris,6,2022,Summer,64,0,1,Q2,64
VISA-0003362,1716336000000000000,2024-06-15,France,Business,Ottawa,5,2024,Spring,24,2,0,Q2,24
VISA-0003363,1649289600000000000,2022-05-18,China,Tourist,New Delhi,4,2022,Spring,41,3,0,Q2,41
VISA-0003364,1691884800000000000,2023-09-24,Pakistan,Tourist,Dubai,8,2023,Summer,42,6,1,Q3,42
VISA-0003365,1735084800000000000,2025-03-10,Nigeria,Work,Sydney,12,2024,Winter,75,2,1,Q4,75
VISA-0003366,1639180800000000000,2022-01-31,Philippines,Dependent,Johannesburg,12,2021,Winter,51,5,1,Q4,51
VISA-0003367,1662508800000000000,2022-10-30,Canada,Work,Johannesburg,9,2022,Autumn,53,2,0,Q3,53
VISA-0003368,1734825600000000000,2025-02-04,China,Tourist,Sydney,12,2024,Winter,44,6,1,Q4,44
VISA-0003369,1680998400000000000,2023-05-04,Brazil,Business,Mumbai,4,2023,Spring,25,6,0,Q2,25
VISA-0003370,1760918400000000000,2025-12-07,Philippines,Work,Paris,10,2025,Autumn,48,0,0,Q4,48
VISA-0003371,1610668800000000000,2021-03-29,France,Work,Chennai,1,2021,Winter,73,4,0,Q1,73
VISA-0003372,1723248000000000000,2024-09-14,Philippines,Dependent,Singapore,8,2024,Summer,35,5,1,Q3,35
VISA-0003373,1737763200000000000,2025-03-07,Mexico,Business,Dubai,1,2025,Winter,41,5,0,Q1,41
VISA-0003374,1754179200000000000,2025-10-02,Mexico,Work,London,8,2025,Summer,60,6,1,Q3,60
VISA-0003375,1634169600000000000,2022-02-13,Bangladesh,Work,Johannesburg,10,2021,Autumn,122,3,0,Q4,122
VISA-0003376,1764633600000000000,2026-02-07,Philippines,Work,Sydney,12,2025,Winter,67,1,1,Q4,67
VISA-0003377,1671235200000000000,2023-02-09,Australia,Student,Ottawa,12,2022,Winter,54,5,1,Q4,54
VISA-0003378,1664928000000000000,2022-12-03,Philippines,Student,Chennai,10,2022,Autumn,59,2,0,Q4,59
VISA-0003379,1665446400000000000,2022-12-09,Pakistan,Work,Berlin,10,2022,Autumn,59,1,0,Q4,59
VISA-0003380,1710028800000000000,2024-05-12,India,Work,Chennai,3,2024,Spring,63,6,0,Q1,63
VISA-0003381,1713398400000000000,2024-06-03,Canada,Student,Mumbai,4,2024,Spring,46,3,0,Q2,46
VISA-0003382,1684108800000000000,2023-06-17,France,Unknown,Mumbai,5,2023,Spring,33,0,0,Q2,33
VISA-0003383,1620604800000000000,2021-07-24,Brazil,Work,Berlin,5,2021,Spring,75,0,0,Q2,75
VISA-0003384,1764979200000000000,2026-02-19,Nigeria,Work,Johannesburg,12,2025,Winter,75,5,1,Q4,75
VISA-0003385,1644451200000000000,2022-03-24,Bangladesh,Tourist,Chennai,2,2022,Winter,42,3,0,Q1,42
VISA-0003386,1624233600000000000,2021-08-31,India,Student,Chennai,6,2021,Summer,71,0,1,Q2,71
VISA-0003387,1703635200000000000,2024-02-15,Pakistan,Tourist,Dubai,12,2023,Winter,50,2,1,Q4,50
VISA-0003388,1674432000000000000,2023-02-19,Brazil,Transit,Mumbai,1,2023,Winter,27,0,0,Q1,27
VISA-0003389,1706486400000000000,2024-04-30,Canada,Dependent,New Delhi,1,2024,Winter,92,0,0,Q1,92
VISA-0003390,1747440000000000000,2025-07-14,Nigeria,Work,Berlin,5,2025,Spring,58,5,0,Q2,58
VISA-0003391,1624752000000000000,2021-09-11,Philippines,Student,Sydney,6,2021,Summer,76,6,1,Q2,76
VISA-0003392,1654214400000000000,2022-07-11,Canada,Business,New Delhi,6,2022,Summer,38,4,1,Q2,38
VISA-0003393,1690848000000000000,2023-10-01,Pakistan,Student,Chennai,8,2023,Summer,61,1,1,Q3,61
VISA-0003394,1733616000000000000,2025-01-12,Germany,Transit,Chennai,12,2024,Winter,35,6,1,Q4,35
VISA-0003395,1704153600000000000,2024-02-08,Mexico,Tourist,Berlin,1,2024,Winter,37,1,0,Q1,37
VISA-0003396,1669766400000000000,2023-01-14,Kenya,Tourist,Berlin,11,2022,Autumn,45,2,0,Q4,45
VISA-0003397,1705622400000000000,2024-03-20,Bangladesh,Work,Paris,1,2024,Winter,61,4,0,Q1,61
VISA-0003398,1763942400000000000,2025-12-24,Germany,Tourist,Mumbai,11,2025,Autumn,30,0,0,Q4,30
VISA-0003399,1685145600000000000,2023-07-25,India,Work,Singapore,5,2023,Spring,59,5,0,Q2,59
VISA-0003400,1748736000000000000,2025-07-28,Germany,Business,Chennai,6,2025,Summer,57,6,1,Q2,57
VISA-0003401,1732406400000000000,2025-01-06,Brazil,Tourist,Johannesburg,11,2024,Autumn,43,6,0,Q4,43
VISA-0003402,1656892800000000000,2022-09-11,UK,Student,Singapore,7,2022,Summer,69,0,1,Q3,69
VISA-0003403,1648771200000000000,2022-05-31,France,Work,Sydney,4,2022,Spring,60,4,0,Q2,60
VISA-0003404,1730851200000000000,2024-12-12,Mexico,Dependent,Paris,11,2024,Autumn,36,2,0,Q4,36
VISA-0003405,1642118400000000000,2022-03-16,Mexico,Student,Berlin,1,2022,Winter,61,4,0,Q1,61
VISA-0003406,1662508800000000000,2022-10-18,India,Tourist,Paris,9,2022,Autumn,41,2,0,Q3,41
VISA-0003407,1646524800000000000,2022-05-17,Bangladesh,Work,New Delhi,3,2022,Spring,72,6,0,Q1,72
VISA-0003408,1705017600000000000,2024-03-12,Germany,Student,New Delhi,1,2024,Winter,60,4,0,Q1,60
VISA-0003409,1655769600000000000,2022-08-02,Nigeria,Business,Singapore,6,2022,Summer,42,1,1,Q2,42
VISA-0003410,1713225600000000000,2024-06-03,Canada,Work,Paris,4,2024,Spring,48,1,0,Q2,48
VISA-0003411,1756857600000000000,2025-10-06,Brazil,Tourist,Dubai,9,2025,Autumn,33,2,0,Q3,33
VISA-0003412,1740268800000000000,2025-05-26,Nigeria,Business,London,2,2025,Winter,92,6,0,Q1,92
VISA-0003413,1758931200000000000,2025-11-11,Australia,Student,Ottawa,9,2025,Autumn,45,5,0,Q3,45
VISA-0003414,1613260800000000000,2021-03-28,China,Tourist,Ottawa,2,2021,Winter,42,6,0,Q1,42
VISA-0003415,1681257600000000000,2023-05-31,Brazil,Work,Ottawa,4,2023,Spring,49,2,0,Q2,49
VISA-0003416,1644105600000000000,2022-03-28,Bangladesh,Dependent,Dubai,2,2022,Winter,50,6,0,Q1,50
VISA-0003417,1754179200000000000,2025-10-07,Mexico,Work,Paris,8,2025,Summer,65,6,1,Q3,65
VISA-0003418,1721692800000000000,2024-08-25,Australia,Tourist,Ottawa,7,2024,Summer,33,1,1,Q3,33
VISA-0003419,1659916800000000000,2022-09-18,Australia,Business,Singapore,8,2022,Summer,41,0,1,Q3,41
VISA-0003420,1698278400000000000,2023-12-03,Nigeria,Tourist,New Delhi,10,2023,Autumn,38,3,0,Q4,38
VISA-0003421,1704844800000000000,2024-03-04,Germany,Student,Paris,1,2024,Winter,54,2,0,Q1,54
VISA-0003422,1687564800000000000,2023-08-16,Germany,Unknown,Berlin,6,2023,Summer,53,5,1,Q2,53
VISA-0003423,1684195200000000000,2023-06-22,UK,Tourist,Sydney,5,2023,Spring,37,1,0,Q2,37
VISA-0003424,1618099200000000000,2021-05-15,Canada,Tourist,Ottawa,4,2021,Spring,34,6,0,Q2,34
VISA-0003425,1680739200000000000,2023-05-23,India,Unknown,Ottawa,4,2023,Spring,47,3,0,Q2,47
VISA-0003426,1664323200000000000,2022-11-02,Brazil,Tourist,London,9,2022,Autumn,35,2,0,Q3,35
VISA-0003427,1738454400000000000,2025-03-21,China,Business,Johannesburg,2,2025,Winter,47,6,0,Q1,47
VISA-0003428,1745798400000000000,2025-06-27,Brazil,Work,New Delhi,4,2025,Spring,60,0,0,Q2,60
VISA-0003429,1727740800000000000,2024-12-03,Bangladesh,Unknown,Dubai,10,2024,Autumn,63,1,0,Q4,63
VISA-0003430,1614297600000000000,2021-04-16,Bangladesh,Tourist,Johannesburg,2,2021,Winter,49,4,0,Q1,49
VISA-0003431,1742083200000000000,2025-04-07,Canada,Tourist,Sydney,3,2025,Spring,22,6,0,Q1,22
VISA-0003432,1671926400000000000,2023-02-17,India,Tourist,Berlin,12,2022,Winter,54,6,1,Q4,54
VISA-0003433,1675036800000000000,2023-05-24,Mexico,Work,Dubai,1,2023,Winter,114,0,0,Q1,114
VISA-0003434,1758412800000000000,2025-09-29,Philippines,Transit,Sydney,9,2025,Autumn,8,6,0,Q3,8
VISA-0003435,1746144000000000000,2025-06-19,Germany,Dependent,Dubai,5,2025,Spring,48,4,0,Q2,48
VISA-0003436,1617408000000000000,2021-06-30,Nigeria,Tourist,Singapore,4,2021,Spring,88,5,0,Q2,88
VISA-0003437,1666137600000000000,2022-11-19,Brazil,Tourist,Berlin,10,2022,Autumn,31,2,0,Q4,31
VISA-0003438,1727654400000000000,2024-11-01,Pakistan,Tourist,Singapore,9,2024,Autumn,32,0,0,Q3,32
VISA-0003439,1694390400000000000,2023-10-11,China,Transit,Unknown,9,2023,Autumn,30,0,0,Q3,30
VISA-0003440,1650067200000000000,2022-05-11,Mexico,Tourist,Unknown,4,2022,Spring,25,5,0,Q2,25
VISA-0003441,1692144000000000000,2023-10-04,India,Tourist,Singapore,8,2023,Summer,49,2,1,Q3,49
VISA-0003442,1746057600000000000,2025-08-16,Pakistan,Work,Chennai,5,2025,Spring,107,3,0,Q2,107
VISA-0003443,1644624000000000000,2022-04-19,Philippines,Unknown,Singapore,2,2022,Winter,66,5,0,Q1,66
VISA-0003444,1727049600000000000,2024-10-22,Bangladesh,Tourist,Berlin,9,2024,Autumn,29,0,0,Q3,29
VISA-0003445,1725235200000000000,2024-10-29,Unknown,Work,Ottawa,9,2024,Autumn,57,0,0,Q3,57
VISA-0003446,1749081600000000000,2025-07-02,Nigeria,Tourist,Paris,6,2025,Summer,27,3,1,Q2,27
VISA-0003447,1656374400000000000,2022-08-02,Australia,Tourist,Mumbai,6,2022,Summer,35,1,1,Q2,35
VISA-0003448,1643500800000000000,2022-02-26,Australia,Tourist,Berlin,1,2022,Winter,27,6,0,Q1,27
VISA-0003449,1695772800000000000,2023-11-20,China,Student,Dubai,9,2023,Autumn,54,2,0,Q3,54
VISA-0003450,1693180800000000000,2023-09-23,Australia,Transit,Singapore,8,2023,Summer,26,0,1,Q3,26
VISA-0003451,1674000000000000000,2023-03-17,Canada,Student,Dubai,1,2023,Winter,58,2,0,Q1,58
VISA-0003452,1732320000000000000,2024-12-25,Mexico,Business,Sydney,11,2024,Autumn,32,5,0,Q4,32
VISA-0003453,1735430400000000000,2025-01-30,Pakistan,Tourist,Sydney,12,2024,Winter,32,6,1,Q4,32
VISA-0003454,1648166400000000000,2022-05-16,India,Business,Dubai,3,2022,Spring,52,4,0,Q1,52
VISA-0003455,1734825600000000000,2025-01-16,Nigeria,Transit,Singapore,12,2024,Winter,25,6,1,Q4,25
VISA-0003456,1645833600000000000,2022-04-17,Canada,Student,Paris,2,2022,Winter,50,5,0,Q1,50
VISA-0003457,1673654400000000000,2023-02-17,Philippines,Transit,Mumbai,1,2023,Winter,34,5,0,Q1,34
VISA-0003458,1613692800000000000,2021-05-07,France,Work,Sydney,2,2021,Winter,77,4,0,Q1,77
VISA-0003459,1663113600000000000,2022-10-10,Australia,Business,London,9,2022,Autumn,26,2,0,Q3,26
VISA-0003460,1760572800000000000,2025-11-15,Canada,Tourist,Mumbai,10,2025,Autumn,30,3,0,Q4,30
VISA-0003461,1679184000000000000,2023-05-22,Pakistan,Work,Singapore,3,2023,Spring,64,6,0,Q1,64
VISA-0003462,1721347200000000000,2024-09-08,Philippines,Student,Singapore,7,2024,Summer,51,4,1,Q3,51
VISA-0003463,1626393600000000000,2021-08-21,Nigeria,Transit,Unknown,7,2021,Summer,36,4,1,Q3,36
VISA-0003464,1709596800000000000,2024-04-21,Bangladesh,Dependent,Ottawa,3,2024,Spring,47,1,0,Q1,47
VISA-0003465,1668038400000000000,2022-12-30,Kenya,Student,Ottawa,11,2022,Autumn,50,3,0,Q4,50
VISA-0003466,1726704000000000000,2024-10-29,Nigeria,Dependent,Paris,9,2024,Autumn,40,3,0,Q3,40
VISA-0003467,1755734400000000000,2025-10-17,India,Dependent,Chennai,8,2025,Summer,57,3,1,Q3,57
VISA-0003468,1693267200000000000,2023-11-01,Australia,Work,New Delhi,8,2023,Summer,64,1,1,Q3,64
VISA-0003469,1625616000000000000,2021-08-20,Kenya,Tourist,Ottawa,7,2021,Summer,44,2,1,Q3,44
VISA-0003470,1684454400000000000,2023-06-25,Brazil,Tourist,Dubai,5,2023,Spring,37,4,0,Q2,37
VISA-0003471,1628812800000000000,2021-09-22,Pakistan,Tourist,Sydney,8,2021,Summer,40,4,1,Q3,40
VISA-0003472,1680307200000000000,2023-04-19,Australia,Tourist,Chennai,4,2023,Spring,18,5,0,Q2,18
VISA-0003473,1619049600000000000,2021-05-10,Pakistan,Transit,Sydney,4,2021,Spring,18,3,0,Q2,18
VISA-0003474,1710374400000000000,2024-04-18,Philippines,Tourist,Johannesburg,3,2024,Spring,35,3,0,Q1,35
VISA-0003475,1658361600000000000,2022-09-25,Australia,Work,London,7,2022,Summer,66,3,1,Q3,66
VISA-0003476,1641168000000000000,2022-03-14,France,Work,Ottawa,1,2022,Winter,70,0,0,Q1,70
VISA-0003477,1612137600000000000,2021-04-07,Pakistan,Work,London,2,2021,Winter,65,0,0,Q1,65
VISA-0003478,1749427200000000000,2025-07-10,Canada,Tourist,London,6,2025,Summer,31,0,1,Q2,31
VISA-0003479,1741392000000000000,2025-04-30,Philippines,Work,Berlin,3,2025,Spring,53,5,0,Q1,53
VISA-0003480,1737417600000000000,2025-03-21,UK,Work,Ottawa,1,2025,Winter,59,1,0,Q1,59
VISA-0003481,1618617600000000000,2021-06-29,Mexico,Work,Dubai,4,2021,Spring,73,5,0,Q2,73
VISA-0003482,1664496000000000000,2022-11-10,Pakistan,Tourist,New Delhi,9,2022,Autumn,41,4,0,Q3,41
VISA-0003483,1762560000000000000,2025-12-13,UK,Business,Berlin,11,2025,Autumn,35,5,0,Q4,35
VISA-0003484,1700611200000000000,2023-12-27,China,Tourist,Mumbai,11,2023,Autumn,35,2,0,Q4,35
VISA-0003485,1629676800000000000,2021-11-04,Pakistan,Work,Ottawa,8,2021,Summer,73,0,1,Q3,73
VISA-0003486,1631664000000000000,2021-10-22,Germany,Student,Singapore,9,2021,Autumn,37,2,0,Q3,37
VISA-0003487,1650931200000000000,2022-07-03,Mexico,Tourist,London,4,2022,Spring,68,1,0,Q2,68
VISA-0003488,1762732800000000000,2025-12-14,Pakistan,Business,Berlin,11,2025,Autumn,34,0,0,Q4,34
VISA-0003489,1636156800000000000,2021-12-12,UK,Tourist,London,11,2021,Autumn,36,5,0,Q4,36
VISA-0003490,1751760000000000000,2025-08-24,India,Dependent,Singapore,7,2025,Summer,49,6,1,Q3,49
VISA-0003491,1716336000000000000,2024-07-04,UK,Dependent,Johannesburg,5,2024,Spring,43,2,0,Q2,43
VISA-0003492,1754784000000000000,2025-10-03,Mexico,Student,Singapore,8,2025,Summer,54,6,1,Q3,54
VISA-0003493,1739664000000000000,2025-03-24,Unknown,Unknown,Ottawa,2,2025,Winter,36,6,0,Q1,36
VISA-0003494,1661817600000000000,2022-11-05,UK,Tourist,London,8,2022,Summer,67,1,1,Q3,67
VISA-0003495,1739923200000000000,2025-04-04,India,Dependent,Dubai,2,2025,Winter,44,2,0,Q1,44
VISA-0003496,1636070400000000000,2022-01-17,India,Work,Paris,11,2021,Autumn,73,4,0,Q4,73
VISA-0003497,1655337600000000000,2022-08-02,Philippines,Tourist,Sydney,6,2022,Summer,47,3,1,Q2,47
VISA-0003498,1642809600000000000,2022-03-23,Kenya,Student,Paris,1,2022,Winter,60,5,0,Q1,60
VISA-0003499,1630454400000000000,2021-10-06,India,Tourist,Singapore,9,2021,Autumn,35,2,0,Q3,35
VISA-0003500,1623628800000000000,2021-08-29,France,Work,Paris,6,2021,Summer,76,0,1,Q2,76
VISA-0003501,1639008000000000000,2022-02-13,China,Student,Ottawa,12,2021,Winter,66,3,1,Q4,66
VISA-0003502,1628380800000000000,2021-09-30,Philippines,Tourist,Chennai,8,2021,Summer,53,6,1,Q3,53
VISA-0003503,1669420800000000000,2023-01-26,Philippines,Business,Ottawa,11,2022,Autumn,61,5,0,Q4,61
VISA-0003504,1620691200000000000,2021-06-22,Philippines,Tourist,Dubai,5,2021,Spring,42,1,0,Q2,42
VISA-0003505,1619049600000000000,2021-06-22,China,Student,Singapore,4,2021,Spring,61,3,0,Q2,61
VISA-0003506,1765497600000000000,2026-04-05,Germany,Work,London,12,2025,Winter,114,4,1,Q4,114
VISA-0003507,1623283200000000000,2021-07-15,Mexico,Transit,Mumbai,6,2021,Summer,35,3,1,Q2,35
VISA-0003508,1621123200000000000,2021-07-12,Germany,Student,London,5,2021,Spring,57,6,0,Q2,57
VISA-0003509,1614124800000000000,2021-04-21,UK,Dependent,Dubai,2,2021,Winter,56,2,0,Q1,56
VISA-0003510,1630281600000000000,2021-12-31,Pakistan,Student,Chennai,8,2021,Summer,123,0,1,Q3,123
VISA-0003511,1692662400000000000,2023-09-30,Brazil,Dependent,Ottawa,8,2023,Summer,39,1,1,Q3,39
VISA-0003512,1739836800000000000,2025-04-28,UK,Tourist,Chennai,2,2025,Winter,69,1,0,Q1,69
VISA-0003513,1700870400000000000,2024-01-26,Kenya,Work,Johannesburg,11,2023,Autumn,62,5,0,Q4,62
VISA-0003514,1622851200000000000,2021-07-11,Australia,Tourist,Sydney,6,2021,Summer,36,5,1,Q2,36
VISA-0003515,1731542400000000000,2024-11-21,Australia,Transit,Berlin,11,2024,Autumn,7,3,0,Q4,7
VISA-0003516,1615248000000000000,2021-05-30,Mexico,Transit,Sydney,3,2021,Spring,82,1,0,Q1,82
VISA-0003517,1708905600000000000,2024-04-28,Bangladesh,Student,New Delhi,2,2024,Winter,62,0,0,Q1,62
VISA-0003518,1674000000000000000,2023-03-16,Nigeria,Student,Chennai,1,2023,Winter,57,2,0,Q1,57
VISA-0003519,1748476800000000000,2025-07-31,Kenya,Work,Singapore,5,2025,Spring,63,3,0,Q2,63
VISA-0003520,1657929600000000000,2022-09-25,Unknown,Tourist,Sydney,7,2022,Summer,71,5,1,Q3,71
VISA-0003521,1710115200000000000,2024-05-04,Australia,Work,Berlin,3,2024,Spring,54,0,0,Q1,54
VISA-0003522,1678752000000000000,2023-05-10,Canada,Work,Paris,3,2023,Spring,57,1,0,Q1,57
VISA-0003523,1691712000000000000,2023-09-28,Brazil,Student,Dubai,8,2023,Summer,48,4,1,Q3,48
VISA-0003524,1757462400000000000,2025-10-08,UK,Tourist,Dubai,9,2025,Autumn,28,2,0,Q3,28
VISA-0003525,1721779200000000000,2024-09-04,Germany,Dependent,Chennai,7,2024,Summer,42,2,1,Q3,42
VISA-0003526,1674777600000000000,2023-02-27,Brazil,Tourist,Chennai,1,2023,Winter,31,4,0,Q1,31
VISA-0003527,1679961600000000000,2023-06-04,China,Work,Mumbai,3,2023,Spring,68,1,0,Q1,68
VISA-0003528,1720483200000000000,2024-08-24,China,Tourist,London,7,2024,Summer,46,1,1,Q3,46
VISA-0003529,1663977600000000000,2022-10-17,UK,Tourist,Dubai,9,2022,Autumn,23,5,0,Q3,23
VISA-0003530,1635897600000000000,2021-12-15,Philippines,Tourist,Johannesburg,11,2021,Autumn,42,2,0,Q4,42
VISA-0003531,1683158400000000000,2023-07-02,Philippines,Student,Ottawa,5,2023,Spring,59,3,0,Q2,59
VISA-0003532,1620172800000000000,2021-07-01,France,Work,Dubai,5,2021,Spring,57,2,0,Q2,57
VISA-0003533,1636156800000000000,2022-01-05,India,Student,Singapore,11,2021,Autumn,60,5,0,Q4,60
VISA-0003534,1675728000000000000,2023-04-08,Germany,Work,Berlin,2,2023,Winter,60,1,0,Q1,60
VISA-0003535,1734998400000000000,2025-02-18,Mexico,Work,Chennai,12,2024,Winter,56,1,1,Q4,56
VISA-0003536,1732665600000000000,2024-12-26,Kenya,Tourist,London,11,2024,Autumn,29,2,0,Q4,29
VISA-0003537,1650499200000000000,2022-05-28,Kenya,Tourist,Berlin,4,2022,Spring,37,3,0,Q2,37
VISA-0003538,1675987200000000000,2023-04-13,Pakistan,Work,London,2,2023,Winter,62,4,0,Q1,62
VISA-0003539,1633651200000000000,2021-12-08,Brazil,Work,Chennai,10,2021,Autumn,61,4,0,Q4,61
VISA-0003540,1728518400000000000,2024-12-09,Mexico,Work,Dubai,10,2024,Autumn,60,3,0,Q4,60
VISA-0003541,1648252800000000000,2022-04-21,Canada,Tourist,Dubai,3,2022,Spring,26,5,0,Q1,26
VISA-0003542,1735516800000000000,2025-02-07,Kenya,Business,Chennai,12,2024,Winter,39,0,1,Q4,39
VISA-0003543,1742169600000000000,2025-04-15,Canada,Tourist,New Delhi,3,2025,Spring,29,0,0,Q1,29
VISA-0003544,1718064000000000000,2024-08-12,Philippines,Work,Unknown,6,2024,Summer,62,1,1,Q2,62
VISA-0003545,1661472000000000000,2022-10-02,Philippines,Tourist,Ottawa,8,2022,Summer,37,4,1,Q3,37
VISA-0003546,1759708800000000000,2025-12-08,UK,Work,Dubai,10,2025,Autumn,63,0,0,Q4,63
VISA-0003547,1717632000000000000,2024-07-31,France,Student,Mumbai,6,2024,Summer,55,3,1,Q2,55
VISA-0003548,1711238400000000000,2024-04-18,Unknown,Business,London,3,2024,Spring,25,6,0,Q1,25
VISA-0003549,1744416000000000000,2025-05-13,Germany,Tourist,Dubai,4,2025,Spring,31,5,0,Q2,31
VISA-0003550,1748390400000000000,2025-08-04,Pakistan,Work,Mumbai,5,2025,Spring,68,2,0,Q2,68
VISA-0003551,1621641600000000000,2021-07-02,Philippines,Tourist,London,5,2021,Spring,41,5,0,Q2,41
VISA-0003552,1748390400000000000,2025-07-22,Canada,Work,Berlin,5,2025,Spring,55,2,0,Q2,55
VISA-0003553,1730073600000000000,2024-11-15,Canada,Tourist,Paris,10,2024,Autumn,18,0,0,Q4,18
VISA-0003554,1641945600000000000,2022-03-04,Philippines,Tourist,London,1,2022,Winter,51,2,0,Q1,51
VISA-0003555,1657929600000000000,2022-08-25,India,Business,Mumbai,7,2022,Summer,40,5,1,Q3,40
VISA-0003556,1728086400000000000,2024-11-02,Brazil,Tourist,New Delhi,10,2024,Autumn,28,5,0,Q4,28
VISA-0003557,1643587200000000000,2022-03-25,Philippines,Tourist,Dubai,1,2022,Winter,53,0,0,Q1,53
VISA-0003558,1680739200000000000,2023-05-13,Philippines,Business,Berlin,4,2023,Spring,37,3,0,Q2,37
VISA-0003559,1712016000000000000,2024-05-02,France,Business,Dubai,4,2024,Spring,30,1,0,Q2,30
VISA-0003560,1752883200000000000,2025-09-07,Kenya,Dependent,Ottawa,7,2025,Summer,50,5,1,Q3,50
VISA-0003561,1626998400000000000,2021-09-10,Germany,Tourist,New Delhi,7,2021,Summer,49,4,1,Q3,49
VISA-0003562,1655942400000000000,2022-08-26,China,Student,Chennai,6,2022,Summer,64,3,1,Q2,64
VISA-0003563,1764720000000000000,2026-01-20,Nigeria,Business,New Delhi,12,2025,Winter,48,2,1,Q4,48
VISA-0003564,1699142400000000000,2023-12-09,Germany,Tourist,Sydney,11,2023,Autumn,34,6,0,Q4,34
VISA-0003565,1648598400000000000,2022-05-10,Bangladesh,Business,London,3,2022,Spring,41,2,0,Q1,41
VISA-0003566,1655078400000000000,2022-07-22,Philippines,Tourist,New Delhi,6,2022,Summer,39,0,1,Q2,39
VISA-0003567,1662940800000000000,2022-11-07,Philippines,Dependent,Dubai,9,2022,Autumn,56,0,0,Q3,56
VISA-0003568,1696809600000000000,2023-12-16,Unknown,Work,Ottawa,10,2023,Autumn,68,0,0,Q4,68
VISA-0003569,1654300800000000000,2022-08-08,Bangladesh,Student,Johannesburg,6,2022,Summer,65,5,1,Q2,65
VISA-0003570,1707436800000000000,2024-03-28,Canada,Student,Ottawa,2,2024,Winter,48,4,0,Q1,48
VISA-0003571,1679616000000000000,2023-05-11,Pakistan,Tourist,New Delhi,3,2023,Spring,48,4,0,Q1,48
VISA-0003572,1705622400000000000,2024-02-20,Canada,Tourist,Berlin,1,2024,Winter,32,4,0,Q1,32
VISA-0003573,1633910400000000000,2021-11-15,UK,Business,Berlin,10,2021,Autumn,35,0,0,Q4,35
VISA-0003574,1707696000000000000,2024-04-01,Australia,Student,Johannesburg,2,2024,Winter,49,0,0,Q1,49
VISA-0003575,1755216000000000000,2025-10-01,Pakistan,Student,Berlin,8,2025,Summer,47,4,1,Q3,47
VISA-0003576,1630713600000000000,2021-10-19,Nigeria,Tourist,London,9,2021,Autumn,45,5,0,Q3,45
VISA-0003577,1661040000000000000,2022-11-10,Kenya,Work,Berlin,8,2022,Summer,81,6,1,Q3,81
VISA-0003578,1718755200000000000,2024-08-03,UK,Student,Paris,6,2024,Summer,45,2,1,Q2,45
VISA-0003579,1706745600000000000,2024-03-03,Nigeria,Unknown,Sydney,2,2024,Winter,31,3,0,Q1,31
VISA-0003580,1715817600000000000,2024-06-30,India,Dependent,Paris,5,2024,Spring,45,3,0,Q2,45
VISA-0003581,1717027200000000000,2024-07-17,India,Student,Johannesburg,5,2024,Spring,48,3,0,Q2,48
VISA-0003582,1705536000000000000,2024-03-07,Mexico,Student,Paris,1,2024,Winter,49,3,0,Q1,49
VISA-0003583,1621123200000000000,2021-06-21,Mexico,Transit,Sydney,5,2021,Spring,36,6,0,Q2,36
VISA-0003584,1727913600000000000,2024-11-03,Germany,Student,Sydney,10,2024,Autumn,31,3,0,Q4,31
VISA-0003585,1679875200000000000,2023-05-12,Pakistan,Dependent,Singapore,3,2023,Spring,46,0,0,Q1,46
VISA-0003586,1617494400000000000,2021-06-04,Kenya,Work,Singapore,4,2021,Spring,61,6,0,Q2,61
VISA-0003587,1673913600000000000,2023-03-26,Pakistan,Work,Chennai,1,2023,Winter,68,1,0,Q1,68
VISA-0003588,1678060800000000000,2023-03-28,Australia,Tourist,New Delhi,3,2023,Spring,22,0,0,Q1,22
VISA-0003589,1623110400000000000,2021-07-25,Unknown,Tourist,Paris,6,2021,Summer,47,1,1,Q2,47
VISA-0003590,1766448000000000000,2026-03-01,Nigeria,Student,Chennai,12,2025,Winter,68,1,1,Q4,68
VISA-0003591,1644451200000000000,2022-03-23,Germany,Tourist,Johannesburg,2,2022,Winter,41,3,0,Q1,41
VISA-0003592,1661558400000000000,2022-10-14,Philippines,Tourist,New Delhi,8,2022,Summer,48,5,1,Q3,48
VISA-0003593,1678924800000000000,2023-06-05,Mexico,Work,Johannesburg,3,2023,Spring,81,3,0,Q1,81
VISA-0003594,1740700800000000000,2025-04-10,Philippines,Business,Berlin,2,2025,Winter,41,4,0,Q1,41
VISA-0003595,1726531200000000000,2024-10-26,UK,Tourist,London,9,2024,Autumn,39,1,0,Q3,39
VISA-0003596,1731024000000000000,2024-12-15,Nigeria,Business,New Delhi,11,2024,Autumn,37,4,0,Q4,37
VISA-0003597,1646784000000000000,2022-04-28,UK,Dependent,Singapore,3,2022,Spring,50,2,0,Q1,50
VISA-0003598,1742688000000000000,2025-05-08,Kenya,Business,Mumbai,3,2025,Spring,46,6,0,Q1,46
VISA-0003599,1740268800000000000,2025-04-09,Nigeria,Business,Mumbai,2,2025,Winter,45,6,0,Q1,45
VISA-0003600,1682553600000000000,2023-06-25,Brazil,Work,Paris,4,2023,Spring,59,3,0,Q2,59
VISA-0003601,1695513600000000000,2023-11-02,Nigeria,Tourist,Berlin,9,2023,Autumn,39,6,0,Q3,39
VISA-0003602,1615248000000000000,2021-04-25,France,Student,Mumbai,3,2021,Spring,47,1,0,Q1,47
VISA-0003603,1729296000000000000,2025-01-26,Canada,Dependent,London,10,2024,Autumn,99,5,0,Q4,99
VISA-0003604,1760918400000000000,2025-12-20,Kenya,Work,Berlin,10,2025,Autumn,61,0,0,Q4,61
VISA-0003605,1683936000000000000,2023-06-18,Nigeria,Business,Berlin,5,2023,Spring,36,5,0,Q2,36
VISA-0003606,1694649600000000000,2023-09-29,France,Transit,London,9,2023,Autumn,15,3,0,Q3,15
VISA-0003607,1688169600000000000,2023-09-23,France,Tourist,Ottawa,7,2023,Summer,84,5,1,Q3,84
VISA-0003608,1622419200000000000,2021-07-18,Germany,Tourist,New Delhi,5,2021,Spring,48,0,0,Q2,48
VISA-0003609,1707091200000000000,2024-04-06,Australia,Work,New Delhi,2,2024,Winter,61,0,0,Q1,61
VISA-0003610,1723161600000000000,2024-09-09,Canada,Tourist,Johannesburg,8,2024,Summer,31,4,1,Q3,31
VISA-0003611,1755734400000000000,2025-10-21,Bangladesh,Work,Chennai,8,2025,Summer,61,3,1,Q3,61
VISA-0003612,1755993600000000000,2025-10-05,China,Business,Johannesburg,8,2025,Summer,42,6,1,Q3,42
VISA-0003613,1686960000000000000,2023-08-22,Brazil,Work,New Delhi,6,2023,Summer,66,5,1,Q2,66
VISA-0003614,1760659200000000000,2025-11-10,India,Tourist,Unknown,10,2025,Autumn,24,4,0,Q4,24
VISA-0003615,1692748800000000000,2023-09-28,UK,Business,Ottawa,8,2023,Summer,36,2,1,Q3,36
VISA-0003616,1710633600000000000,2024-04-21,Bangladesh,Tourist,Paris,3,2024,Spring,35,6,0,Q1,35
VISA-0003617,1704326400000000000,2024-02-08,Germany,Dependent,Singapore,1,2024,Winter,35,3,0,Q1,35
VISA-0003618,1766880000000000000,2026-01-25,Canada,Tourist,London,12,2025,Winter,28,6,1,Q4,28
VISA-0003619,1725667200000000000,2024-10-13,Brazil,Dependent,Paris,9,2024,Autumn,36,5,0,Q3,36
VISA-0003620,1628380800000000000,2021-10-04,UK,Student,London,8,2021,Summer,57,6,1,Q3,57
VISA-0003621,1620777600000000000,2021-07-14,France,Student,Paris,5,2021,Spring,63,2,0,Q2,63
VISA-0003622,1674086400000000000,2023-03-09,Australia,Student,Johannesburg,1,2023,Winter,49,3,0,Q1,49
VISA-0003623,1690761600000000000,2023-09-15,China,Tourist,Paris,7,2023,Summer,46,0,1,Q3,46
VISA-0003624,1714867200000000000,2024-07-04,Unknown,Student,Paris,5,2024,Spring,60,6,0,Q2,60
VISA-0003625,1685318400000000000,2023-07-13,India,Dependent,Ottawa,5,2023,Spring,45,0,0,Q2,45
VISA-0003626,1690588800000000000,2023-09-12,France,Business,Mumbai,7,2023,Summer,45,5,1,Q3,45
VISA-0003627,1754784000000000000,2025-09-15,China,Tourist,Sydney,8,2025,Summer,36,6,1,Q3,36
VISA-0003628,1662249600000000000,2022-11-04,France,Work,Mumbai,9,2022,Autumn,61,6,0,Q3,61
VISA-0003629,1687219200000000000,2023-08-05,Canada,Dependent,Sydney,6,2023,Summer,46,1,1,Q2,46
VISA-0003630,1697328000000000000,2023-11-29,India,Business,Singapore,10,2023,Autumn,45,6,0,Q4,45
VISA-0003631,1683244800000000000,2023-08-11,Australia,Student,Mumbai,5,2023,Spring,98,4,0,Q2,98
VISA-0003632,1762041600000000000,2025-12-29,Philippines,Tourist,Singapore,11,2025,Autumn,57,6,0,Q4,57
VISA-0003633,1761177600000000000,2025-12-08,Nigeria,Dependent,Unknown,10,2025,Autumn,46,3,0,Q4,46
VISA-0003634,1690329600000000000,2023-09-19,UK,Student,New Delhi,7,2023,Summer,55,2,1,Q3,55
VISA-0003635,1680480000000000000,2023-05-22,Mexico,Student,Berlin,4,2023,Spring,49,0,0,Q2,49
VISA-0003636,1702252800000000000,2024-02-04,UK,Business,New Delhi,12,2023,Winter,55,0,1,Q4,55
VISA-0003637,1637971200000000000,2022-01-14,Philippines,Tourist,Dubai,11,2021,Autumn,48,5,0,Q4,48
VISA-0003638,1676592000000000000,2023-03-31,Mexico,Dependent,Sydney,2,2023,Winter,42,4,0,Q1,42
VISA-0003639,1643587200000000000,2022-03-10,Nigeria,Tourist,Paris,1,2022,Winter,38,0,0,Q1,38
VISA-0003640,1632096000000000000,2021-10-26,India,Business,Ottawa,9,2021,Autumn,36,0,0,Q3,36
VISA-0003641,1624406400000000000,2021-07-21,Brazil,Transit,Mumbai,6,2021,Summer,28,2,1,Q2,28
VISA-0003642,1701993600000000000,2024-01-02,Bangladesh,Transit,Ottawa,12,2023,Winter,25,4,1,Q4,25
VISA-0003643,1609545600000000000,2021-02-25,China,Dependent,Paris,1,2021,Winter,54,5,0,Q1,54
VISA-0003644,1711324800000000000,2024-05-12,China,Dependent,Johannesburg,3,2024,Spring,48,0,0,Q1,48
VISA-0003645,1677542400000000000,2023-04-12,UK,Tourist,Unknown,2,2023,Winter,43,1,0,Q1,43
VISA-0003646,1667174400000000000,2022-11-25,Nigeria,Transit,London,10,2022,Autumn,25,0,0,Q4,25
VISA-0003647,1730678400000000000,2024-12-19,China,Dependent,Singapore,11,2024,Autumn,45,0,0,Q4,45
VISA-0003648,1694390400000000000,2023-10-29,Germany,Student,London,9,2023,Autumn,48,0,0,Q3,48
VISA-0003649,1725062400000000000,2024-10-22,Germany,Student,Chennai,8,2024,Summer,52,5,1,Q3,52
VISA-0003650,1721260800000000000,2024-08-19,India,Tourist,Singapore,7,2024,Summer,32,3,1,Q3,32
VISA-0003651,1614470400000000000,2021-05-06,Canada,Work,Sydney,2,2021,Winter,67,6,0,Q1,67
VISA-0003652,1643414400000000000,2022-04-11,Nigeria,Work,Dubai,1,2022,Winter,72,5,0,Q1,72
VISA-0003653,1699315200000000000,2023-12-18,Germany,Student,Sydney,11,2023,Autumn,41,1,0,Q4,41
VISA-0003654,1763251200000000000,2026-01-18,China,Student,Dubai,11,2025,Autumn,63,6,0,Q4,63
VISA-0003655,1633737600000000000,2021-11-29,France,Work,Chennai,10,2021,Autumn,51,5,0,Q4,51
VISA-0003656,1626048000000000000,2021-08-21,Brazil,Tourist,Paris,7,2021,Summer,40,0,1,Q3,40
VISA-0003657,1757808000000000000,2025-10-02,China,Transit,London,9,2025,Autumn,18,6,0,Q3,18
VISA-0003658,1761868800000000000,2025-11-14,Australia,Tourist,Sydney,10,2025,Autumn,14,4,0,Q4,14
VISA-0003659,1635811200000000000,2021-12-15,China,Unknown,Chennai,11,2021,Autumn,43,1,0,Q4,43
VISA-0003660,1672790400000000000,2023-03-27,China,Tourist,New Delhi,1,2023,Winter,82,2,0,Q1,82
VISA-0003661,1708214400000000000,2024-04-05,Kenya,Dependent,Dubai,2,2024,Winter,47,6,0,Q1,47
VISA-0003662,1640217600000000000,2022-03-20,Pakistan,Dependent,Mumbai,12,2021,Winter,87,3,1,Q4,87
VISA-0003663,1660867200000000000,2022-10-11,Philippines,Tourist,Johannesburg,8,2022,Summer,53,4,1,Q3,53
VISA-0003664,1671753600000000000,2023-01-28,UK,Tourist,Johannesburg,12,2022,Winter,36,4,1,Q4,36
VISA-0003665,1710547200000000000,2024-05-04,Bangladesh,Student,London,3,2024,Spring,49,5,0,Q1,49
VISA-0003666,1658016000000000000,2022-08-29,Bangladesh,Tourist,London,7,2022,Summer,43,6,1,Q3,43
VISA-0003667,1674432000000000000,2023-04-24,India,Business,Sydney,1,2023,Winter,91,0,0,Q1,91
VISA-0003668,1655078400000000000,2022-08-01,Pakistan,Tourist,Chennai,6,2022,Summer,49,0,1,Q2,49
VISA-0003669,1729209600000000000,2024-12-06,Mexico,Student,Singapore,10,2024,Autumn,49,4,0,Q4,49
VISA-0003670,1633564800000000000,2021-11-28,France,Student,Mumbai,10,2021,Autumn,52,3,0,Q4,52
VISA-0003671,1645747200000000000,2022-04-19,Unknown,Student,Ottawa,2,2022,Winter,53,4,0,Q1,53
VISA-0003672,1648857600000000000,2022-05-20,China,Student,Chennai,4,2022,Spring,48,5,0,Q2,48
VISA-0003673,1752278400000000000,2025-08-11,Australia,Tourist,Singapore,7,2025,Summer,30,5,1,Q3,30
VISA-0003674,1758326400000000000,2025-10-13,Mexico,Tourist,Mumbai,9,2025,Autumn,23,5,0,Q3,23
VISA-0003675,1688256000000000000,2023-08-02,Mexico,Tourist,Ottawa,7,2023,Summer,31,6,1,Q3,31
VISA-0003676,1634083200000000000,2021-11-19,Kenya,Tourist,Singapore,10,2021,Autumn,37,2,0,Q4,37
VISA-0003677,1728604800000000000,2024-10-28,Germany,Transit,Ottawa,10,2024,Autumn,17,4,0,Q4,17
VISA-0003678,1687046400000000000,2023-07-16,Australia,Tourist,Chennai,6,2023,Summer,28,6,1,Q2,28
VISA-0003679,1743379200000000000,2025-04-20,UK,Tourist,Mumbai,3,2025,Spring,20,0,0,Q1,20
VISA-0003680,1666137600000000000,2022-11-20,Australia,Tourist,Dubai,10,2022,Autumn,32,2,0,Q4,32
VISA-0003681,1766880000000000000,2026-02-08,China,Business,Mumbai,12,2025,Winter,42,6,1,Q4,42
VISA-0003682,1736640000000000000,2025-02-24,Bangladesh,Dependent,London,1,2025,Winter,43,6,0,Q1,43
VISA-0003683,1644710400000000000,2022-04-20,Brazil,Business,Dubai,2,2022,Winter,66,6,0,Q1,66
VISA-0003684,1723852800000000000,2024-10-12,Nigeria,Work,Ottawa,8,2024,Summer,56,5,1,Q3,56
VISA-0003685,1654646400000000000,2022-08-07,Mexico,Business,Singapore,6,2022,Summer,60,2,1,Q2,60
VISA-0003686,1664582400000000000,2022-11-23,Canada,Student,Berlin,10,2022,Autumn,53,5,0,Q4,53
VISA-0003687,1648944000000000000,2022-05-15,Philippines,Dependent,Mumbai,4,2022,Spring,42,6,0,Q2,42
VISA-0003688,1717027200000000000,2024-06-22,Australia,Business,Paris,5,2024,Spring,23,3,0,Q2,23
VISA-0003689,1650844800000000000,2022-06-12,Bangladesh,Tourist,Johannesburg,4,2022,Spring,48,0,0,Q2,48
VISA-0003690,1710115200000000000,2024-05-04,Brazil,Student,Chennai,3,2024,Spring,54,0,0,Q1,54
VISA-0003691,1701216000000000000,2023-12-22,Philippines,Tourist,London,11,2023,Autumn,23,2,0,Q4,23
VISA-0003692,1727827200000000000,2024-11-09,Pakistan,Tourist,Ottawa,10,2024,Autumn,38,2,0,Q4,38
VISA-0003693,1766102400000000000,2026-02-06,Mexico,Dependent,Ottawa,12,2025,Winter,49,4,1,Q4,49
VISA-0003694,1610841600000000000,2021-03-07,Pakistan,Tourist,Sydney,1,2021,Winter,49,6,0,Q1,49
VISA-0003695,1765584000000000000,2026-01-22,UK,Business,Singapore,12,2025,Winter,40,5,1,Q4,40
VISA-0003696,1626652800000000000,2021-08-21,Mexico,Transit,Berlin,7,2021,Summer,33,0,1,Q3,33
VISA-0003697,1692489600000000000,2023-10-28,Unknown,Student,Singapore,8,2023,Summer,69,6,1,Q3,69
VISA-0003698,1663200000000000000,2022-11-07,UK,Student,London,9,2022,Autumn,53,3,0,Q3,53
VISA-0003699,1710201600000000000,2024-05-13,Pakistan,Unknown,Sydney,3,2024,Spring,62,1,0,Q1,62
VISA-0003700,1723248000000000000,2024-09-14,Brazil,Business,Mumbai,8,2024,Summer,35,5,1,Q3,35
VISA-0003701,1745020800000000000,2025-07-19,Pakistan,Tourist,London,4,2025,Spring,91,5,0,Q2,91
VISA-0003702,1672790400000000000,2023-02-03,France,Tourist,Dubai,1,2023,Winter,30,2,0,Q1,30
VISA-0003703,1756512000000000000,2025-11-03,Mexico,Work,Mumbai,8,2025,Summer,65,5,1,Q3,65
VISA-0003704,1660262400000000000,2022-10-10,Bangladesh,Dependent,Johannesburg,8,2022,Summer,59,4,1,Q3,59
VISA-0003705,1641600000000000000,2022-02-13,UK,Tourist,Chennai,1,2022,Winter,36,5,0,Q1,36
VISA-0003706,1669161600000000000,2023-01-18,Brazil,Student,Mumbai,11,2022,Autumn,56,2,0,Q4,56
VISA-0003707,1692748800000000000,2023-09-17,Nigeria,Transit,Paris,8,2023,Summer,25,2,1,Q3,25
VISA-0003708,1714780800000000000,2024-05-31,Australia,Tourist,New Delhi,5,2024,Spring,27,5,0,Q2,27
VISA-0003709,1740700800000000000,2025-04-02,Nigeria,Tourist,London,2,2025,Winter,33,4,0,Q1,33
VISA-0003710,1644883200000000000,2022-04-30,Bangladesh,Work,Chennai,2,2022,Winter,74,1,0,Q1,74
VISA-0003711,1657238400000000000,2022-08-27,Canada,Tourist,Berlin,7,2022,Summer,50,4,1,Q3,50
VISA-0003712,1757462400000000000,2025-09-29,Australia,Tourist,Singapore,9,2025,Autumn,19,2,0,Q3,19
VISA-0003713,1678752000000000000,2023-05-16,Bangladesh,Work,Chennai,3,2023,Spring,63,1,0,Q1,63
VISA-0003714,1647475200000000000,2022-05-18,Germany,Work,Ottawa,3,2022,Spring,62,3,0,Q1,62
VISA-0003715,1764806400000000000,2026-03-12,Bangladesh,Student,Sydney,12,2025,Winter,98,3,1,Q4,98
VISA-0003716,1680220800000000000,2023-05-13,Brazil,Student,Berlin,3,2023,Spring,43,4,0,Q1,43
VISA-0003717,1764720000000000000,2026-02-03,Brazil,Work,London,12,2025,Winter,62,2,1,Q4,62
VISA-0003718,1754352000000000000,2025-10-09,UK,Work,Sydney,8,2025,Summer,65,1,1,Q3,65
VISA-0003719,1752278400000000000,2025-08-27,Australia,Business,Sydney,7,2025,Summer,46,5,1,Q3,46
VISA-0003720,1701129600000000000,2024-01-09,China,Business,New Delhi,11,2023,Autumn,42,1,0,Q4,42
VISA-0003721,1735344000000000000,2025-02-26,France,Work,Dubai,12,2024,Winter,60,5,1,Q4,60
VISA-0003722,1760918400000000000,2025-11-30,Unknown,Dependent,Dubai,10,2025,Autumn,41,0,0,Q4,41
VISA-0003723,1651881600000000000,2022-08-19,China,Dependent,Johannesburg,5,2022,Spring,104,5,0,Q2,104
VISA-0003724,1615334400000000000,2021-04-10,China,Tourist,Sydney,3,2021,Spring,31,2,0,Q1,31
VISA-0003725,1660003200000000000,2022-09-01,UK,Transit,Singapore,8,2022,Summer,23,1,1,Q3,23
VISA-0003726,1709856000000000000,2024-04-16,France,Dependent,London,3,2024,Spring,39,4,0,Q1,39
VISA-0003727,1695686400000000000,2023-10-27,Nigeria,Tourist,Berlin,9,2023,Autumn,31,1,0,Q3,31
VISA-0003728,1622160000000000000,2021-07-16,Bangladesh,Tourist,Singapore,5,2021,Spring,49,4,0,Q2,49
VISA-0003729,1697846400000000000,2023-12-22,Kenya,Work,Mumbai,10,2023,Autumn,62,5,0,Q4,62
VISA-0003730,1636934400000000000,2022-01-11,Brazil,Student,Dubai,11,2021,Autumn,57,0,0,Q4,57
VISA-0003731,1689120000000000000,2023-08-26,Mexico,Business,Johannesburg,7,2023,Summer,45,2,1,Q3,45
VISA-0003732,1700179200000000000,2024-01-02,Kenya,Student,Dubai,11,2023,Autumn,46,4,0,Q4,46
VISA-0003733,1709769600000000000,2024-04-13,Mexico,Tourist,Singapore,3,2024,Spring,37,3,0,Q1,37
VISA-0003734,1674432000000000000,2023-04-05,Philippines,Tourist,Ottawa,1,2023,Winter,72,0,0,Q1,72
VISA-0003735,1673827200000000000,2023-03-05,Philippines,Dependent,Singapore,1,2023,Winter,48,0,0,Q1,48
VISA-0003736,1716422400000000000,2024-06-26,Pakistan,Tourist,Dubai,5,2024,Spring,34,3,0,Q2,34
VISA-0003737,1727568000000000000,2024-11-07,Mexico,Business,Sydney,9,2024,Autumn,39,6,0,Q3,39
VISA-0003738,1736812800000000000,2025-03-11,UK,Tourist,Chennai,1,2025,Winter,56,1,0,Q1,56
VISA-0003739,1661990400000000000,2022-10-23,UK,Student,Mumbai,9,2022,Autumn,52,3,0,Q3,52
VISA-0003740,1676246400000000000,2023-04-23,Canada,Student,London,2,2023,Winter,69,0,0,Q1,69
VISA-0003741,1661558400000000000,2022-10-02,Philippines,Tourist,Paris,8,2022,Summer,36,5,1,Q3,36
VISA-0003742,1692576000000000000,2023-10-24,India,Work,Sydney,8,2023,Summer,64,0,1,Q3,64
VISA-0003743,1629504000000000000,2021-10-31,Mexico,Work,Ottawa,8,2021,Summer,71,5,1,Q3,71
VISA-0003744,1677196800000000000,2023-04-01,Kenya,Tourist,Sydney,2,2023,Winter,36,4,0,Q1,36
VISA-0003745,1639180800000000000,2022-02-13,Pakistan,Student,London,12,2021,Winter,64,5,1,Q4,64
VISA-0003746,1693353600000000000,2023-10-17,Bangladesh,Business,Paris,8,2023,Summer,48,2,1,Q3,48
VISA-0003747,1743552000000000000,2025-04-30,Australia,Business,Ottawa,4,2025,Spring,28,2,0,Q2,28
VISA-0003748,1679788800000000000,2023-05-09,UK,Student,Sydney,3,2023,Spring,44,6,0,Q1,44
VISA-0003749,1618272000000000000,2021-05-28,France,Business,Dubai,4,2021,Spring,45,1,0,Q2,45
VISA-0003750,1645315200000000000,2022-04-06,UK,Tourist,Berlin,2,2022,Winter,45,6,0,Q1,45
VISA-0003751,1625961600000000000,2021-08-25,Philippines,Tourist,London,7,2021,Summer,45,6,1,Q3,45
VISA-0003752,1729123200000000000,2024-12-22,Bangladesh,Work,New Delhi,10,2024,Autumn,66,3,0,Q4,66
VISA-0003753,1764720000000000000,2026-02-05,Brazil,Work,Berlin,12,2025,Winter,64,2,1,Q4,64
VISA-0003754,1696809600000000000,2023-11-07,Australia,Business,Dubai,10,2023,Autumn,29,0,0,Q4,29
VISA-0003755,1637280000000000000,2021-12-31,Canada,Tourist,Berlin,11,2021,Autumn,42,4,0,Q4,42
VISA-0003756,1612742400000000000,2021-04-12,Australia,Student,Sydney,2,2021,Winter,63,0,0,Q1,63
VISA-0003757,1763337600000000000,2026-01-01,Australia,Work,Sydney,11,2025,Autumn,45,0,0,Q4,45
VISA-0003758,1659312000000000000,2022-09-23,China,Tourist,Johannesburg,8,2022,Summer,53,0,1,Q3,53
VISA-0003759,1627084800000000000,2021-09-28,UK,Student,New Delhi,7,2021,Summer,66,5,1,Q3,66
VISA-0003760,1637366400000000000,2022-01-18,Kenya,Work,Mumbai,11,2021,Autumn,59,5,0,Q4,59
VISA-0003761,1649635200000000000,2022-05-26,Bangladesh,Tourist,Johannesburg,4,2022,Spring,45,0,0,Q2,45
VISA-0003762,1712793600000000000,2024-05-22,Brazil,Student,Singapore,4,2024,Spring,41,3,0,Q2,41
VISA-0003763,1750032000000000000,2025-07-09,Australia,Tourist,Ottawa,6,2025,Summer,23,0,1,Q2,23
VISA-0003764,1652745600000000000,2022-06-29,Pakistan,Dependent,Sydney,5,2022,Spring,43,1,0,Q2,43
VISA-0003765,1717804800000000000,2024-07-07,China,Tourist,Ottawa,6,2024,Summer,29,5,1,Q2,29
VISA-0003766,1619654400000000000,2021-06-03,Mexico,Tourist,Johannesburg,4,2021,Spring,35,3,0,Q2,35
VISA-0003767,1611014400000000000,2021-03-02,UK,Tourist,Sydney,1,2021,Winter,42,1,0,Q1,42
VISA-0003768,1618099200000000000,2021-05-24,Philippines,Tourist,Paris,4,2021,Spring,43,6,0,Q2,43
VISA-0003769,1754956800000000000,2025-09-24,Mexico,Tourist,Ottawa,8,2025,Summer,43,1,1,Q3,43
VISA-0003770,1701129600000000000,2024-01-20,France,Work,Ottawa,11,2023,Autumn,53,1,0,Q4,53
VISA-0003771,1736380800000000000,2025-02-20,China,Tourist,Berlin,1,2025,Winter,42,3,0,Q1,42
VISA-0003772,1612828800000000000,2021-03-27,Mexico,Tourist,Ottawa,2,2021,Winter,46,1,0,Q1,46
VISA-0003773,1612915200000000000,2021-04-10,Philippines,Tourist,New Delhi,2,2021,Winter,59,2,0,Q1,59
VISA-0003774,1743292800000000000,2025-05-13,India,Student,Mumbai,3,2025,Spring,44,6,0,Q1,44
VISA-0003775,1625616000000000000,2021-08-28,Nigeria,Tourist,Singapore,7,2021,Summer,52,2,1,Q3,52
VISA-0003776,1633910400000000000,2021-12-28,Australia,Unknown,Ottawa,10,2021,Autumn,78,0,0,Q4,78
VISA-0003777,1691280000000000000,2023-10-06,Kenya,Work,Mumbai,8,2023,Summer,61,6,1,Q3,61
VISA-0003778,1705017600000000000,2024-02-16,Australia,Business,Johannesburg,1,2024,Winter,35,4,0,Q1,35
VISA-0003779,1645488000000000000,2022-04-12,Brazil,Tourist,Johannesburg,2,2022,Winter,49,1,0,Q1,49
VISA-0003780,1679529600000000000,2023-04-26,India,Dependent,Sydney,3,2023,Spring,34,3,0,Q1,34
VISA-0003781,1715817600000000000,2024-07-30,France,Work,Dubai,5,2024,Spring,75,3,0,Q2,75
VISA-0003782,1679270400000000000,2023-04-27,Nigeria,Tourist,Paris,3,2023,Spring,38,0,0,Q1,38
VISA-0003783,1669766400000000000,2023-01-09,Germany,Student,New Delhi,11,2022,Autumn,40,2,0,Q4,40
VISA-0003784,1620777600000000000,2021-06-23,China,Business,London,5,2021,Spring,42,2,0,Q2,42
VISA-0003785,1680652800000000000,2023-05-07,UK,Tourist,Dubai,4,2023,Spring,32,2,0,Q2,32
VISA-0003786,1736035200000000000,2025-02-25,Bangladesh,Student,Dubai,1,2025,Winter,51,6,0,Q1,51
VISA-0003787,1708214400000000000,2024-04-11,Australia,Work,London,2,2024,Winter,53,6,0,Q1,53
VISA-0003788,1750204800000000000,2025-07-31,China,Tourist,New Delhi,6,2025,Summer,43,2,1,Q2,43
VISA-0003789,1629331200000000000,2021-10-01,Nigeria,Transit,Johannesburg,8,2021,Summer,43,3,1,Q3,43
VISA-0003790,1611187200000000000,2021-03-19,Kenya,Tourist,Dubai,1,2021,Winter,57,3,0,Q1,57
VISA-0003791,1695859200000000000,2023-11-06,Nigeria,Tourist,Paris,9,2023,Autumn,39,3,0,Q3,39
VISA-0003792,1637539200000000000,2021-12-29,UK,Tourist,Ottawa,11,2021,Autumn,37,0,0,Q4,37
VISA-0003793,1703116800000000000,2024-02-25,Canada,Student,Sydney,12,2023,Winter,66,3,1,Q4,66
VISA-0003794,1751932800000000000,2025-08-16,Germany,Dependent,Ottawa,7,2025,Summer,39,1,1,Q3,39
VISA-0003795,1662595200000000000,2022-10-12,Mexico,Business,Ottawa,9,2022,Autumn,34,3,0,Q3,34
VISA-0003796,1696032000000000000,2023-11-17,Bangladesh,Dependent,Berlin,9,2023,Autumn,48,5,0,Q3,48
VISA-0003797,1716940800000000000,2024-07-17,Australia,Student,Johannesburg,5,2024,Spring,49,2,0,Q2,49
VISA-0003798,1633046400000000000,2021-11-29,UK,Student,Paris,10,2021,Autumn,59,4,0,Q4,59
VISA-0003799,1750896000000000000,2025-08-14,Philippines,Student,Berlin,6,2025,Summer,49,3,1,Q2,49
VISA-0003800,1641427200000000000,2022-02-23,Canada,Tourist,New Delhi,1,2022,Winter,48,3,0,Q1,48
VISA-0003801,1736899200000000000,2025-02-27,Brazil,Dependent,Sydney,1,2025,Winter,43,2,0,Q1,43
VISA-0003802,1713484800000000000,2024-06-06,France,Student,Johannesburg,4,2024,Spring,48,4,0,Q2,48
VISA-0003803,1631664000000000000,2021-12-01,Mexico,Student,Ottawa,9,2021,Autumn,77,2,0,Q3,77
VISA-0003804,1723680000000000000,2024-10-10,UK,Student,Dubai,8,2024,Summer,56,3,1,Q3,56
VISA-0003805,1640390400000000000,2022-01-23,Philippines,Business,London,12,2021,Winter,29,5,1,Q4,29
VISA-0003806,1703894400000000000,2024-02-04,Brazil,Tourist,Chennai,12,2023,Winter,36,5,1,Q4,36
VISA-0003807,1760745600000000000,2025-12-06,Germany,Work,Berlin,10,2025,Autumn,49,5,0,Q4,49
VISA-0003808,1759708800000000000,2025-10-29,Nigeria,Business,London,10,2025,Autumn,23,0,0,Q4,23
VISA-0003809,1746835200000000000,2025-08-16,Brazil,Dependent,Dubai,5,2025,Spring,98,5,0,Q2,98
VISA-0003810,1687305600000000000,2023-08-03,Pakistan,Tourist,Dubai,6,2023,Summer,43,2,1,Q2,43
VISA-0003811,1697673600000000000,2023-11-12,Germany,Tourist,Singapore,10,2023,Autumn,24,3,0,Q4,24
VISA-0003812,1656720000000000000,2022-08-23,Australia,Student,Johannesburg,7,2022,Summer,52,5,1,Q3,52
VISA-0003813,1754611200000000000,2025-10-07,Bangladesh,Dependent,Dubai,8,2025,Summer,60,4,1,Q3,60
VISA-0003814,1684627200000000000,2023-06-12,UK,Transit,New Delhi,5,2023,Spring,22,6,0,Q2,22
VISA-0003815,1731110400000000000,2025-01-05,France,Work,Dubai,11,2024,Autumn,57,5,0,Q4,57
VISA-0003816,1666137600000000000,2022-11-12,Mexico,Tourist,Singapore,10,2022,Autumn,24,2,0,Q4,24
VISA-0003817,1726185600000000000,2024-09-19,Mexico,Tourist,Sydney,9,2024,Autumn,6,4,0,Q3,6
VISA-0003818,1644796800000000000,2022-04-26,Philippines,Work,Dubai,2,2022,Winter,71,0,0,Q1,71
VISA-0003819,1725148800000000000,2024-10-09,Bangladesh,Tourist,Paris,9,2024,Autumn,38,6,0,Q3,38
VISA-0003820,1616630400000000000,2021-06-02,UK,Work,Ottawa,3,2021,Spring,69,3,0,Q1,69
VISA-0003821,1625961600000000000,2021-08-22,Canada,Dependent,Ottawa,7,2021,Summer,42,6,1,Q3,42
VISA-0003822,1664928000000000000,2022-11-11,Germany,Student,Sydney,10,2022,Autumn,37,2,0,Q4,37
VISA-0003823,1685404800000000000,2023-07-18,Nigeria,Student,Singapore,5,2023,Spring,49,1,0,Q2,49
VISA-0003824,1721606400000000000,2024-08-09,Australia,Tourist,Sydney,7,2024,Summer,18,0,1,Q3,18
VISA-0003825,1666051200000000000,2022-11-14,Germany,Tourist,London,10,2022,Autumn,27,1,0,Q4,27
VISA-0003826,1612310400000000000,2021-04-21,Kenya,Work,Dubai,2,2021,Winter,77,2,0,Q1,77
VISA-0003827,1660694400000000000,2022-10-17,Bangladesh,Student,Berlin,8,2022,Summer,61,2,1,Q3,61
VISA-0003828,1678665600000000000,2023-04-22,Pakistan,Tourist,Johannesburg,3,2023,Spring,40,0,0,Q1,40
VISA-0003829,1695168000000000000,2023-10-28,Canada,Tourist,Singapore,9,2023,Autumn,38,2,0,Q3,38
VISA-0003830,1710979200000000000,2024-04-21,Nigeria,Tourist,Paris,3,2024,Spring,31,3,0,Q1,31
VISA-0003831,1648425600000000000,2022-05-25,Australia,Work,Paris,3,2022,Spring,58,0,0,Q1,58
VISA-0003832,1705622400000000000,2024-03-08,Nigeria,Work,Ottawa,1,2024,Winter,49,4,0,Q1,49
VISA-0003833,1708992000000000000,2024-05-02,India,Student,London,2,2024,Winter,65,1,0,Q1,65
VISA-0003834,1731888000000000000,2024-12-31,Mexico,Student,Dubai,11,2024,Autumn,43,0,0,Q4,43
VISA-0003835,1691712000000000000,2023-09-15,Bangladesh,Tourist,Berlin,8,2023,Summer,35,4,1,Q3,35
VISA-0003836,1737244800000000000,2025-03-07,Bangladesh,Student,Sydney,1,2025,Winter,47,6,0,Q1,47
VISA-0003837,1644364800000000000,2022-03-30,Kenya,Tourist,Chennai,2,2022,Winter,49,2,0,Q1,49
VISA-0003838,1721606400000000000,2024-09-15,Kenya,Dependent,New Delhi,7,2024,Summer,55,0,1,Q3,55
VISA-0003839,1616630400000000000,2021-05-05,Pakistan,Tourist,New Delhi,3,2021,Spring,41,3,0,Q1,41
VISA-0003840,1625616000000000000,2021-09-11,Pakistan,Student,Ottawa,7,2021,Summer,66,2,1,Q3,66
VISA-0003841,1745798400000000000,2025-05-19,France,Tourist,Paris,4,2025,Spring,21,0,0,Q2,21
VISA-0003842,1684281600000000000,2023-06-18,India,Business,Paris,5,2023,Spring,32,2,0,Q2,32
VISA-0003843,1707350400000000000,2024-03-13,Bangladesh,Tourist,Paris,2,2024,Winter,34,3,0,Q1,34
VISA-0003844,1704585600000000000,2024-02-26,Unknown,Dependent,Berlin,1,2024,Winter,50,6,0,Q1,50
VISA-0003845,1719014400000000000,2024-07-21,Germany,Tourist,New Delhi,6,2024,Summer,29,5,1,Q2,29
VISA-0003846,1648166400000000000,2022-04-28,France,Business,Singapore,3,2022,Spring,34,4,0,Q1,34
VISA-0003847,1637539200000000000,2022-01-28,UK,Work,Johannesburg,11,2021,Autumn,67,0,0,Q4,67
VISA-0003848,1616112000000000000,2021-04-14,UK,Tourist,Singapore,3,2021,Spring,26,4,0,Q1,26
VISA-0003849,1745798400000000000,2025-07-12,UK,Tourist,Ottawa,4,2025,Spring,75,0,0,Q2,75
VISA-0003850,1644710400000000000,2022-05-31,Bangladesh,Student,Chennai,2,2022,Winter,107,6,0,Q1,107
VISA-0003851,1700092800000000000,2023-12-24,Mexico,Business,Singapore,11,2023,Autumn,38,3,0,Q4,38
VISA-0003852,1681171200000000000,2023-05-23,Mexico,Dependent,Chennai,4,2023,Spring,42,1,0,Q2,42
VISA-0003853,1635033600000000000,2021-11-14,Germany,Tourist,Paris,10,2021,Autumn,21,6,0,Q4,21
VISA-0003854,1674691200000000000,2023-03-27,Bangladesh,Student,Johannesburg,1,2023,Winter,60,3,0,Q1,60
VISA-0003855,1622505600000000000,2021-07-09,Mexico,Tourist,Singapore,6,2021,Summer,38,1,1,Q2,38
VISA-0003856,1637280000000000000,2021-12-09,Australia,Tourist,Sydney,11,2021,Autumn,20,4,0,Q4,20
VISA-0003857,1631404800000000000,2021-11-22,Kenya,Work,Singapore,9,2021,Autumn,71,6,0,Q3,71
VISA-0003858,1739404800000000000,2025-03-22,Bangladesh,Tourist,Singapore,2,2025,Winter,37,3,0,Q1,37
VISA-0003859,1698883200000000000,2023-12-06,Mexico,Tourist,Johannesburg,11,2023,Autumn,34,3,0,Q4,34
VISA-0003860,1755388800000000000,2025-09-28,Kenya,Dependent,London,8,2025,Summer,42,6,1,Q3,42
VISA-0003861,1678147200000000000,2023-04-23,Mexico,Business,Dubai,3,2023,Spring,47,1,0,Q1,47
VISA-0003862,1641168000000000000,2022-02-17,Philippines,Business,Paris,1,2022,Winter,45,0,0,Q1,45
VISA-0003863,1705363200000000000,2024-02-17,Australia,Tourist,Chennai,1,2024,Winter,32,1,0,Q1,32
VISA-0003864,1755993600000000000,2025-10-22,Unknown,Dependent,Chennai,8,2025,Summer,59,6,1,Q3,59
VISA-0003865,1693353600000000000,2023-11-07,Mexico,Work,Ottawa,8,2023,Summer,69,2,1,Q3,69
VISA-0003866,1612224000000000000,2021-05-12,China,Student,London,2,2021,Winter,99,1,0,Q1,99
VISA-0003867,1657324800000000000,2022-08-30,Nigeria,Tourist,Paris,7,2022,Summer,52,5,1,Q3,52
VISA-0003868,1755302400000000000,2025-09-22,UK,Dependent,Johannesburg,8,2025,Summer,37,5,1,Q3,37
VISA-0003869,1691107200000000000,2023-09-26,Germany,Student,Mumbai,8,2023,Summer,53,4,1,Q3,53
VISA-0003870,1759536000000000000,2025-10-28,Mexico,Business,London,10,2025,Autumn,24,5,0,Q4,24
VISA-0003871,1689724800000000000,2023-09-15,Canada,Work,Johannesburg,7,2023,Summer,58,2,1,Q3,58
VISA-0003872,1611273600000000000,2021-03-18,UK,Business,Dubai,1,2021,Winter,55,4,0,Q1,55
VISA-0003873,1747094400000000000,2025-07-14,Canada,Work,Chennai,5,2025,Spring,62,1,0,Q2,62
VISA-0003874,1729728000000000000,2024-12-06,India,Dependent,Dubai,10,2024,Autumn,43,3,0,Q4,43
VISA-0003875,1722211200000000000,2024-09-03,Philippines,Tourist,Singapore,7,2024,Summer,36,0,1,Q3,36
VISA-0003876,1762387200000000000,2025-12-06,Pakistan,Tourist,Ottawa,11,2025,Autumn,30,3,0,Q4,30
VISA-0003877,1640390400000000000,2022-02-10,Mexico,Business,Sydney,12,2021,Winter,47,5,1,Q4,47
VISA-0003878,1752278400000000000,2025-09-05,Canada,Student,Dubai,7,2025,Summer,55,5,1,Q3,55
VISA-0003879,1646092800000000000,2022-05-01,Mexico,Work,Singapore,3,2022,Spring,61,1,0,Q1,61
VISA-0003880,1762473600000000000,2026-01-04,Brazil,Work,Dubai,11,2025,Autumn,58,4,0,Q4,58
VISA-0003881,1639612800000000000,2022-02-20,India,Student,Johannesburg,12,2021,Winter,66,3,1,Q4,66
VISA-0003882,1696204800000000000,2023-11-12,India,Business,Paris,10,2023,Autumn,41,0,0,Q4,41
VISA-0003883,1733875200000000000,2025-01-13,Nigeria,Tourist,Ottawa,12,2024,Winter,33,2,1,Q4,33
VISA-0003884,1621728000000000000,2021-07-12,India,Dependent,Sydney,5,2021,Spring,50,6,0,Q2,50
VISA-0003885,1619913600000000000,2021-06-14,Brazil,Tourist,Berlin,5,2021,Spring,43,6,0,Q2,43
VISA-0003886,1743379200000000000,2025-05-25,Bangladesh,Work,New Delhi,3,2025,Spring,55,0,0,Q1,55
VISA-0003887,1618963200000000000,2021-05-31,India,Unknown,Chennai,4,2021,Spring,40,2,0,Q2,40
VISA-0003888,1706227200000000000,2024-03-09,Bangladesh,Tourist,Chennai,1,2024,Winter,43,4,0,Q1,43
VISA-0003889,1757376000000000000,2025-10-08,Bangladesh,Tourist,Paris,9,2025,Autumn,29,1,0,Q3,29
VISA-0003890,1706313600000000000,2024-04-19,Bangladesh,Tourist,Singapore,1,2024,Winter,83,5,0,Q1,83
VISA-0003891,1685232000000000000,2023-08-05,Bangladesh,Work,Singapore,5,2023,Spring,69,6,0,Q2,69
VISA-0003892,1675209600000000000,2023-03-27,France,Student,Mumbai,2,2023,Winter,54,2,0,Q1,54
VISA-0003893,1710028800000000000,2024-04-08,India,Tourist,London,3,2024,Spring,29,6,0,Q1,29
VISA-0003894,1699574400000000000,2023-12-12,Canada,Dependent,London,11,2023,Autumn,32,4,0,Q4,32
VISA-0003895,1688515200000000000,2023-08-11,Brazil,Tourist,New Delhi,7,2023,Summer,37,2,1,Q3,37
VISA-0003896,1633651200000000000,2021-12-03,UK,Student,Chennai,10,2021,Autumn,56,4,0,Q4,56
VISA-0003897,1713916800000000000,2024-06-12,Australia,Work,Ottawa,4,2024,Spring,49,2,0,Q2,49
VISA-0003898,1726099200000000000,2024-09-30,Australia,Tourist,Singapore,9,2024,Autumn,18,3,0,Q3,18
VISA-0003899,1721174400000000000,2024-09-08,Bangladesh,Tourist,Mumbai,7,2024,Summer,53,2,1,Q3,53
VISA-0003900,1621209600000000000,2021-06-17,Nigeria,Transit,Singapore,5,2021,Spring,31,0,0,Q2,31
VISA-0003901,1720224000000000000,2024-09-09,Nigeria,Work,Singapore,7,2024,Summer,65,5,1,Q3,65
VISA-0003902,1724457600000000000,2024-10-05,India,Tourist,Mumbai,8,2024,Summer,42,5,1,Q3,42
VISA-0003903,1638316800000000000,2022-01-23,Philippines,Business,Chennai,12,2021,Winter,53,2,1,Q4,53
VISA-0003904,1743292800000000000,2025-05-25,Pakistan,Student,Sydney,3,2025,Spring,56,6,0,Q1,56
VISA-0003905,1692057600000000000,2023-09-12,Canada,Tourist,Unknown,8,2023,Summer,28,1,1,Q3,28
VISA-0003906,1683936000000000000,2023-07-16,Germany,Work,Paris,5,2023,Spring,64,5,0,Q2,64
VISA-0003907,1723334400000000000,2024-10-03,France,Student,Johannesburg,8,2024,Summer,53,6,1,Q3,53
VISA-0003908,1689811200000000000,2023-08-12,Brazil,Tourist,London,7,2023,Summer,23,3,1,Q3,23
VISA-0003909,1695340800000000000,2023-11-02,Australia,Dependent,Singapore,9,2023,Autumn,41,4,0,Q3,41
VISA-0003910,1658620800000000000,2022-09-03,China,Tourist,Johannesburg,7,2022,Summer,41,6,1,Q3,41
VISA-0003911,1755734400000000000,2025-09-24,Australia,Tourist,Dubai,8,2025,Summer,34,3,1,Q3,34
VISA-0003912,1762300800000000000,2025-12-05,Germany,Tourist,Mumbai,11,2025,Autumn,30,2,0,Q4,30
VISA-0003913,1630022400000000000,2021-10-14,Mexico,Business,Chennai,8,2021,Summer,48,4,1,Q3,48
VISA-0003914,1724976000000000000,2024-11-02,UK,Work,Mumbai,8,2024,Summer,64,4,1,Q3,64
VISA-0003915,1613088000000000000,2021-04-02,Brazil,Dependent,Paris,2,2021,Winter,49,4,0,Q1,49
VISA-0003916,1667606400000000000,2022-12-01,France,Tourist,London,11,2022,Autumn,26,5,0,Q4,26
VISA-0003917,1762387200000000000,2025-11-27,Canada,Business,Berlin,11,2025,Autumn,21,3,0,Q4,21
VISA-0003918,1637020800000000000,2022-03-16,Mexico,Work,Chennai,11,2021,Autumn,120,1,0,Q4,120
VISA-0003919,1668902400000000000,2022-12-31,Brazil,Tourist,Johannesburg,11,2022,Autumn,41,6,0,Q4,41
VISA-0003920,1644019200000000000,2022-03-05,Canada,Tourist,Paris,2,2022,Winter,28,5,0,Q1,28
VISA-0003921,1724284800000000000,2024-10-03,Brazil,Business,Ottawa,8,2024,Summer,42,3,1,Q3,42
VISA-0003922,1682553600000000000,2023-06-11,Bangladesh,Tourist,Sydney,4,2023,Spring,45,3,0,Q2,45
VISA-0003923,1702944000000000000,2024-02-29,Bangladesh,Work,New Delhi,12,2023,Winter,72,1,1,Q4,72
VISA-0003924,1758067200000000000,2025-11-13,Unknown,Student,Mumbai,9,2025,Autumn,57,2,0,Q3,57
VISA-0003925,1691539200000000000,2023-09-13,Canada,Tourist,Johannesburg,8,2023,Summer,35,2,1,Q3,35
VISA-0003926,1725148800000000000,2024-09-27,Canada,Transit,Paris,9,2024,Autumn,26,6,0,Q3,26
VISA-0003927,1624838400000000000,2021-08-25,Australia,Business,Singapore,6,2021,Summer,58,0,1,Q2,58
VISA-0003928,1643328000000000000,2022-03-30,Mexico,Student,Berlin,1,2022,Winter,61,4,0,Q1,61
VISA-0003929,1758758400000000000,2025-11-22,China,Work,Chennai,9,2025,Autumn,58,3,0,Q3,58
VISA-0003930,1744934400000000000,2025-06-17,Philippines,Student,Mumbai,4,2025,Spring,60,4,0,Q2,60
VISA-0003931,1712966400000000000,2024-05-22,India,Business,Berlin,4,2024,Spring,39,5,0,Q2,39
VISA-0003932,1669075200000000000,2023-01-06,Brazil,Tourist,Unknown,11,2022,Autumn,45,1,0,Q4,45
VISA-0003933,1640908800000000000,2022-03-04,Unknown,Student,New Delhi,12,2021,Winter,63,4,1,Q4,63
VISA-0003934,1743724800000000000,2025-05-08,Mexico,Tourist,New Delhi,4,2025,Spring,34,4,0,Q2,34
VISA-0003935,1733270400000000000,2025-01-19,UK,Student,Dubai,12,2024,Winter,46,2,1,Q4,46
VISA-0003936,1647561600000000000,2022-05-10,Philippines,Student,Singapore,3,2022,Spring,53,4,0,Q1,53
VISA-0003937,1702425600000000000,2024-01-18,Brazil,Tourist,London,12,2023,Winter,36,2,1,Q4,36
VISA-0003938,1707004800000000000,2024-02-25,UK,Transit,Johannesburg,2,2024,Winter,21,6,0,Q1,21
VISA-0003939,1684713600000000000,2023-06-30,Bangladesh,Tourist,Unknown,5,2023,Spring,39,0,0,Q2,39
VISA-0003940,1755561600000000000,2025-09-28,Brazil,Tourist,Paris,8,2025,Summer,40,1,1,Q3,40
VISA-0003941,1628985600000000000,2021-10-14,Mexico,Student,Chennai,8,2021,Summer,60,6,1,Q3,60
VISA-0003942,1650067200000000000,2022-08-07,Australia,Work,Dubai,4,2022,Spring,113,5,0,Q2,113
VISA-0003943,1624406400000000000,2021-07-30,Canada,Unknown,London,6,2021,Summer,37,2,1,Q2,37
VISA-0003944,1718668800000000000,2024-08-14,Kenya,Student,Paris,6,2024,Summer,57,1,1,Q2,57
VISA-0003945,1710979200000000000,2024-04-29,Philippines,Business,Sydney,3,2024,Spring,39,3,0,Q1,39
VISA-0003946,1765065600000000000,2026-01-18,Kenya,Tourist,New Delhi,12,2025,Winter,42,6,1,Q4,42
VISA-0003947,1694908800000000000,2023-10-15,Brazil,Transit,Chennai,9,2023,Autumn,28,6,0,Q3,28
VISA-0003948,1633132800000000000,2021-11-09,Pakistan,Tourist,London,10,2021,Autumn,38,5,0,Q4,38
VISA-0003949,1680480000000000000,2023-05-30,Bangladesh,Work,Sydney,4,2023,Spring,57,0,0,Q2,57
VISA-0003950,1623369600000000000,2021-07-28,Brazil,Tourist,Chennai,6,2021,Summer,47,4,1,Q2,47
VISA-0003951,1715212800000000000,2024-09-08,Mexico,Work,Dubai,5,2024,Spring,122,3,0,Q2,122
VISA-0003952,1715731200000000000,2024-06-25,Pakistan,Dependent,Johannesburg,5,2024,Spring,41,2,0,Q2,41
VISA-0003953,1744675200000000000,2025-05-06,UK,Tourist,Berlin,4,2025,Spring,21,1,0,Q2,21
VISA-0003954,1663027200000000000,2022-11-25,Mexico,Tourist,London,9,2022,Autumn,73,1,0,Q3,73
VISA-0003955,1658275200000000000,2022-09-02,Germany,Tourist,Berlin,7,2022,Summer,44,2,1,Q3,44
VISA-0003956,1620691200000000000,2021-06-26,Bangladesh,Tourist,Johannesburg,5,2021,Spring,46,1,0,Q2,46
VISA-0003957,1674864000000000000,2023-02-22,Canada,Transit,Chennai,1,2023,Winter,25,5,0,Q1,25
VISA-0003958,1684368000000000000,2023-07-22,Kenya,Work,Chennai,5,2023,Spring,65,3,0,Q2,65
VISA-0003959,1728345600000000000,2024-12-17,India,Work,New Delhi,10,2024,Autumn,70,1,0,Q4,70
VISA-0003960,1728259200000000000,2024-10-24,UK,Transit,Singapore,10,2024,Autumn,17,0,0,Q4,17
VISA-0003961,1631491200000000000,2021-10-31,Philippines,Dependent,Singapore,9,2021,Autumn,48,0,0,Q3,48
VISA-0003962,1654387200000000000,2022-07-01,UK,Business,Ottawa,6,2022,Summer,26,6,1,Q2,26
VISA-0003963,1690070400000000000,2023-08-11,Germany,Tourist,Unknown,7,2023,Summer,19,6,1,Q3,19
VISA-0003964,1662249600000000000,2022-10-03,UK,Tourist,Berlin,9,2022,Autumn,29,6,0,Q3,29
VISA-0003965,1613433600000000000,2021-04-01,UK,Tourist,Johannesburg,2,2021,Winter,44,1,0,Q1,44
VISA-0003966,1742774400000000000,2025-04-18,France,Tourist,Johannesburg,3,2025,Spring,25,0,0,Q1,25
VISA-0003967,1724716800000000000,2024-10-17,UK,Student,Johannesburg,8,2024,Summer,51,1,1,Q3,51
VISA-0003968,1691452800000000000,2023-09-12,France,Tourist,Ottawa,8,2023,Summer,35,1,1,Q3,35
VISA-0003969,1659484800000000000,2022-10-14,Nigeria,Student,Dubai,8,2022,Summer,72,2,1,Q3,72
VISA-0003970,1742256000000000000,2025-05-04,Canada,Student,Mumbai,3,2025,Spring,47,1,0,Q1,47
VISA-0003971,1614988800000000000,2021-04-07,Mexico,Tourist,Singapore,3,2021,Spring,32,5,0,Q1,32
VISA-0003972,1679788800000000000,2023-05-01,Bangladesh,Tourist,London,3,2023,Spring,36,6,0,Q1,36
VISA-0003973,1735689600000000000,2025-02-17,Pakistan,Student,Ottawa,1,2025,Winter,47,2,0,Q1,47
VISA-0003974,1759708800000000000,2025-11-24,China,Student,Dubai,10,2025,Autumn,49,0,0,Q4,49
VISA-0003975,1649030400000000000,2022-05-05,Canada,Business,Paris,4,2022,Spring,31,0,0,Q2,31
VISA-0003976,1712016000000000000,2024-05-04,Kenya,Business,Unknown,4,2024,Spring,32,1,0,Q2,32
VISA-0003977,1639353600000000000,2022-01-29,Germany,Tourist,Johannesburg,12,2021,Winter,47,0,1,Q4,47
VISA-0003978,1627689600000000000,2021-09-10,Germany,Tourist,Berlin,7,2021,Summer,41,5,1,Q3,41
VISA-0003979,1665100800000000000,2022-12-09,Canada,Tourist,Unknown,10,2022,Autumn,63,4,0,Q4,63
VISA-0003980,1748995200000000000,2025-07-09,India,Tourist,Dubai,6,2025,Summer,35,2,1,Q2,35
VISA-0003981,1718150400000000000,2024-07-27,Brazil,Student,Ottawa,6,2024,Summer,45,2,1,Q2,45
VISA-0003982,1686528000000000000,2023-06-28,France,Transit,Johannesburg,6,2023,Summer,16,0,1,Q2,16
VISA-0003983,1654041600000000000,2022-07-09,Pakistan,Tourist,Ottawa,6,2022,Summer,38,2,1,Q2,38
VISA-0003984,1631750400000000000,2021-10-16,Germany,Tourist,Dubai,9,2021,Autumn,30,3,0,Q3,30
VISA-0003985,1652140800000000000,2022-06-11,Philippines,Business,London,5,2022,Spring,32,1,0,Q2,32
VISA-0003986,1633478400000000000,2021-11-25,Philippines,Student,Sydney,10,2021,Autumn,50,2,0,Q4,50
VISA-0003987,1638921600000000000,2022-01-30,Bangladesh,Tourist,Ottawa,12,2021,Winter,53,2,1,Q4,53
VISA-0003988,1717804800000000000,2024-07-16,Kenya,Tourist,Chennai,6,2024,Summer,38,5,1,Q2,38
VISA-0003989,1630368000000000000,2021-10-31,Philippines,Dependent,Singapore,8,2021,Summer,61,1,1,Q3,61
VISA-0003990,1616889600000000000,2021-05-06,Unknown,Tourist,Paris,3,2021,Spring,39,6,0,Q1,39
VISA-0003991,1694908800000000000,2023-11-14,Australia,Work,Berlin,9,2023,Autumn,58,6,0,Q3,58
VISA-0003992,1654646400000000000,2022-08-21,Nigeria,Business,New Delhi,6,2022,Summer,74,2,1,Q2,74
VISA-0003993,1681084800000000000,2023-05-13,France,Tourist,Chennai,4,2023,Spring,33,0,0,Q2,33
VISA-0003994,1631491200000000000,2021-11-09,Pakistan,Business,Chennai,9,2021,Autumn,57,0,0,Q3,57
VISA-0003995,1642550400000000000,2022-02-26,Australia,Tourist,Berlin,1,2022,Winter,38,2,0,Q1,38
VISA-0003996,1678924800000000000,2023-04-16,Philippines,Tourist,Singapore,3,2023,Spring,31,3,0,Q1,31
VISA-0003997,1718236800000000000,2024-07-13,Bangladesh,Tourist,Ottawa,6,2024,Summer,30,3,1,Q2,30
VISA-0003998,1674777600000000000,2023-02-12,Brazil,Transit,London,1,2023,Winter,16,4,0,Q1,16
VISA-0003999,1694822400000000000,2023-10-25,Bangladesh,Tourist,Dubai,9,2023,Autumn,39,5,0,Q3,39
VISA-0004000,1691712000000000000,2023-09-17,Brazil,Tourist,Johannesburg,8,2023,Summer,37,4,1,Q3,37
VISA-0004001,1651795200000000000,2022-08-10,Unknown,Dependent,Ottawa,5,2022,Spring,96,4,0,Q2,96
VISA-0004002,1653523200000000000,2022-06-17,Unknown,Tourist,London,5,2022,Spring,22,3,0,Q2,22
VISA-0004003,1676505600000000000,2023-04-06,Philippines,Dependent,Sydney,2,2023,Winter,49,3,0,Q1,49
VISA-0004004,1614470400000000000,2021-05-28,Philippines,Work,Johannesburg,2,2021,Winter,89,6,0,Q1,89
VISA-0004005,1717459200000000000,2024-08-10,Brazil,Work,Paris,6,2024,Summer,67,1,1,Q2,67
VISA-0004006,1706313600000000000,2024-02-29,Germany,Business,Sydney,1,2024,Winter,33,5,0,Q1,33
VISA-0004007,1657670400000000000,2022-08-30,Bangladesh,Business,Paris,7,2022,Summer,48,2,1,Q3,48
VISA-0004008,1668384000000000000,2022-12-24,Pakistan,Tourist,New Delhi,11,2022,Autumn,40,0,0,Q4,40
VISA-0004009,1661212800000000000,2022-09-26,India,Transit,Paris,8,2022,Summer,34,1,1,Q3,34
VISA-0004010,1712102400000000000,2024-05-05,China,Dependent,Mumbai,4,2024,Spring,32,2,0,Q2,32
VISA-0004011,1729209600000000000,2024-11-11,India,Dependent,Ottawa,10,2024,Autumn,24,4,0,Q4,24
VISA-0004012,1626566400000000000,2021-11-05,France,Work,London,7,2021,Summer,110,6,1,Q3,110
VISA-0004013,1674604800000000000,2023-03-16,France,Student,Berlin,1,2023,Winter,50,2,0,Q1,50
VISA-0004014,1611619200000000000,2021-03-31,Unknown,Student,Chennai,1,2021,Winter,64,1,0,Q1,64
VISA-0004015,1680739200000000000,2023-05-21,India,Tourist,Chennai,4,2023,Spring,45,3,0,Q2,45
VISA-0004016,1648598400000000000,2022-05-17,Germany,Student,Singapore,3,2022,Spring,48,2,0,Q1,48
VISA-0004017,1662336000000000000,2022-11-07,Pakistan,Work,Sydney,9,2022,Autumn,63,0,0,Q3,63
VISA-0004018,1681430400000000000,2023-06-09,Brazil,Work,Paris,4,2023,Spring,56,4,0,Q2,56
VISA-0004019,1660435200000000000,2022-10-09,Bangladesh,Tourist,Dubai,8,2022,Summer,56,6,1,Q3,56
VISA-0004020,1671580800000000000,2023-02-23,Mexico,Student,Dubai,12,2022,Winter,64,2,1,Q4,64
VISA-0004021,1729987200000000000,2024-12-26,Canada,Work,Berlin,10,2024,Autumn,60,6,0,Q4,60
VISA-0004022,1737158400000000000,2025-02-28,Nigeria,Unknown,Berlin,1,2025,Winter,41,5,0,Q1,41
VISA-0004023,1610323200000000000,2021-02-12,Australia,Transit,Johannesburg,1,2021,Winter,32,0,0,Q1,32
VISA-0004024,1668988800000000000,2023-01-22,Germany,Work,Paris,11,2022,Autumn,62,0,0,Q4,62
VISA-0004025,1742947200000000000,2025-04-17,Canada,Tourist,London,3,2025,Spring,22,2,0,Q1,22
VISA-0004026,1693094400000000000,2023-10-01,Pakistan,Tourist,Mumbai,8,2023,Summer,35,6,1,Q3,35
VISA-0004027,1641772800000000000,2022-03-24,Australia,Work,Singapore,1,2022,Winter,73,0,0,Q1,73
VISA-0004028,1703030400000000000,2024-02-15,Kenya,Unknown,Ottawa,12,2023,Winter,57,2,1,Q4,57
VISA-0004029,1632268800000000000,2021-11-10,Germany,Dependent,London,9,2021,Autumn,49,2,0,Q3,49
VISA-0004030,1612828800000000000,2021-04-01,China,Tourist,Mumbai,2,2021,Winter,51,1,0,Q1,51
VISA-0004031,1709164800000000000,2024-04-05,Mexico,Tourist,Dubai,2,2024,Winter,36,3,0,Q1,36
VISA-0004032,1690675200000000000,2023-10-03,Mexico,Student,Sydney,7,2023,Summer,65,6,1,Q3,65
VISA-0004033,1728691200000000000,2024-11-03,Canada,Business,Singapore,10,2024,Autumn,22,5,0,Q4,22
VISA-0004034,1663804800000000000,2022-10-23,Canada,Transit,Paris,9,2022,Autumn,31,3,0,Q3,31
VISA-0004035,1744156800000000000,2025-05-10,Brazil,Dependent,Berlin,4,2025,Spring,31,2,0,Q2,31
VISA-0004036,1675814400000000000,2023-03-29,Pakistan,Student,Sydney,2,2023,Winter,49,2,0,Q1,49
VISA-0004037,1725753600000000000,2024-10-08,Nigeria,Business,Singapore,9,2024,Autumn,30,6,0,Q3,30
VISA-0004038,1625270400000000000,2021-08-15,Nigeria,Tourist,Johannesburg,7,2021,Summer,43,5,1,Q3,43
VISA-0004039,1624752000000000000,2021-09-03,Mexico,Work,Paris,6,2021,Summer,68,6,1,Q2,68
VISA-0004040,1732838400000000000,2025-01-02,Canada,Dependent,London,11,2024,Autumn,34,4,0,Q4,34
VISA-0004041,1740960000000000000,2025-04-09,Kenya,Student,London,3,2025,Spring,37,0,0,Q1,37
VISA-0004042,1757980800000000000,2025-10-10,Bangladesh,Transit,New Delhi,9,2025,Autumn,24,1,0,Q3,24
VISA-0004043,1660608000000000000,2022-10-26,Mexico,Tourist,Johannesburg,8,2022,Summer,71,1,1,Q3,71
VISA-0004044,1612915200000000000,2021-03-27,France,Tourist,Paris,2,2021,Winter,45,2,0,Q1,45
VISA-0004045,1763942400000000000,2026-01-01,France,Student,Johannesburg,11,2025,Autumn,38,0,0,Q4,38
VISA-0004046,1704240000000000000,2024-02-19,Kenya,Dependent,Paris,1,2024,Winter,47,2,0,Q1,47
VISA-0004047,1648339200000000000,2022-04-23,Canada,Tourist,Ottawa,3,2022,Spring,27,6,0,Q1,27
VISA-0004048,1729900800000000000,2024-12-03,Bangladesh,Business,Mumbai,10,2024,Autumn,38,5,0,Q4,38
VISA-0004049,1751932800000000000,2025-08-23,Kenya,Tourist,New Delhi,7,2025,Summer,46,1,1,Q3,46
VISA-0004050,1654300800000000000,2022-07-25,France,Business,Paris,6,2022,Summer,51,5,1,Q2,51
VISA-0004051,1730764800000000000,2025-01-03,Mexico,Work,London,11,2024,Autumn,59,1,0,Q4,59
VISA-0004052,1733616000000000000,2025-03-11,Australia,Tourist,Ottawa,12,2024,Winter,93,6,1,Q4,93
VISA-0004053,1688515200000000000,2023-08-05,Nigeria,Business,Singapore,7,2023,Summer,31,2,1,Q3,31
VISA-0004054,1709164800000000000,2024-04-03,Philippines,Business,Sydney,2,2024,Winter,34,3,0,Q1,34
VISA-0004055,1651881600000000000,2022-07-05,Pakistan,Student,Johannesburg,5,2022,Spring,59,5,0,Q2,59
VISA-0004056,1755907200000000000,2025-09-22,Unknown,Tourist,Dubai,8,2025,Summer,30,5,1,Q3,30
VISA-0004057,1764460800000000000,2025-12-25,China,Tourist,Singapore,11,2025,Autumn,25,6,0,Q4,25
VISA-0004058,1764115200000000000,2025-12-23,Pakistan,Transit,Mumbai,11,2025,Autumn,27,2,0,Q4,27
VISA-0004059,1725667200000000000,2024-10-31,France,Work,Ottawa,9,2024,Autumn,54,5,0,Q3,54
VISA-0004060,1616112000000000000,2021-04-22,Pakistan,Business,Chennai,3,2021,Spring,34,4,0,Q1,34
VISA-0004061,1667174400000000000,2023-01-15,Mexico,Work,New Delhi,10,2022,Autumn,76,0,0,Q4,76
VISA-0004062,1679616000000000000,2023-05-01,India,Business,Johannesburg,3,2023,Spring,38,4,0,Q1,38
VISA-0004063,1760745600000000000,2025-11-19,Pakistan,Tourist,Sydney,10,2025,Autumn,32,5,0,Q4,32
VISA-0004064,1695686400000000000,2023-11-20,UK,Student,London,9,2023,Autumn,55,1,0,Q3,55
VISA-0004065,1693958400000000000,2023-11-03,Pakistan,Work,Ottawa,9,2023,Autumn,58,2,0,Q3,58
VISA-0004066,1632528000000000000,2021-12-16,Kenya,Tourist,Chennai,9,2021,Autumn,82,5,0,Q3,82
VISA-0004067,1734566400000000000,2025-01-22,Bangladesh,Tourist,Mumbai,12,2024,Winter,34,3,1,Q4,34
VISA-0004068,1662422400000000000,2022-11-14,Pakistan,Work,Johannesburg,9,2022,Autumn,69,1,0,Q3,69
VISA-0004069,1623888000000000000,2021-08-08,India,Dependent,Mumbai,6,2021,Summer,52,3,1,Q2,52
VISA-0004070,1765152000000000000,2026-03-04,Pakistan,Work,Ottawa,12,2025,Winter,86,0,1,Q4,86
VISA-0004071,1639353600000000000,2022-02-12,Canada,Tourist,Mumbai,12,2021,Winter,61,0,1,Q4,61
VISA-0004072,1611964800000000000,2021-03-12,Germany,Transit,Johannesburg,1,2021,Winter,41,5,0,Q1,41
VISA-0004073,1621728000000000000,2021-06-20,Canada,Tourist,Chennai,5,2021,Spring,28,6,0,Q2,28
VISA-0004074,1680739200000000000,2023-04-25,Australia,Tourist,Ottawa,4,2023,Spring,19,3,0,Q2,19
VISA-0004075,1625616000000000000,2021-08-16,Brazil,Transit,Paris,7,2021,Summer,40,2,1,Q3,40
VISA-0004076,1742256000000000000,2025-04-26,Philippines,Business,Dubai,3,2025,Spring,39,1,0,Q1,39
VISA-0004077,1690243200000000000,2023-09-15,Canada,Dependent,Ottawa,7,2023,Summer,52,1,1,Q3,52
VISA-0004078,1660521600000000000,2022-09-19,Canada,Unknown,Dubai,8,2022,Summer,35,0,1,Q3,35
VISA-0004079,1609891200000000000,2021-03-15,Australia,Work,Ottawa,1,2021,Winter,68,2,0,Q1,68
VISA-0004080,1685059200000000000,2023-06-20,Mexico,Tourist,London,5,2023,Spring,25,4,0,Q2,25
VISA-0004081,1633305600000000000,2021-12-26,Pakistan,Tourist,Dubai,10,2021,Autumn,83,0,0,Q4,83
VISA-0004082,1763596800000000000,2025-12-24,Kenya,Dependent,Ottawa,11,2025,Autumn,34,3,0,Q4,34
VISA-0004083,1655337600000000000,2022-08-05,Bangladesh,Dependent,Johannesburg,6,2022,Summer,50,3,1,Q2,50
VISA-0004084,1684281600000000000,2023-07-11,India,Student,Sydney,5,2023,Spring,55,2,0,Q2,55
VISA-0004085,1612310400000000000,2021-04-06,Nigeria,Student,Paris,2,2021,Winter,62,2,0,Q1,62
VISA-0004086,1630022400000000000,2021-10-18,Nigeria,Tourist,Chennai,8,2021,Summer,52,4,1,Q3,52
VISA-0004087,1642118400000000000,2022-03-07,Mexico,Tourist,Berlin,1,2022,Winter,52,4,0,Q1,52
VISA-0004088,1617580800000000000,2021-05-29,Mexico,Dependent,Unknown,4,2021,Spring,54,0,0,Q2,54
VISA-0004089,1723852800000000000,2024-10-03,Pakistan,Tourist,Paris,8,2024,Summer,47,5,1,Q3,47
VISA-0004090,1758499200000000000,2025-11-01,Nigeria,Student,Sydney,9,2025,Autumn,40,0,0,Q3,40
VISA-0004091,1764806400000000000,2026-01-27,Brazil,Dependent,Berlin,12,2025,Winter,54,3,1,Q4,54
VISA-0004092,1651363200000000000,2022-07-06,Nigeria,Student,New Delhi,5,2022,Spring,66,6,0,Q2,66
VISA-0004093,1733788800000000000,2025-02-11,Brazil,Student,Berlin,12,2024,Winter,63,1,1,Q4,63
VISA-0004094,1688860800000000000,2023-08-15,Mexico,Tourist,Paris,7,2023,Summer,37,6,1,Q3,37
VISA-0004095,1616630400000000000,2021-05-18,Unknown,Tourist,Sydney,3,2021,Spring,54,3,0,Q1,54
VISA-0004096,1623715200000000000,2021-08-02,Kenya,Tourist,New Delhi,6,2021,Summer,48,1,1,Q2,48
VISA-0004097,1695772800000000000,2023-11-02,Pakistan,Tourist,Dubai,9,2023,Autumn,36,2,0,Q3,36
VISA-0004098,1676246400000000000,2023-03-30,Bangladesh,Tourist,Paris,2,2023,Winter,45,0,0,Q1,45
VISA-0004099,1610755200000000000,2021-03-07,Kenya,Tourist,Sydney,1,2021,Winter,50,5,0,Q1,50
VISA-0004100,1756080000000000000,2025-10-18,Bangladesh,Tourist,Mumbai,8,2025,Summer,54,0,1,Q3,54
VISA-0004101,1724544000000000000,2024-10-01,Mexico,Tourist,Ottawa,8,2024,Summer,37,6,1,Q3,37
VISA-0004102,1688601600000000000,2023-08-12,Nigeria,Transit,Johannesburg,7,2023,Summer,37,3,1,Q3,37
VISA-0004103,1765065600000000000,2026-01-09,Philippines,Tourist,Chennai,12,2025,Winter,33,6,1,Q4,33
VISA-0004104,1762560000000000000,2025-12-21,Philippines,Student,Sydney,11,2025,Autumn,43,5,0,Q4,43
VISA-0004105,1762992000000000000,2025-12-22,Canada,Dependent,London,11,2025,Autumn,39,3,0,Q4,39
VISA-0004106,1650240000000000000,2022-05-27,China,Tourist,Berlin,4,2022,Spring,39,0,0,Q2,39
VISA-0004107,1748304000000000000,2025-07-03,Brazil,Student,Ottawa,5,2025,Spring,37,1,0,Q2,37
VISA-0004108,1688947200000000000,2023-08-30,Australia,Dependent,Ottawa,7,2023,Summer,51,0,1,Q3,51
VISA-0004109,1723939200000000000,2024-11-03,Germany,Work,Dubai,8,2024,Summer,77,6,1,Q3,77
VISA-0004110,1744934400000000000,2025-05-15,France,Tourist,Dubai,4,2025,Spring,27,4,0,Q2,27
VISA-0004111,1635206400000000000,2021-12-02,Canada,Business,Sydney,10,2021,Autumn,37,1,0,Q4,37
VISA-0004112,1680134400000000000,2023-05-26,Nigeria,Work,Chennai,3,2023,Spring,57,3,0,Q1,57
VISA-0004113,1629763200000000000,2021-10-19,Bangladesh,Student,Mumbai,8,2021,Summer,56,1,1,Q3,56
VISA-0004114,1653523200000000000,2022-07-06,Philippines,Tourist,Berlin,5,2022,Spring,41,3,0,Q2,41
VISA-0004115,1674604800000000000,2023-03-18,Nigeria,Tourist,London,1,2023,Winter,52,2,0,Q1,52
VISA-0004116,1744329600000000000,2025-06-25,Nigeria,Business,Dubai,4,2025,Spring,75,4,0,Q2,75
VISA-0004117,1745452800000000000,2025-05-18,India,Tourist,Ottawa,4,2025,Spring,24,3,0,Q2,24
VISA-0004118,1670889600000000000,2023-01-19,Australia,Tourist,Singapore,12,2022,Winter,37,1,1,Q4,37
VISA-0004119,1661299200000000000,2022-10-16,Kenya,Student,Berlin,8,2022,Summer,53,2,1,Q3,53
VISA-0004120,1693094400000000000,2023-10-23,China,Dependent,Ottawa,8,2023,Summer,57,6,1,Q3,57
VISA-0004121,1753228800000000000,2025-08-19,Nigeria,Tourist,London,7,2025,Summer,27,2,1,Q3,27
VISA-0004122,1763424000000000000,2025-12-26,Pakistan,Tourist,Paris,11,2025,Autumn,38,1,0,Q4,38
VISA-0004123,1645142400000000000,2022-04-24,Germany,Student,New Delhi,2,2022,Winter,65,4,0,Q1,65
VISA-0004124,1638835200000000000,2022-02-21,Kenya,Work,New Delhi,12,2021,Winter,76,1,1,Q4,76
VISA-0004125,1720828800000000000,2024-09-07,Nigeria,Student,New Delhi,7,2024,Summer,56,5,1,Q3,56
VISA-0004126,1656979200000000000,2022-09-27,Germany,Dependent,London,7,2022,Summer,84,1,1,Q3,84
VISA-0004127,1640908800000000000,2022-02-16,Kenya,Tourist,Sydney,12,2021,Winter,47,4,1,Q4,47
VISA-0004128,1614297600000000000,2021-04-15,France,Tourist,London,2,2021,Winter,48,4,0,Q1,48
VISA-0004129,1672963200000000000,2023-03-03,Brazil,Student,Chennai,1,2023,Winter,56,4,0,Q1,56
VISA-0004130,1671235200000000000,2023-02-02,France,Tourist,London,12,2022,Winter,47,5,1,Q4,47
VISA-0004131,1698192000000000000,2023-12-10,Nigeria,Student,Sydney,10,2023,Autumn,46,2,0,Q4,46
VISA-0004132,1640995200000000000,2022-02-02,India,Business,London,1,2022,Winter,32,5,0,Q1,32
VISA-0004133,1722038400000000000,2024-09-12,Germany,Tourist,Dubai,7,2024,Summer,47,5,1,Q3,47
VISA-0004134,1716681600000000000,2024-06-25,France,Business,Ottawa,5,2024,Spring,30,6,0,Q2,30
VISA-0004135,1682294400000000000,2023-05-22,Brazil,Tourist,Johannesburg,4,2023,Spring,28,0,0,Q2,28
VISA-0004136,1637971200000000000,2022-02-01,Philippines,Work,Johannesburg,11,2021,Autumn,66,5,0,Q4,66
VISA-0004137,1689379200000000000,2023-09-13,Nigeria,Student,Berlin,7,2023,Summer,60,5,1,Q3,60
VISA-0004138,1715817600000000000,2024-07-05,China,Student,Dubai,5,2024,Spring,50,3,0,Q2,50
VISA-0004139,1668211200000000000,2022-12-15,Kenya,Tourist,New Delhi,11,2022,Autumn,33,5,0,Q4,33
VISA-0004140,1650931200000000000,2022-05-25,India,Transit,Dubai,4,2022,Spring,29,1,0,Q2,29
VISA-0004141,1689292800000000000,2023-08-31,Pakistan,Dependent,Ottawa,7,2023,Summer,48,4,1,Q3,48
VISA-0004142,1665446400000000000,2022-11-24,India,Business,London,10,2022,Autumn,44,1,0,Q4,44
VISA-0004143,1672531200000000000,2023-02-15,UK,Dependent,Paris,1,2023,Winter,45,6,0,Q1,45
VISA-0004144,1664409600000000000,2022-10-26,Australia,Tourist,New Delhi,9,2022,Autumn,27,3,0,Q3,27
VISA-0004145,1657238400000000000,2022-09-09,UK,Student,Chennai,7,2022,Summer,63,4,1,Q3,63
VISA-0004146,1722470400000000000,2024-09-19,Bangladesh,Tourist,Paris,8,2024,Summer,49,3,1,Q3,49
VISA-0004147,1681948800000000000,2023-06-03,France,Dependent,Johannesburg,4,2023,Spring,44,3,0,Q2,44
VISA-0004148,1682985600000000000,2023-06-02,Kenya,Tourist,Sydney,5,2023,Spring,31,1,0,Q2,31
VISA-0004149,1712361600000000000,2024-05-06,Australia,Tourist,Sydney,4,2024,Spring,30,5,0,Q2,30
VISA-0004150,1666396800000000000,2022-12-21,Mexico,Work,Johannesburg,10,2022,Autumn,60,5,0,Q4,60
VISA-0004151,1625356800000000000,2021-08-29,Pakistan,Tourist,Mumbai,7,2021,Summer,56,6,1,Q3,56
VISA-0004152,1743897600000000000,2025-04-18,France,Business,Sydney,4,2025,Spring,12,6,0,Q2,12
VISA-0004153,1618185600000000000,2021-05-24,Brazil,Tourist,Unknown,4,2021,Spring,42,0,0,Q2,42
VISA-0004154,1699574400000000000,2024-01-17,UK,Work,Sydney,11,2023,Autumn,68,4,0,Q4,68
VISA-0004155,1651363200000000000,2022-06-08,India,Dependent,Singapore,5,2022,Spring,38,6,0,Q2,38
VISA-0004156,1643155200000000000,2022-04-05,Australia,Work,Dubai,1,2022,Winter,69,2,0,Q1,69
VISA-0004157,1616025600000000000,2021-05-10,Bangladesh,Tourist,Johannesburg,3,2021,Spring,53,3,0,Q1,53
VISA-0004158,1751328000000000000,2025-08-25,Germany,Tourist,Sydney,7,2025,Summer,55,1,1,Q3,55
VISA-0004159,1677110400000000000,2023-05-20,France,Tourist,Singapore,2,2023,Winter,86,3,0,Q1,86
VISA-0004160,1663459200000000000,2022-10-30,Mexico,Tourist,Mumbai,9,2022,Autumn,42,6,0,Q3,42
VISA-0004161,1726272000000000000,2024-11-05,Philippines,Work,London,9,2024,Autumn,52,5,0,Q3,52
VISA-0004162,1615593600000000000,2021-04-12,Australia,Tourist,London,3,2021,Spring,30,5,0,Q1,30
VISA-0004163,1698451200000000000,2023-11-24,Canada,Tourist,Paris,10,2023,Autumn,27,5,0,Q4,27
VISA-0004164,1687392000000000000,2023-07-19,France,Tourist,Sydney,6,2023,Summer,27,3,1,Q2,27
VISA-0004165,1696723200000000000,2023-11-22,Brazil,Dependent,Chennai,10,2023,Autumn,45,6,0,Q4,45
VISA-0004166,1628985600000000000,2021-10-06,Bangladesh,Tourist,Mumbai,8,2021,Summer,52,6,1,Q3,52
VISA-0004167,1759622400000000000,2025-11-03,Pakistan,Tourist,Ottawa,10,2025,Autumn,29,6,0,Q4,29
VISA-0004168,1647043200000000000,2022-05-02,UK,Student,Mumbai,3,2022,Spring,51,5,0,Q1,51
VISA-0004169,1716422400000000000,2024-07-31,France,Tourist,Berlin,5,2024,Spring,69,3,0,Q2,69
VISA-0004170,1727222400000000000,2024-12-11,Brazil,Dependent,Singapore,9,2024,Autumn,77,2,0,Q3,77
VISA-0004171,1663632000000000000,2022-11-06,Canada,Tourist,Johannesburg,9,2022,Autumn,47,1,0,Q3,47
VISA-0004172,1630022400000000000,2021-11-10,Nigeria,Work,Chennai,8,2021,Summer,75,4,1,Q3,75
VISA-0004173,1656201600000000000,2022-09-14,Bangladesh,Work,Ottawa,6,2022,Summer,80,6,1,Q2,80
VISA-0004174,1736640000000000000,2025-03-03,Germany,Business,Sydney,1,2025,Winter,50,6,0,Q1,50
VISA-0004175,1752364800000000000,2025-09-03,Unknown,Work,Sydney,7,2025,Summer,52,6,1,Q3,52
VISA-0004176,1757116800000000000,2025-09-23,Brazil,Business,Ottawa,9,2025,Autumn,17,5,0,Q3,17
VISA-0004177,1645142400000000000,2022-04-16,Kenya,Student,Chennai,2,2022,Winter,57,4,0,Q1,57
VISA-0004178,1705017600000000000,2024-03-04,China,Student,Mumbai,1,2024,Winter,52,4,0,Q1,52
VISA-0004179,1633219200000000000,2021-12-09,China,Work,Ottawa,10,2021,Autumn,67,6,0,Q4,67
VISA-0004180,1721433600000000000,2024-09-21,India,Work,Mumbai,7,2024,Summer,63,5,1,Q3,63
VISA-0004181,1674950400000000000,2023-03-17,Australia,Student,New Delhi,1,2023,Winter,47,6,0,Q1,47
VISA-0004182,1721952000000000000,2024-08-30,Canada,Tourist,Sydney,7,2024,Summer,35,4,1,Q3,35
VISA-0004183,1717459200000000000,2024-07-19,Unknown,Tourist,Singapore,6,2024,Summer,45,1,1,Q2,45
VISA-0004184,1765929600000000000,2026-02-14,France,Student,Sydney,12,2025,Winter,59,2,1,Q4,59
VISA-0004185,1686441600000000000,2023-07-17,Germany,Tourist,New Delhi,6,2023,Summer,36,6,1,Q2,36
VISA-0004186,1663286400000000000,2022-10-31,Kenya,Student,Singapore,9,2022,Autumn,45,4,0,Q3,45
VISA-0004187,1692489600000000000,2023-09-20,India,Tourist,Berlin,8,2023,Summer,31,6,1,Q3,31
VISA-0004188,1635120000000000000,2021-12-29,Nigeria,Work,London,10,2021,Autumn,65,0,0,Q4,65
VISA-0004189,1626998400000000000,2021-10-07,Pakistan,Work,London,7,2021,Summer,76,4,1,Q3,76
VISA-0004190,1691280000000000000,2023-10-12,UK,Work,Singapore,8,2023,Summer,67,6,1,Q3,67
VISA-0004191,1739577600000000000,2025-04-11,Bangladesh,Work,Sydney,2,2025,Winter,55,5,0,Q1,55
VISA-0004192,1693526400000000000,2023-10-09,Pakistan,Tourist,Mumbai,9,2023,Autumn,38,4,0,Q3,38
VISA-0004193,1732752000000000000,2024-12-17,Brazil,Tourist,London,11,2024,Autumn,19,3,0,Q4,19
VISA-0004194,1637452800000000000,2022-01-26,China,Work,Chennai,11,2021,Autumn,66,6,0,Q4,66
VISA-0004195,1680307200000000000,2023-05-07,Philippines,Business,Ottawa,4,2023,Spring,36,5,0,Q2,36
VISA-0004196,1706054400000000000,2024-02-28,Mexico,Business,London,1,2024,Winter,35,2,0,Q1,35
VISA-0004197,1664236800000000000,2022-12-14,Pakistan,Work,Dubai,9,2022,Autumn,78,1,0,Q3,78
VISA-0004198,1611619200000000000,2021-04-04,France,Work,London,1,2021,Winter,68,1,0,Q1,68
VISA-0004199,1621036800000000000,2021-07-01,Pakistan,Business,Berlin,5,2021,Spring,47,5,0,Q2,47
VISA-0004200,1755648000000000000,2025-09-25,Bangladesh,Business,Sydney,8,2025,Summer,36,2,1,Q3,36
VISA-0004201,1704844800000000000,2024-02-08,India,Business,Johannesburg,1,2024,Winter,29,2,0,Q1,29
VISA-0004202,1651104000000000000,2022-05-23,UK,Tourist,Singapore,4,2022,Spring,25,3,0,Q2,25
VISA-0004203,1650240000000000000,2022-06-20,Philippines,Tourist,London,4,2022,Spring,63,0,0,Q2,63
VISA-0004204,1615680000000000000,2021-05-11,China,Student,New Delhi,3,2021,Spring,58,6,0,Q1,58
VISA-0004205,1758412800000000000,2025-11-12,Canada,Student,Dubai,9,2025,Autumn,52,6,0,Q3,52
VISA-0004206,1626480000000000000,2021-08-28,Germany,Business,London,7,2021,Summer,42,5,1,Q3,42
VISA-0004207,1729209600000000000,2024-11-10,Australia,Tourist,Singapore,10,2024,Autumn,23,4,0,Q4,23
VISA-0004208,1647302400000000000,2022-04-21,Pakistan,Tourist,Ottawa,3,2022,Spring,37,1,0,Q1,37
VISA-0004209,1662336000000000000,2022-10-13,Kenya,Business,London,9,2022,Autumn,38,0,0,Q3,38
VISA-0004210,1652572800000000000,2022-06-13,Canada,Tourist,London,5,2022,Spring,29,6,0,Q2,29
VISA-0004211,1739404800000000000,2025-03-10,Brazil,Business,Singapore,2,2025,Winter,25,3,0,Q1,25
VISA-0004212,1614556800000000000,2021-04-12,Kenya,Tourist,Mumbai,3,2021,Spring,42,0,0,Q1,42
VISA-0004213,1664928000000000000,2022-11-26,Canada,Student,Johannesburg,10,2022,Autumn,52,2,0,Q4,52
VISA-0004214,1653436800000000000,2022-07-11,UK,Student,Chennai,5,2022,Spring,47,2,0,Q2,47
VISA-0004215,1652486400000000000,2022-06-10,Mexico,Tourist,Singapore,5,2022,Spring,27,5,0,Q2,27
VISA-0004216,1753315200000000000,2025-08-21,Brazil,Tourist,Sydney,7,2025,Summer,28,3,1,Q3,28
VISA-0004217,1669075200000000000,2023-01-02,Philippines,Tourist,Dubai,11,2022,Autumn,41,1,0,Q4,41
VISA-0004218,1675382400000000000,2023-03-11,Nigeria,Tourist,Chennai,2,2023,Winter,36,4,0,Q1,36
VISA-0004219,1670112000000000000,2023-01-06,Australia,Tourist,Berlin,12,2022,Winter,33,6,1,Q4,33
VISA-0004220,1763942400000000000,2025-12-27,Kenya,Business,Berlin,11,2025,Autumn,33,0,0,Q4,33
VISA-0004221,1662854400000000000,2022-10-13,Pakistan,Tourist,Sydney,9,2022,Autumn,32,6,0,Q3,32
VISA-0004222,1663286400000000000,2022-10-26,Pakistan,Student,Sydney,9,2022,Autumn,40,4,0,Q3,40
VISA-0004223,1661126400000000000,2022-10-06,India,Tourist,Dubai,8,2022,Summer,45,0,1,Q3,45
VISA-0004224,1660953600000000000,2022-10-22,Mexico,Dependent,Sydney,8,2022,Summer,63,5,1,Q3,63
VISA-0004225,1623542400000000000,2021-08-10,India,Business,Johannesburg,6,2021,Summer,58,6,1,Q2,58
VISA-0004226,1704672000000000000,2024-01-29,France,Transit,New Delhi,1,2024,Winter,21,0,0,Q1,21
VISA-0004227,1613347200000000000,2021-04-04,Mexico,Dependent,Unknown,2,2021,Winter,48,0,0,Q1,48
VISA-0004228,1645056000000000000,2022-03-28,Brazil,Tourist,Singapore,2,2022,Winter,39,3,0,Q1,39
VISA-0004229,1641254400000000000,2022-04-18,France,Work,Paris,1,2022,Winter,104,1,0,Q1,104
VISA-0004230,1655337600000000000,2022-07-20,UK,Tourist,London,6,2022,Summer,34,3,1,Q2,34
VISA-0004231,1728691200000000000,2024-11-17,Bangladesh,Dependent,Sydney,10,2024,Autumn,36,5,0,Q4,36
VISA-0004232,1703980800000000000,2024-03-02,India,Student,New Delhi,12,2023,Winter,62,6,1,Q4,62
VISA-0004233,1765670400000000000,2026-02-12,Pakistan,Student,Mumbai,12,2025,Winter,60,6,1,Q4,60
VISA-0004234,1664755200000000000,2022-11-14,Pakistan,Dependent,Johannesburg,10,2022,Autumn,42,0,0,Q4,42
VISA-0004235,1755820800000000000,2025-09-30,Brazil,Dependent,Berlin,8,2025,Summer,39,4,1,Q3,39
VISA-0004236,1616457600000000000,2021-04-18,Germany,Transit,New Delhi,3,2021,Spring,26,1,0,Q1,26
VISA-0004237,1688947200000000000,2023-08-20,Kenya,Tourist,Paris,7,2023,Summer,41,0,1,Q3,41
VISA-0004238,1735344000000000000,2025-01-30,Mexico,Tourist,Ottawa,12,2024,Winter,33,5,1,Q4,33
VISA-0004239,1693267200000000000,2023-10-11,Brazil,Tourist,Unknown,8,2023,Summer,43,1,1,Q3,43
VISA-0004240,1756598400000000000,2025-10-18,Brazil,Student,Unknown,8,2025,Summer,48,6,1,Q3,48
VISA-0004241,1659052800000000000,2022-09-22,France,Student,Singapore,7,2022,Summer,55,4,1,Q3,55
VISA-0004242,1614643200000000000,2021-04-17,China,Tourist,Mumbai,3,2021,Spring,46,1,0,Q1,46
VISA-0004243,1731456000000000000,2024-12-03,Australia,Business,Ottawa,11,2024,Autumn,20,2,0,Q4,20
VISA-0004244,1620172800000000000,2021-05-30,Germany,Tourist,Chennai,5,2021,Spring,25,2,0,Q2,25
VISA-0004245,1729987200000000000,2025-01-03,Philippines,Work,Johannesburg,10,2024,Autumn,68,6,0,Q4,68
VISA-0004246,1725062400000000000,2024-10-25,Bangladesh,Dependent,Paris,8,2024,Summer,55,5,1,Q3,55
VISA-0004247,1742515200000000000,2025-05-10,Australia,Work,Berlin,3,2025,Spring,50,4,0,Q1,50
VISA-0004248,1684972800000000000,2023-07-22,Germany,Student,New Delhi,5,2023,Spring,58,3,0,Q2,58
VISA-0004249,1750636800000000000,2025-07-31,Mexico,Tourist,Paris,6,2025,Summer,38,0,1,Q2,38
VISA-0004250,1636156800000000000,2021-12-15,India,Tourist,Dubai,11,2021,Autumn,39,5,0,Q4,39
VISA-0004251,1677888000000000000,2023-04-05,UK,Business,London,3,2023,Spring,32,5,0,Q1,32
VISA-0004252,1628640000000000000,2021-10-12,Canada,Student,Ottawa,8,2021,Summer,62,2,1,Q3,62
VISA-0004253,1730332800000000000,2024-11-23,China,Tourist,Ottawa,10,2024,Autumn,23,3,0,Q4,23
VISA-0004254,1722038400000000000,2024-08-19,Kenya,Transit,London,7,2024,Summer,23,5,1,Q3,23
VISA-0004255,1736553600000000000,2025-03-04,Philippines,Work,Johannesburg,1,2025,Winter,52,5,0,Q1,52
VISA-0004256,1729900800000000000,2024-12-03,UK,Dependent,Johannesburg,10,2024,Autumn,38,5,0,Q4,38
VISA-0004257,1658016000000000000,2022-09-21,Mexico,Student,New Delhi,7,2022,Summer,66,6,1,Q3,66
VISA-0004258,1620172800000000000,2021-06-12,China,Transit,Johannesburg,5,2021,Spring,38,2,0,Q2,38
VISA-0004259,1755907200000000000,2025-09-25,India,Tourist,Ottawa,8,2025,Summer,33,5,1,Q3,33
VISA-0004260,1687132800000000000,2023-08-03,Brazil,Tourist,Paris,6,2023,Summer,45,0,1,Q2,45
VISA-0004261,1624320000000000000,2021-08-11,India,Dependent,Paris,6,2021,Summer,50,1,1,Q2,50
VISA-0004262,1755561600000000000,2025-09-28,Nigeria,Dependent,Dubai,8,2025,Summer,40,1,1,Q3,40
VISA-0004263,1766188800000000000,2026-02-10,Brazil,Unknown,Paris,12,2025,Winter,52,5,1,Q4,52
VISA-0004264,1679702400000000000,2023-05-05,Pakistan,Tourist,Berlin,3,2023,Spring,41,5,0,Q1,41
VISA-0004265,1730851200000000000,2024-12-05,Bangladesh,Tourist,Singapore,11,2024,Autumn,29,2,0,Q4,29
VISA-0004266,1615161600000000000,2021-04-22,Brazil,Business,Ottawa,3,2021,Spring,45,0,0,Q1,45
VISA-0004267,1624147200000000000,2021-08-15,Philippines,Dependent,Paris,6,2021,Summer,56,6,1,Q2,56
VISA-0004268,1653004800000000000,2022-06-28,China,Tourist,Johannesburg,5,2022,Spring,39,4,0,Q2,39
VISA-0004269,1712880000000000000,2024-05-24,Brazil,Tourist,Johannesburg,4,2024,Spring,42,4,0,Q2,42
VISA-0004270,1630454400000000000,2021-11-15,Kenya,Work,Mumbai,9,2021,Autumn,75,2,0,Q3,75
VISA-0004271,1614816000000000000,2021-04-09,Kenya,Business,Sydney,3,2021,Spring,36,3,0,Q1,36
VISA-0004272,1714867200000000000,2024-08-10,Philippines,Student,Unknown,5,2024,Spring,97,6,0,Q2,97
VISA-0004273,1730851200000000000,2024-12-25,Kenya,Work,Dubai,11,2024,Autumn,49,2,0,Q4,49
VISA-0004274,1726012800000000000,2024-09-30,Pakistan,Transit,Berlin,9,2024,Autumn,19,2,0,Q3,19
VISA-0004275,1735430400000000000,2025-01-28,Unknown,Tourist,Singapore,12,2024,Winter,30,6,1,Q4,30
VISA-0004276,1736035200000000000,2025-04-09,Australia,Work,Sydney,1,2025,Winter,94,6,0,Q1,94
VISA-0004277,1704412800000000000,2024-03-01,Nigeria,Work,Berlin,1,2024,Winter,56,4,0,Q1,56
VISA-0004278,1691280000000000000,2023-10-04,Bangladesh,Student,Singapore,8,2023,Summer,59,6,1,Q3,59
VISA-0004279,1744502400000000000,2025-06-27,UK,Dependent,Mumbai,4,2025,Spring,75,6,0,Q2,75
VISA-0004280,1664323200000000000,2022-11-30,Brazil,Work,Berlin,9,2022,Autumn,63,2,0,Q3,63
VISA-0004281,1624838400000000000,2021-08-20,Germany,Student,Ottawa,6,2021,Summer,53,0,1,Q2,53
VISA-0004282,1728000000000000000,2024-11-08,Pakistan,Tourist,Singapore,10,2024,Autumn,35,4,0,Q4,35
VISA-0004283,1652918400000000000,2022-07-21,Nigeria,Work,Dubai,5,2022,Spring,63,3,0,Q2,63
VISA-0004284,1763769600000000000,2025-12-12,Brazil,Unknown,Dubai,11,2025,Autumn,20,5,0,Q4,20
VISA-0004285,1674691200000000000,2023-02-21,Germany,Tourist,Paris,1,2023,Winter,26,3,0,Q1,26
VISA-0004286,1743724800000000000,2025-05-12,Mexico,Student,Chennai,4,2025,Spring,38,4,0,Q2,38
VISA-0004287,1616112000000000000,2021-05-27,China,Work,Sydney,3,2021,Spring,69,4,0,Q1,69
VISA-0004288,1713398400000000000,2024-04-30,Australia,Transit,Paris,4,2024,Spring,12,3,0,Q2,12
VISA-0004289,1680048000000000000,2023-06-17,Brazil,Business,Paris,3,2023,Spring,80,2,0,Q1,80
VISA-0004290,1682380800000000000,2023-06-16,Bangladesh,Dependent,Chennai,4,2023,Spring,52,1,0,Q2,52
VISA-0004291,1651276800000000000,2022-05-29,Germany,Tourist,Singapore,4,2022,Spring,29,5,0,Q2,29
VISA-0004292,1762560000000000000,2025-12-19,France,Student,Mumbai,11,2025,Autumn,41,5,0,Q4,41
VISA-0004293,1671321600000000000,2023-01-22,Bangladesh,Transit,Chennai,12,2022,Winter,35,6,1,Q4,35
VISA-0004294,1743552000000000000,2025-05-11,UK,Student,Singapore,4,2025,Spring,39,2,0,Q2,39
VISA-0004295,1676419200000000000,2023-04-03,France,Business,Dubai,2,2023,Winter,47,2,0,Q1,47
VISA-0004296,1617062400000000000,2021-05-19,Kenya,Student,Sydney,3,2021,Spring,50,1,0,Q1,50
VISA-0004297,1748044800000000000,2025-06-11,India,Tourist,Unknown,5,2025,Spring,18,5,0,Q2,18
VISA-0004298,1638576000000000000,2022-02-14,Germany,Work,Johannesburg,12,2021,Winter,72,5,1,Q4,72
VISA-0004299,1652054400000000000,2022-06-11,Canada,Tourist,Chennai,5,2022,Spring,33,0,0,Q2,33
VISA-0004300,1745193600000000000,2025-06-08,Australia,Tourist,London,4,2025,Spring,48,0,0,Q2,48
VISA-0004301,1750377600000000000,2025-07-29,India,Tourist,Sydney,6,2025,Summer,39,4,1,Q2,39
VISA-0004302,1754006400000000000,2025-09-06,Mexico,Tourist,Singapore,8,2025,Summer,36,4,1,Q3,36
VISA-0004303,1676592000000000000,2023-04-13,Canada,Student,Dubai,2,2023,Winter,55,4,0,Q1,55
VISA-0004304,1728777600000000000,2024-11-20,Bangladesh,Dependent,Berlin,10,2024,Autumn,38,6,0,Q4,38
VISA-0004305,1661126400000000000,2022-10-14,India,Student,Paris,8,2022,Summer,53,0,1,Q3,53
VISA-0004306,1726185600000000000,2024-10-29,India,Dependent,Singapore,9,2024,Autumn,46,4,0,Q3,46
VISA-0004307,1688688000000000000,2023-09-02,Pakistan,Work,Sydney,7,2023,Summer,57,4,1,Q3,57
VISA-0004308,1617580800000000000,2021-05-05,Kenya,Tourist,Sydney,4,2021,Spring,30,0,0,Q2,30
VISA-0004309,1675296000000000000,2023-03-26,Pakistan,Tourist,New Delhi,2,2023,Winter,52,3,0,Q1,52
VISA-0004310,1683158400000000000,2023-06-22,Philippines,Dependent,New Delhi,5,2023,Spring,49,3,0,Q2,49
VISA-0004311,1649980800000000000,2022-06-09,UK,Work,Sydney,4,2022,Spring,55,4,0,Q2,55
VISA-0004312,1668470400000000000,2022-12-29,Pakistan,Dependent,Paris,11,2022,Autumn,44,1,0,Q4,44
VISA-0004313,1688688000000000000,2023-08-06,Nigeria,Tourist,Singapore,7,2023,Summer,30,4,1,Q3,30
VISA-0004314,1617235200000000000,2021-05-19,Bangladesh,Business,Ottawa,4,2021,Spring,48,3,0,Q2,48
VISA-0004315,1633392000000000000,2021-11-14,India,Business,Dubai,10,2021,Autumn,40,1,0,Q4,40
VISA-0004316,1730332800000000000,2024-11-12,Mexico,Transit,Paris,10,2024,Autumn,12,3,0,Q4,12
VISA-0004317,1664928000000000000,2022-11-17,UK,Tourist,London,10,2022,Autumn,43,2,0,Q4,43
VISA-0004318,1705363200000000000,2024-02-20,Brazil,Transit,Mumbai,1,2024,Winter,35,1,0,Q1,35
VISA-0004319,1698624000000000000,2023-12-19,India,Student,Johannesburg,10,2023,Autumn,50,0,0,Q4,50
VISA-0004320,1696291200000000000,2024-01-17,China,Dependent,Dubai,10,2023,Autumn,106,1,0,Q4,106
VISA-0004321,1674604800000000000,2023-03-16,Australia,Student,Mumbai,1,2023,Winter,50,2,0,Q1,50
VISA-0004322,1685664000000000000,2023-08-09,Brazil,Work,Chennai,6,2023,Summer,68,4,1,Q2,68
VISA-0004323,1739318400000000000,2025-03-24,India,Student,London,2,2025,Winter,40,2,0,Q1,40
VISA-0004324,1761609600000000000,2025-11-17,Germany,Business,Chennai,10,2025,Autumn,20,1,0,Q4,20
VISA-0004325,1649894400000000000,2022-05-19,Pakistan,Tourist,Ottawa,4,2022,Spring,35,3,0,Q2,35
VISA-0004326,1714953600000000000,2024-06-20,Philippines,Student,Paris,5,2024,Spring,45,0,0,Q2,45
VISA-0004327,1762300800000000000,2025-12-19,Australia,Work,Paris,11,2025,Autumn,44,2,0,Q4,44
VISA-0004328,1610582400000000000,2021-02-27,Brazil,Business,Johannesburg,1,2021,Winter,44,3,0,Q1,44
VISA-0004329,1733184000000000000,2025-01-31,Bangladesh,Unknown,Singapore,12,2024,Winter,59,1,1,Q4,59
VISA-0004330,1687737600000000000,2023-09-01,Germany,Work,London,6,2023,Summer,67,0,1,Q2,67
VISA-0004331,1761955200000000000,2025-12-25,Bangladesh,Student,New Delhi,11,2025,Autumn,54,5,0,Q4,54
VISA-0004332,1700611200000000000,2024-01-17,Canada,Work,Mumbai,11,2023,Autumn,56,2,0,Q4,56
VISA-0004333,1741564800000000000,2025-05-08,UK,Work,Paris,3,2025,Spring,59,0,0,Q1,59
VISA-0004334,1635552000000000000,2021-12-22,Germany,Work,London,10,2021,Autumn,53,5,0,Q4,53
VISA-0004335,1631836800000000000,2021-10-21,China,Business,Berlin,9,2021,Autumn,34,4,0,Q3,34
VISA-0004336,1755561600000000000,2025-09-29,Unknown,Student,Sydney,8,2025,Summer,41,1,1,Q3,41
VISA-0004337,1692403200000000000,2023-09-22,UK,Tourist,Singapore,8,2023,Summer,34,5,1,Q3,34
VISA-0004338,1697414400000000000,2023-12-20,China,Work,Sydney,10,2023,Autumn,65,0,0,Q4,65
VISA-0004339,1636243200000000000,2021-11-27,Australia,Tourist,Singapore,11,2021,Autumn,20,6,0,Q4,20
VISA-0004340,1645142400000000000,2022-03-24,China,Tourist,Chennai,2,2022,Winter,34,4,0,Q1,34
VISA-0004341,1738454400000000000,2025-03-05,Kenya,Business,Paris,2,2025,Winter,31,6,0,Q1,31
VISA-0004342,1657238400000000000,2022-09-03,UK,Student,Sydney,7,2022,Summer,57,4,1,Q3,57
VISA-0004343,1701561600000000000,2024-01-30,Philippines,Student,Chennai,12,2023,Winter,58,6,1,Q4,58
VISA-0004344,1659312000000000000,2022-09-05,Mexico,Transit,Chennai,8,2022,Summer,35,0,1,Q3,35
VISA-0004345,1650931200000000000,2022-06-01,Brazil,Tourist,London,4,2022,Spring,36,1,0,Q2,36
VISA-0004346,1635552000000000000,2021-12-09,Germany,Tourist,Mumbai,10,2021,Autumn,40,5,0,Q4,40
VISA-0004347,1755993600000000000,2025-10-03,Germany,Tourist,Johannesburg,8,2025,Summer,40,6,1,Q3,40
VISA-0004348,1757635200000000000,2025-11-11,Canada,Tourist,Chennai,9,2025,Autumn,60,4,0,Q3,60
VISA-0004349,1627603200000000000,2021-09-24,Pakistan,Business,Dubai,7,2021,Summer,56,4,1,Q3,56
VISA-0004350,1665100800000000000,2022-11-19,Kenya,Business,Dubai,10,2022,Autumn,43,4,0,Q4,43
VISA-0004351,1698364800000000000,2023-12-23,Mexico,Work,Sydney,10,2023,Autumn,57,4,0,Q4,57
VISA-0004352,1669852800000000000,2023-01-13,UK,Tourist,Dubai,12,2022,Winter,43,3,1,Q4,43
VISA-0004353,1723075200000000000,2024-09-27,Canada,Student,Johannesburg,8,2024,Summer,50,3,1,Q3,50
VISA-0004354,1650412800000000000,2022-06-03,France,Tourist,Johannesburg,4,2022,Spring,44,2,0,Q2,44
VISA-0004355,1618704000000000000,2021-06-23,Unknown,Work,Singapore,4,2021,Spring,66,6,0,Q2,66
VISA-0004356,1662508800000000000,2022-11-08,Brazil,Work,Sydney,9,2022,Autumn,62,2,0,Q3,62
VISA-0004357,1703721600000000000,2024-02-13,Philippines,Tourist,Paris,12,2023,Winter,47,3,1,Q4,47
VISA-0004358,1637884800000000000,2022-01-17,Nigeria,Business,Chennai,11,2021,Autumn,52,4,0,Q4,52
VISA-0004359,1738108800000000000,2025-02-28,Canada,Business,Singapore,1,2025,Winter,30,2,0,Q1,30
VISA-0004360,1611360000000000000,2021-03-17,Bangladesh,Tourist,Chennai,1,2021,Winter,53,5,0,Q1,53
VISA-0004361,1620086400000000000,2021-07-17,India,Work,Mumbai,5,2021,Spring,74,1,0,Q2,74
VISA-0004362,1689638400000000000,2023-09-14,Kenya,Work,Singapore,7,2023,Summer,58,1,1,Q3,58
VISA-0004363,1690156800000000000,2023-09-09,India,Tourist,Paris,7,2023,Summer,47,0,1,Q3,47
VISA-0004364,1655942400000000000,2022-08-01,Brazil,Tourist,Mumbai,6,2022,Summer,39,3,1,Q2,39
VISA-0004365,1650153600000000000,2022-06-21,Kenya,Work,Johannesburg,4,2022,Spring,65,6,0,Q2,65
VISA-0004366,1620432000000000000,2021-06-26,Canada,Dependent,Mumbai,5,2021,Spring,49,5,0,Q2,49
VISA-0004367,1713916800000000000,2024-06-25,China,Work,New Delhi,4,2024,Spring,62,2,0,Q2,62
VISA-0004368,1669161600000000000,2023-01-16,Germany,Work,Johannesburg,11,2022,Autumn,54,2,0,Q4,54
VISA-0004369,1628121600000000000,2021-10-07,China,Work,Chennai,8,2021,Summer,63,3,1,Q3,63
VISA-0004370,1672444800000000000,2023-02-26,Australia,Student,Chennai,12,2022,Winter,57,5,1,Q4,57
VISA-0004371,1757203200000000000,2025-10-09,Philippines,Tourist,Paris,9,2025,Autumn,32,6,0,Q3,32
VISA-0004372,1650585600000000000,2022-06-14,Australia,Student,Dubai,4,2022,Spring,53,4,0,Q2,53
VISA-0004373,1750464000000000000,2025-08-10,Mexico,Dependent,Sydney,6,2025,Summer,50,5,1,Q2,50
VISA-0004374,1650240000000000000,2022-05-25,China,Business,Johannesburg,4,2022,Spring,37,0,0,Q2,37
VISA-0004375,1638748800000000000,2022-02-17,Kenya,Dependent,New Delhi,12,2021,Winter,73,0,1,Q4,73
VISA-0004376,1650499200000000000,2022-05-25,Germany,Tourist,Johannesburg,4,2022,Spring,34,3,0,Q2,34
VISA-0004377,1660348800000000000,2022-10-06,Australia,Student,Chennai,8,2022,Summer,54,5,1,Q3,54
VISA-0004378,1628467200000000000,2021-10-12,Brazil,Work,Dubai,8,2021,Summer,64,0,1,Q3,64
VISA-0004379,1702080000000000000,2024-01-08,Nigeria,Unknown,London,12,2023,Winter,30,5,1,Q4,30
VISA-0004380,1661990400000000000,2022-10-11,Bangladesh,Tourist,London,9,2022,Autumn,40,3,0,Q3,40
VISA-0004381,1722643200000000000,2024-09-12,Philippines,Business,London,8,2024,Summer,40,5,1,Q3,40
VISA-0004382,1686873600000000000,2023-08-29,Mexico,Work,Dubai,6,2023,Summer,74,4,1,Q2,74
VISA-0004383,1679184000000000000,2023-05-07,Nigeria,Work,Singapore,3,2023,Spring,49,6,0,Q1,49
VISA-0004384,1683676800000000000,2023-06-26,Bangladesh,Tourist,Mumbai,5,2023,Spring,47,2,0,Q2,47
VISA-0004385,1634083200000000000,2021-12-20,India,Student,Berlin,10,2021,Autumn,68,2,0,Q4,68
VISA-0004386,1721865600000000000,2024-09-04,Brazil,Tourist,Singapore,7,2024,Summer,41,3,1,Q3,41
VISA-0004387,1625875200000000000,2021-08-22,Brazil,Tourist,Paris,7,2021,Summer,43,5,1,Q3,43
VISA-0004388,1723161600000000000,2024-10-02,India,Student,Johannesburg,8,2024,Summer,54,4,1,Q3,54
VISA-0004389,1767052800000000000,2026-03-19,China,Tourist,New Delhi,12,2025,Winter,79,1,1,Q4,79
VISA-0004390,1729900800000000000,2024-11-20,Philippines,Transit,London,10,2024,Autumn,25,5,0,Q4,25
VISA-0004391,1681257600000000000,2023-06-02,China,Student,Ottawa,4,2023,Spring,51,2,0,Q2,51
VISA-0004392,1658966400000000000,2022-09-05,Brazil,Tourist,Sydney,7,2022,Summer,39,3,1,Q3,39
VISA-0004393,1747008000000000000,2025-06-19,Pakistan,Tourist,London,5,2025,Spring,38,0,0,Q2,38
VISA-0004394,1649980800000000000,2022-05-19,Australia,Business,Chennai,4,2022,Spring,34,4,0,Q2,34
VISA-0004395,1685491200000000000,2023-07-11,China,Tourist,Singapore,5,2023,Spring,41,2,0,Q2,41
VISA-0004396,1730937600000000000,2024-11-30,Philippines,Tourist,Chennai,11,2024,Autumn,23,3,0,Q4,23
VISA-0004397,1754870400000000000,2025-09-29,China,Student,Johannesburg,8,2025,Summer,49,0,1,Q3,49
VISA-0004398,1754611200000000000,2025-09-27,Philippines,Tourist,New Delhi,8,2025,Summer,50,4,1,Q3,50
VISA-0004399,1623283200000000000,2021-08-13,Philippines,Work,Ottawa,6,2021,Summer,64,3,1,Q2,64
VISA-0004400,1751068800000000000,2025-08-17,France,Student,Dubai,6,2025,Summer,50,5,1,Q2,50
VISA-0004401,1627430400000000000,2021-09-05,Philippines,Tourist,Johannesburg,7,2021,Summer,39,2,1,Q3,39
VISA-0004402,1701561600000000000,2024-01-09,Kenya,Business,Paris,12,2023,Winter,37,6,1,Q4,37
VISA-0004403,1755993600000000000,2025-10-25,China,Student,New Delhi,8,2025,Summer,62,6,1,Q3,62
VISA-0004404,1712707200000000000,2024-06-03,India,Work,Paris,4,2024,Spring,54,2,0,Q2,54
VISA-0004405,1758844800000000000,2025-11-02,India,Tourist,London,9,2025,Autumn,37,4,0,Q3,37
VISA-0004406,1663718400000000000,2023-01-06,Brazil,Work,Singapore,9,2022,Autumn,107,2,0,Q3,107
VISA-0004407,1659052800000000000,2022-08-31,Canada,Tourist,Paris,7,2022,Summer,33,4,1,Q3,33
VISA-0004408,1660867200000000000,2022-10-28,China,Student,Chennai,8,2022,Summer,70,4,1,Q3,70
VISA-0004409,1665446400000000000,2022-11-06,Mexico,Tourist,London,10,2022,Autumn,26,1,0,Q4,26
VISA-0004410,1717113600000000000,2024-06-26,Kenya,Transit,Singapore,5,2024,Spring,26,4,0,Q2,26
VISA-0004411,1725667200000000000,2024-10-09,France,Tourist,Johannesburg,9,2024,Autumn,32,5,0,Q3,32
VISA-0004412,1675036800000000000,2023-03-30,India,Dependent,Dubai,1,2023,Winter,59,0,0,Q1,59
VISA-0004413,1657929600000000000,2022-09-06,Australia,Dependent,Chennai,7,2022,Summer,52,5,1,Q3,52
VISA-0004414,1639353600000000000,2022-02-13,Canada,Student,Ottawa,12,2021,Winter,62,0,1,Q4,62
VISA-0004415,1696291200000000000,2023-11-14,Nigeria,Tourist,Paris,10,2023,Autumn,42,1,0,Q4,42
VISA-0004416,1751068800000000000,2025-08-28,Brazil,Student,Dubai,6,2025,Summer,61,5,1,Q2,61
VISA-0004417,1744848000000000000,2025-05-09,Nigeria,Transit,Chennai,4,2025,Spring,22,3,0,Q2,22
VISA-0004418,1649376000000000000,2022-06-10,Germany,Work,London,4,2022,Spring,63,4,0,Q2,63
VISA-0004419,1684713600000000000,2023-07-02,UK,Student,Chennai,5,2023,Spring,41,0,0,Q2,41
VISA-0004420,1720656000000000000,2024-08-20,Bangladesh,Tourist,Sydney,7,2024,Summer,40,3,1,Q3,40
VISA-0004421,1705968000000000000,2024-03-21,Bangladesh,Dependent,Ottawa,1,2024,Winter,58,1,0,Q1,58
VISA-0004422,1620000000000000000,2021-06-08,Germany,Tourist,Sydney,5,2021,Spring,36,0,0,Q2,36
VISA-0004423,1702598400000000000,2024-01-12,Canada,Tourist,Johannesburg,12,2023,Winter,28,4,1,Q4,28
VISA-0004424,1615507200000000000,2021-04-16,Unknown,Tourist,Berlin,3,2021,Spring,35,4,0,Q1,35
VISA-0004425,1627776000000000000,2021-10-04,China,Student,Dubai,8,2021,Summer,64,6,1,Q3,64
VISA-0004426,1712534400000000000,2024-05-19,UK,Dependent,Ottawa,4,2024,Spring,41,0,0,Q2,41
VISA-0004427,1625616000000000000,2021-08-27,Philippines,Unknown,Dubai,7,2021,Summer,51,2,1,Q3,51
VISA-0004428,1662854400000000000,2022-10-22,Bangladesh,Tourist,Johannesburg,9,2022,Autumn,41,6,0,Q3,41
VISA-0004429,1702166400000000000,2024-02-21,Pakistan,Student,New Delhi,12,2023,Winter,73,6,1,Q4,73
VISA-0004430,1712793600000000000,2024-05-08,Mexico,Business,London,4,2024,Spring,27,3,0,Q2,27
VISA-0004431,1679702400000000000,2023-05-20,China,Student,New Delhi,3,2023,Spring,56,5,0,Q1,56
VISA-0004432,1624233600000000000,2021-08-15,Kenya,Tourist,Chennai,6,2021,Summer,55,0,1,Q2,55
VISA-0004433,1735430400000000000,2025-02-20,Brazil,Student,New Delhi,12,2024,Winter,53,6,1,Q4,53
VISA-0004434,1759190400000000000,2026-01-18,China,Work,Dubai,9,2025,Autumn,110,1,0,Q3,110
VISA-0004435,1749513600000000000,2025-07-19,Brazil,Transit,Singapore,6,2025,Summer,39,1,1,Q2,39
VISA-0004436,1727481600000000000,2024-11-30,Australia,Work,Johannesburg,9,2024,Autumn,63,5,0,Q3,63
VISA-0004437,1672876800000000000,2023-02-09,Unknown,Tourist,Chennai,1,2023,Winter,35,3,0,Q1,35
VISA-0004438,1747612800000000000,2025-07-14,Kenya,Work,Berlin,5,2025,Spring,56,0,0,Q2,56
VISA-0004439,1686355200000000000,2023-08-28,Philippines,Tourist,London,6,2023,Summer,79,5,1,Q2,79
VISA-0004440,1630972800000000000,2021-10-24,Australia,Dependent,London,9,2021,Autumn,47,1,0,Q3,47
VISA-0004441,1743552000000000000,2025-05-11,Unknown,Student,Dubai,4,2025,Spring,39,2,0,Q2,39
VISA-0004442,1659916800000000000,2022-09-17,India,Tourist,Berlin,8,2022,Summer,40,0,1,Q3,40
VISA-0004443,1757462400000000000,2025-10-29,Pakistan,Student,Dubai,9,2025,Autumn,49,2,0,Q3,49
VISA-0004444,1667520000000000000,2022-12-25,Nigeria,Tourist,Mumbai,11,2022,Autumn,51,4,0,Q4,51
VISA-0004445,1746489600000000000,2025-05-11,Canada,Tourist,Ottawa,5,2025,Spring,5,1,0,Q2,5
VISA-0004446,1694131200000000000,2023-11-08,Pakistan,Unknown,London,9,2023,Autumn,61,4,0,Q3,61
VISA-0004447,1683072000000000000,2023-06-23,China,Business,New Delhi,5,2023,Spring,51,2,0,Q2,51
VISA-0004448,1656201600000000000,2022-08-26,UK,Dependent,New Delhi,6,2022,Summer,61,6,1,Q2,61
VISA-0004449,1741219200000000000,2025-04-17,France,Student,Ottawa,3,2025,Spring,42,3,0,Q1,42
VISA-0004450,1618963200000000000,2021-06-09,China,Tourist,Mumbai,4,2021,Spring,49,2,0,Q2,49
VISA-0004451,1683331200000000000,2023-06-28,Philippines,Student,Paris,5,2023,Spring,53,5,0,Q2,53
VISA-0004452,1667606400000000000,2022-12-19,UK,Student,New Delhi,11,2022,Autumn,44,5,0,Q4,44
VISA-0004453,1695081600000000000,2023-10-21,India,Tourist,Chennai,9,2023,Autumn,32,1,0,Q3,32
VISA-0004454,1649548800000000000,2022-06-05,Nigeria,Dependent,Johannesburg,4,2022,Spring,56,6,0,Q2,56
VISA-0004455,1714176000000000000,2024-05-22,Mexico,Transit,Berlin,4,2024,Spring,25,5,0,Q2,25
VISA-0004456,1670284800000000000,2023-01-25,India,Tourist,Dubai,12,2022,Winter,50,1,1,Q4,50
VISA-0004457,1639094400000000000,2022-02-01,France,Business,New Delhi,12,2021,Winter,53,4,1,Q4,53
VISA-0004458,1640476800000000000,2022-03-09,Philippines,Work,New Delhi,12,2021,Winter,73,6,1,Q4,73
VISA-0004459,1719273600000000000,2024-08-06,Germany,Tourist,Singapore,6,2024,Summer,42,1,1,Q2,42
VISA-0004460,1650672000000000000,2022-06-26,Bangladesh,Work,Paris,4,2022,Spring,64,5,0,Q2,64
VISA-0004461,1708300800000000000,2024-03-20,Australia,Tourist,Johannesburg,2,2024,Winter,30,0,0,Q1,30
VISA-0004462,1661385600000000000,2022-10-05,Kenya,Tourist,Paris,8,2022,Summer,41,3,1,Q3,41
VISA-0004463,1670630400000000000,2023-01-16,Bangladesh,Transit,New Delhi,12,2022,Winter,37,5,1,Q4,37
VISA-0004464,1647993600000000000,2022-05-27,Brazil,Work,Paris,3,2022,Spring,65,2,0,Q1,65
VISA-0004465,1663891200000000000,2022-10-25,Nigeria,Tourist,Sydney,9,2022,Autumn,32,4,0,Q3,32
VISA-0004466,1718668800000000000,2024-08-10,France,Student,Berlin,6,2024,Summer,53,1,1,Q2,53
VISA-0004467,1693612800000000000,2023-09-30,Nigeria,Transit,Ottawa,9,2023,Autumn,28,5,0,Q3,28
VISA-0004468,1766707200000000000,2026-02-28,Pakistan,Student,Unknown,12,2025,Winter,64,4,1,Q4,64
VISA-0004469,1731110400000000000,2025-02-07,Canada,Dependent,Singapore,11,2024,Autumn,90,5,0,Q4,90
VISA-0004470,1612051200000000000,2021-04-04,Kenya,Dependent,Johannesburg,1,2021,Winter,63,6,0,Q1,63
VISA-0004471,1669161600000000000,2022-12-21,UK,Tourist,Sydney,11,2022,Autumn,28,2,0,Q4,28
VISA-0004472,1655078400000000000,2022-08-16,Brazil,Work,London,6,2022,Summer,64,0,1,Q2,64
VISA-0004473,1702080000000000000,2024-02-15,Bangladesh,Work,Dubai,12,2023,Winter,68,5,1,Q4,68
VISA-0004474,1651276800000000000,2022-06-02,Nigeria,Business,Sydney,4,2022,Spring,33,5,0,Q2,33
VISA-0004475,1761782400000000000,2025-12-14,Canada,Student,Unknown,10,2025,Autumn,45,3,0,Q4,45
VISA-0004476,1656633600000000000,2022-08-09,Australia,Tourist,Berlin,7,2022,Summer,39,4,1,Q3,39
VISA-0004477,1691712000000000000,2023-09-21,Australia,Tourist,New Delhi,8,2023,Summer,41,4,1,Q3,41
VISA-0004478,1628812800000000000,2021-11-23,France,Work,Ottawa,8,2021,Summer,102,4,1,Q3,102
VISA-0004479,1752883200000000000,2025-08-20,Nigeria,Business,Berlin,7,2025,Summer,32,5,1,Q3,32
VISA-0004480,1753228800000000000,2025-08-27,Mexico,Business,Johannesburg,7,2025,Summer,35,2,1,Q3,35
VISA-0004481,1734566400000000000,2025-03-13,India,Work,Dubai,12,2024,Winter,84,3,1,Q4,84
VISA-0004482,1664841600000000000,2022-11-04,Germany,Unknown,Johannesburg,10,2022,Autumn,31,1,0,Q4,31
VISA-0004483,1618704000000000000,2021-05-23,Brazil,Tourist,Singapore,4,2021,Spring,35,6,0,Q2,35
VISA-0004484,1721520000000000000,2024-08-30,Australia,Business,Chennai,7,2024,Summer,40,6,1,Q3,40
VISA-0004485,1677110400000000000,2023-04-10,Australia,Student,Singapore,2,2023,Winter,46,3,0,Q1,46
VISA-0004486,1765584000000000000,2026-01-23,China,Business,London,12,2025,Winter,41,5,1,Q4,41
VISA-0004487,1719532800000000000,2024-07-25,Australia,Tourist,Dubai,6,2024,Summer,27,4,1,Q2,27
VISA-0004488,1694390400000000000,2023-10-30,China,Student,Unknown,9,2023,Autumn,49,0,0,Q3,49
VISA-0004489,1764979200000000000,2026-02-01,Philippines,Dependent,Sydney,12,2025,Winter,57,5,1,Q4,57
VISA-0004490,1735603200000000000,2025-01-31,Philippines,Tourist,Berlin,12,2024,Winter,31,1,1,Q4,31
VISA-0004491,1681689600000000000,2023-05-22,Kenya,Tourist,Johannesburg,4,2023,Spring,35,0,0,Q2,35
VISA-0004492,1612396800000000000,2021-04-22,UK,Work,Johannesburg,2,2021,Winter,77,3,0,Q1,77
VISA-0004493,1624060800000000000,2021-09-02,Australia,Work,Paris,6,2021,Summer,75,5,1,Q2,75
VISA-0004494,1679356800000000000,2023-04-18,Bangladesh,Transit,Dubai,3,2023,Spring,28,1,0,Q1,28
VISA-0004495,1698019200000000000,2023-12-26,France,Dependent,Singapore,10,2023,Autumn,64,0,0,Q4,64
VISA-0004496,1614211200000000000,2021-04-08,France,Business,Mumbai,2,2021,Winter,42,3,0,Q1,42
VISA-0004497,1629331200000000000,2021-09-22,Australia,Tourist,Johannesburg,8,2021,Summer,34,3,1,Q3,34
VISA-0004498,1720483200000000000,2024-09-20,Nigeria,Student,Chennai,7,2024,Summer,73,1,1,Q3,73
VISA-0004499,1727913600000000000,2024-11-12,Nigeria,Dependent,Ottawa,10,2024,Autumn,40,3,0,Q4,40
VISA-0004500,1614124800000000000,2021-05-06,Kenya,Student,Singapore,2,2021,Winter,71,2,0,Q1,71
VISA-0004501,1689465600000000000,2023-08-01,Germany,Unknown,Berlin,7,2023,Summer,16,6,1,Q3,16
VISA-0004502,1622160000000000000,2021-07-24,Australia,Work,Singapore,5,2021,Spring,57,4,0,Q2,57
VISA-0004503,1723507200000000000,2024-09-16,Unknown,Tourist,Berlin,8,2024,Summer,34,1,1,Q3,34
VISA-0004504,1740960000000000000,2025-04-14,Kenya,Student,Dubai,3,2025,Spring,42,0,0,Q1,42
VISA-0004505,1746489600000000000,2025-06-24,Germany,Work,Mumbai,5,2025,Spring,49,1,0,Q2,49
VISA-0004506,1703721600000000000,2024-02-10,Germany,Tourist,Johannesburg,12,2023,Winter,44,3,1,Q4,44
VISA-0004507,1708560000000000000,2024-03-17,Canada,Tourist,Berlin,2,2024,Winter,24,3,0,Q1,24
VISA-0004508,1755561600000000000,2025-09-28,Pakistan,Business,Berlin,8,2025,Summer,40,1,1,Q3,40
VISA-0004509,1705968000000000000,2024-02-25,Germany,Tourist,Ottawa,1,2024,Winter,33,1,0,Q1,33
VISA-0004510,1679788800000000000,2023-04-24,Germany,Tourist,Johannesburg,3,2023,Spring,29,6,0,Q1,29
VISA-0004511,1728432000000000000,2024-11-30,Kenya,Work,Ottawa,10,2024,Autumn,52,2,0,Q4,52
VISA-0004512,1702598400000000000,2024-01-19,Brazil,Business,Chennai,12,2023,Winter,35,4,1,Q4,35
VISA-0004513,1742256000000000000,2025-04-27,Brazil,Student,Mumbai,3,2025,Spring,40,1,0,Q1,40
VISA-0004514,1692144000000000000,2023-09-01,Kenya,Transit,Berlin,8,2023,Summer,16,2,1,Q3,16
VISA-0004515,1616457600000000000,2021-05-13,Kenya,Dependent,Paris,3,2021,Spring,51,1,0,Q1,51
VISA-0004516,1615161600000000000,2021-05-09,Canada,Student,Chennai,3,2021,Spring,62,0,0,Q1,62
VISA-0004517,1625011200000000000,2021-08-19,Nigeria,Tourist,Berlin,6,2021,Summer,50,2,1,Q2,50
VISA-0004518,1697155200000000000,2023-11-23,Kenya,Business,Johannesburg,10,2023,Autumn,41,4,0,Q4,41
VISA-0004519,1721174400000000000,2024-09-29,Canada,Tourist,Sydney,7,2024,Summer,74,2,1,Q3,74
VISA-0004520,1643500800000000000,2022-03-18,Germany,Dependent,Johannesburg,1,2022,Winter,47,6,0,Q1,47
VISA-0004521,1633996800000000000,2021-12-20,China,Work,Unknown,10,2021,Autumn,69,1,0,Q4,69
VISA-0004522,1745107200000000000,2025-06-04,Canada,Student,Ottawa,4,2025,Spring,45,6,0,Q2,45
VISA-0004523,1727740800000000000,2024-12-02,Germany,Work,Dubai,10,2024,Autumn,62,1,0,Q4,62
VISA-0004524,1711670400000000000,2024-05-20,Bangladesh,Student,London,3,2024,Spring,52,4,0,Q1,52
VISA-0004525,1686441600000000000,2023-08-02,Pakistan,Dependent,Mumbai,6,2023,Summer,52,6,1,Q2,52
VISA-0004526,1675641600000000000,2023-03-11,France,Tourist,Sydney,2,2023,Winter,33,0,0,Q1,33
VISA-0004527,1612656000000000000,2021-04-05,Brazil,Dependent,London,2,2021,Winter,57,6,0,Q1,57
VISA-0004528,1639094400000000000,2022-01-26,Pakistan,Tourist,Chennai,12,2021,Winter,47,4,1,Q4,47
VISA-0004529,1750896000000000000,2025-08-09,Bangladesh,Business,Ottawa,6,2025,Summer,44,3,1,Q2,44
VISA-0004530,1662854400000000000,2022-10-23,Germany,Dependent,Ottawa,9,2022,Autumn,42,6,0,Q3,42
VISA-0004531,1720483200000000000,2024-08-24,Brazil,Student,Singapore,7,2024,Summer,46,1,1,Q3,46
VISA-0004532,1720396800000000000,2024-08-16,Bangladesh,Tourist,Sydney,7,2024,Summer,39,0,1,Q3,39
VISA-0004533,1658188800000000000,2022-09-02,Philippines,Business,Ottawa,7,2022,Summer,45,1,1,Q3,45
VISA-0004534,1641600000000000000,2022-03-12,Pakistan,Dependent,Ottawa,1,2022,Winter,63,5,0,Q1,63
VISA-0004535,1718496000000000000,2024-07-13,Australia,Tourist,Unknown,6,2024,Summer,27,6,1,Q2,27
VISA-0004536,1624147200000000000,2021-08-22,Nigeria,Student,London,6,2021,Summer,63,6,1,Q2,63
VISA-0004537,1687478400000000000,2023-08-04,UK,Business,Singapore,6,2023,Summer,42,4,1,Q2,42
VISA-0004538,1749427200000000000,2025-07-14,Kenya,Tourist,Ottawa,6,2025,Summer,35,0,1,Q2,35
VISA-0004539,1721606400000000000,2024-09-24,Germany,Work,Ottawa,7,2024,Summer,64,0,1,Q3,64
VISA-0004540,1729900800000000000,2024-12-17,Kenya,Student,New Delhi,10,2024,Autumn,52,5,0,Q4,52
VISA-0004541,1622505600000000000,2021-07-26,Bangladesh,Tourist,Singapore,6,2021,Summer,55,1,1,Q2,55
VISA-0004542,1640908800000000000,2022-02-28,Mexico,Dependent,Sydney,12,2021,Winter,59,4,1,Q4,59
VISA-0004543,1652832000000000000,2022-06-26,Kenya,Tourist,Mumbai,5,2022,Spring,39,2,0,Q2,39
VISA-0004544,1655510400000000000,2022-09-21,UK,Dependent,Mumbai,6,2022,Summer,95,5,1,Q2,95
VISA-0004545,1640044800000000000,2022-03-09,Mexico,Work,Ottawa,12,2021,Winter,78,1,1,Q4,78
VISA-0004546,1762732800000000000,2025-12-22,Brazil,Student,Paris,11,2025,Autumn,42,0,0,Q4,42
VISA-0004547,1635465600000000000,2021-12-17,Mexico,Student,Mumbai,10,2021,Autumn,49,4,0,Q4,49
VISA-0004548,1721088000000000000,2024-09-17,France,Student,Mumbai,7,2024,Summer,63,1,1,Q3,63
VISA-0004549,1701907200000000000,2024-01-13,China,Business,Dubai,12,2023,Winter,37,3,1,Q4,37
VISA-0004550,1705708800000000000,2024-03-20,Germany,Work,Sydney,1,2024,Winter,60,5,0,Q1,60
VISA-0004551,1643241600000000000,2022-03-12,Pakistan,Business,Johannesburg,1,2022,Winter,44,3,0,Q1,44
VISA-0004552,1657929600000000000,2022-09-25,China,Student,Paris,7,2022,Summer,71,5,1,Q3,71
VISA-0004553,1705017600000000000,2024-02-22,Bangladesh,Tourist,Berlin,1,2024,Winter,41,4,0,Q1,41
VISA-0004554,1656547200000000000,2022-08-02,Germany,Tourist,London,6,2022,Summer,33,3,1,Q2,33
VISA-0004555,1718841600000000000,2024-08-08,Germany,Business,Dubai,6,2024,Summer,49,3,1,Q2,49
VISA-0004556,1615680000000000000,2021-06-28,Pakistan,Student,Dubai,3,2021,Spring,106,6,0,Q1,106
VISA-0004557,1620864000000000000,2021-07-10,Brazil,Student,London,5,2021,Spring,58,3,0,Q2,58
VISA-0004558,1724284800000000000,2024-10-23,Canada,Student,Ottawa,8,2024,Summer,62,3,1,Q3,62
VISA-0004559,1706659200000000000,2024-03-24,India,Student,Johannesburg,1,2024,Winter,53,2,0,Q1,53
VISA-0004560,1616198400000000000,2021-05-28,Nigeria,Work,Sydney,3,2021,Spring,69,5,0,Q1,69
VISA-0004561,1751155200000000000,2025-08-30,Bangladesh,Work,Sydney,6,2025,Summer,62,6,1,Q2,62
VISA-0004562,1610150400000000000,2021-02-19,Unknown,Transit,Paris,1,2021,Winter,41,5,0,Q1,41
VISA-0004563,1760054400000000000,2025-12-13,Kenya,Tourist,Chennai,10,2025,Autumn,64,4,0,Q4,64
VISA-0004564,1724457600000000000,2024-11-03,Bangladesh,Work,Chennai,8,2024,Summer,71,5,1,Q3,71
VISA-0004565,1765238400000000000,2026-01-14,Brazil,Tourist,Johannesburg,12,2025,Winter,36,1,1,Q4,36
VISA-0004566,1759017600000000000,2025-10-31,Kenya,Business,Paris,9,2025,Autumn,33,6,0,Q3,33
VISA-0004567,1658793600000000000,2022-10-01,Canada,Work,Ottawa,7,2022,Summer,67,1,1,Q3,67
VISA-0004568,1728691200000000000,2024-11-09,Kenya,Student,Johannesburg,10,2024,Autumn,28,5,0,Q4,28
VISA-0004569,1683763200000000000,2023-06-17,Mexico,Business,Ottawa,5,2023,Spring,37,3,0,Q2,37
VISA-0004570,1647302400000000000,2022-07-01,Nigeria,Student,Berlin,3,2022,Spring,108,1,0,Q1,108
VISA-0004571,1686096000000000000,2023-07-21,Nigeria,Tourist,New Delhi,6,2023,Summer,44,2,1,Q2,44
VISA-0004572,1747008000000000000,2025-06-25,Kenya,Student,Berlin,5,2025,Spring,44,0,0,Q2,44
VISA-0004573,1678147200000000000,2023-04-04,Mexico,Tourist,Mumbai,3,2023,Spring,28,1,0,Q1,28
VISA-0004574,1623974400000000000,2021-07-26,Kenya,Dependent,Chennai,6,2021,Summer,38,4,1,Q2,38
VISA-0004575,1660608000000000000,2022-09-26,Brazil,Business,Paris,8,2022,Summer,41,1,1,Q3,41
VISA-0004576,1733443200000000000,2025-01-21,Mexico,Business,Chennai,12,2024,Winter,46,4,1,Q4,46
VISA-0004577,1691712000000000000,2023-09-27,Bangladesh,Dependent,Sydney,8,2023,Summer,47,4,1,Q3,47
VISA-0004578,1697760000000000000,2023-12-23,UK,Business,Johannesburg,10,2023,Autumn,64,4,0,Q4,64
VISA-0004579,1677369600000000000,2023-04-14,Brazil,Student,Johannesburg,2,2023,Winter,47,6,0,Q1,47
VISA-0004580,1655596800000000000,2022-07-30,China,Tourist,Ottawa,6,2022,Summer,41,6,1,Q2,41
VISA-0004581,1703721600000000000,2024-02-21,Nigeria,Student,New Delhi,12,2023,Winter,55,3,1,Q4,55
VISA-0004582,1709251200000000000,2024-05-04,Pakistan,Dependent,London,3,2024,Spring,64,4,0,Q1,64
VISA-0004583,1751068800000000000,2025-08-13,India,Dependent,Dubai,6,2025,Summer,46,5,1,Q2,46
VISA-0004584,1706832000000000000,2024-03-18,China,Business,London,2,2024,Winter,45,4,0,Q1,45
VISA-0004585,1766275200000000000,2026-02-03,Australia,Tourist,Berlin,12,2025,Winter,44,6,1,Q4,44
VISA-0004586,1739750400000000000,2025-03-26,India,Tourist,Johannesburg,2,2025,Winter,37,0,0,Q1,37
VISA-0004587,1621814400000000000,2021-07-25,Nigeria,Dependent,Dubai,5,2021,Spring,62,0,0,Q2,62
VISA-0004588,1671235200000000000,2023-02-03,Germany,Tourist,Dubai,12,2022,Winter,48,5,1,Q4,48
VISA-0004589,1670112000000000000,2023-02-23,Brazil,Work,Sydney,12,2022,Winter,81,6,1,Q4,81
VISA-0004590,1609891200000000000,2021-03-03,Unknown,Student,Chennai,1,2021,Winter,56,2,0,Q1,56
VISA-0004591,1637884800000000000,2022-01-16,China,Tourist,Dubai,11,2021,Autumn,51,4,0,Q4,51
VISA-0004592,1729555200000000000,2024-12-23,France,Work,Johannesburg,10,2024,Autumn,62,1,0,Q4,62
VISA-0004593,1664928000000000000,2022-10-22,Bangladesh,Transit,Berlin,10,2022,Autumn,17,2,0,Q4,17
VISA-0004594,1632700800000000000,2021-11-09,France,Business,Paris,9,2021,Autumn,43,0,0,Q3,43
VISA-0004595,1654732800000000000,2022-08-01,Australia,Student,Singapore,6,2022,Summer,53,3,1,Q2,53
VISA-0004596,1652745600000000000,2022-07-14,Brazil,Student,Ottawa,5,2022,Spring,58,1,0,Q2,58
VISA-0004597,1636934400000000000,2022-02-12,India,Dependent,London,11,2021,Autumn,89,0,0,Q4,89
VISA-0004598,1625356800000000000,2021-09-21,Brazil,Work,Johannesburg,7,2021,Summer,79,6,1,Q3,79
VISA-0004599,1729900800000000000,2024-11-28,Canada,Student,Sydney,10,2024,Autumn,33,5,0,Q4,33
VISA-0004600,1739404800000000000,2025-04-14,Pakistan,Work,Paris,2,2025,Winter,60,3,0,Q1,60
VISA-0004601,1687651200000000000,2023-08-16,Canada,Tourist,Dubai,6,2023,Summer,52,6,1,Q2,52
VISA-0004602,1706486400000000000,2024-03-03,Australia,Tourist,Mumbai,1,2024,Winter,34,0,0,Q1,34
VISA-0004603,1754352000000000000,2025-09-23,Bangladesh,Dependent,London,8,2025,Summer,49,1,1,Q3,49
VISA-0004604,1742256000000000000,2025-05-11,Mexico,Work,London,3,2025,Spring,54,1,0,Q1,54
VISA-0004605,1614556800000000000,2021-04-05,Australia,Tourist,Mumbai,3,2021,Spring,35,0,0,Q1,35
VISA-0004606,1759708800000000000,2025-10-27,Germany,Tourist,Paris,10,2025,Autumn,21,0,0,Q4,21
VISA-0004607,1620000000000000000,2021-06-02,Philippines,Transit,Johannesburg,5,2021,Spring,30,0,0,Q2,30
VISA-0004608,1613606400000000000,2021-04-24,Canada,Work,Johannesburg,2,2021,Winter,65,3,0,Q1,65
VISA-0004609,1672963200000000000,2023-04-12,Brazil,Work,Chennai,1,2023,Winter,96,4,0,Q1,96
VISA-0004610,1727049600000000000,2024-10-24,Bangladesh,Tourist,Ottawa,9,2024,Autumn,31,0,0,Q3,31
VISA-0004611,1622073600000000000,2021-06-16,Germany,Transit,Chennai,5,2021,Spring,20,3,0,Q2,20
VISA-0004612,1655596800000000000,2022-08-06,Mexico,Dependent,New Delhi,6,2022,Summer,48,6,1,Q2,48
VISA-0004613,1650844800000000000,2022-06-14,Germany,Student,Dubai,4,2022,Spring,50,0,0,Q2,50
VISA-0004614,1672099200000000000,2023-02-03,Mexico,Tourist,Singapore,12,2022,Winter,38,1,1,Q4,38
VISA-0004615,1764892800000000000,2026-02-15,Mexico,Work,New Delhi,12,2025,Winter,72,4,1,Q4,72
VISA-0004616,1661644800000000000,2022-10-07,Philippines,Dependent,Berlin,8,2022,Summer,40,6,1,Q3,40
VISA-0004617,1642377600000000000,2022-03-10,Canada,Business,New Delhi,1,2022,Winter,52,0,0,Q1,52
VISA-0004618,1628726400000000000,2021-09-11,Nigeria,Transit,Singapore,8,2021,Summer,30,3,1,Q3,30
VISA-0004619,1640649600000000000,2022-03-22,Nigeria,Work,New Delhi,12,2021,Winter,84,1,1,Q4,84
VISA-0004620,1630368000000000000,2021-10-11,Mexico,Tourist,Ottawa,8,2021,Summer,41,1,1,Q3,41
VISA-0004621,1699833600000000000,2024-01-01,Germany,Student,Mumbai,11,2023,Autumn,49,0,0,Q4,49
VISA-0004622,1675728000000000000,2023-03-09,Brazil,Business,Ottawa,2,2023,Winter,30,1,0,Q1,30
VISA-0004623,1687910400000000000,2023-08-09,UK,Tourist,Ottawa,6,2023,Summer,42,2,1,Q2,42
VISA-0004624,1740614400000000000,2025-03-16,Germany,Tourist,Sydney,2,2025,Winter,17,3,0,Q1,17
VISA-0004625,1700956800000000000,2024-01-03,UK,Business,Singapore,11,2023,Autumn,38,6,0,Q4,38
VISA-0004626,1633910400000000000,2021-12-06,Mexico,Student,Johannesburg,10,2021,Autumn,56,0,0,Q4,56
VISA-0004627,1668816000000000000,2022-12-25,France,Business,London,11,2022,Autumn,36,5,0,Q4,36
VISA-0004628,1658707200000000000,2022-09-16,Mexico,Tourist,Johannesburg,7,2022,Summer,53,0,1,Q3,53
VISA-0004629,1739750400000000000,2025-03-25,Mexico,Tourist,Ottawa,2,2025,Winter,36,0,0,Q1,36
VISA-0004630,1657843200000000000,2022-08-28,Australia,Tourist,Mumbai,7,2022,Summer,44,4,1,Q3,44
VISA-0004631,1631232000000000000,2021-11-19,Brazil,Work,Dubai,9,2021,Autumn,70,4,0,Q3,70
VISA-0004632,1725494400000000000,2024-10-05,UK,Business,Berlin,9,2024,Autumn,30,3,0,Q3,30
VISA-0004633,1676937600000000000,2023-04-10,India,Student,London,2,2023,Winter,48,1,0,Q1,48
VISA-0004634,1624492800000000000,2021-08-25,Bangladesh,Student,Unknown,6,2021,Summer,62,3,1,Q2,62
VISA-0004635,1718150400000000000,2024-07-11,Australia,Tourist,Ottawa,6,2024,Summer,29,2,1,Q2,29
VISA-0004636,1642636800000000000,2022-04-01,UK,Work,Mumbai,1,2022,Winter,71,3,0,Q1,71
VISA-0004637,1746316800000000000,2025-05-19,Bangladesh,Transit,Ottawa,5,2025,Spring,15,6,0,Q2,15
VISA-0004638,1667692800000000000,2022-12-13,France,Business,Ottawa,11,2022,Autumn,37,6,0,Q4,37
VISA-0004639,1696982400000000000,2023-11-06,Brazil,Tourist,London,10,2023,Autumn,26,2,0,Q4,26
VISA-0004640,1698969600000000000,2024-01-04,Nigeria,Work,Johannesburg,11,2023,Autumn,62,4,0,Q4,62
VISA-0004641,1712448000000000000,2024-05-03,India,Tourist,Ottawa,4,2024,Spring,26,6,0,Q2,26
VISA-0004642,1620345600000000000,2021-06-19,UK,Tourist,Dubai,5,2021,Spring,43,4,0,Q2,43
VISA-0004643,1660608000000000000,2022-09-20,Germany,Tourist,New Delhi,8,2022,Summer,35,1,1,Q3,35
VISA-0004644,1636243200000000000,2021-12-09,Germany,Tourist,London,11,2021,Autumn,32,6,0,Q4,32
VISA-0004645,1719360000000000000,2024-08-07,Germany,Tourist,Singapore,6,2024,Summer,42,2,1,Q2,42
VISA-0004646,1620345600000000000,2021-06-14,China,Business,Singapore,5,2021,Spring,38,4,0,Q2,38
VISA-0004647,1690934400000000000,2023-08-30,UK,Tourist,Johannesburg,8,2023,Summer,28,2,1,Q3,28
VISA-0004648,1724198400000000000,2024-10-09,Germany,Business,New Delhi,8,2024,Summer,49,2,1,Q3,49
VISA-0004649,1758931200000000000,2025-11-01,Canada,Dependent,Singapore,9,2025,Autumn,35,5,0,Q3,35
VISA-0004650,1654819200000000000,2022-08-22,Philippines,Work,Chennai,6,2022,Summer,73,4,1,Q2,73
VISA-0004651,1610668800000000000,2021-03-23,Australia,Student,New Delhi,1,2021,Winter,67,4,0,Q1,67
VISA-0004652,1723507200000000000,2024-09-28,Nigeria,Business,Mumbai,8,2024,Summer,46,1,1,Q3,46
VISA-0004653,1609632000000000000,2021-02-13,Germany,Tourist,Paris,1,2021,Winter,41,6,0,Q1,41
VISA-0004654,1619913600000000000,2021-07-05,Pakistan,Student,Dubai,5,2021,Spring,64,6,0,Q2,64
VISA-0004655,1765584000000000000,2026-02-05,UK,Student,Dubai,12,2025,Winter,54,5,1,Q4,54
VISA-0004656,1745452800000000000,2025-05-26,Bangladesh,Dependent,Singapore,4,2025,Spring,32,3,0,Q2,32
VISA-0004657,1721001600000000000,2024-08-12,UK,Business,Mumbai,7,2024,Summer,28,0,1,Q3,28
VISA-0004658,1741132800000000000,2025-04-17,Germany,Dependent,New Delhi,3,2025,Spring,43,2,0,Q1,43
VISA-0004659,1621296000000000000,2021-07-27,Australia,Unknown,Johannesburg,5,2021,Spring,70,1,0,Q2,70
VISA-0004660,1623456000000000000,2021-08-06,Brazil,Unknown,Dubai,6,2021,Summer,55,5,1,Q2,55
VISA-0004661,1656892800000000000,2022-08-04,Australia,Business,Paris,7,2022,Summer,31,0,1,Q3,31
VISA-0004662,1613174400000000000,2021-04-12,Bangladesh,Dependent,Sydney,2,2021,Winter,58,5,0,Q1,58
VISA-0004663,1749513600000000000,2025-08-03,Unknown,Student,Mumbai,6,2025,Summer,54,1,1,Q2,54
VISA-0004664,1618272000000000000,2021-05-11,Brazil,Transit,Sydney,4,2021,Spring,28,1,0,Q2,28
VISA-0004665,1695168000000000000,2023-11-07,Nigeria,Dependent,Johannesburg,9,2023,Autumn,48,2,0,Q3,48
VISA-0004666,1743984000000000000,2025-05-29,UK,Student,Mumbai,4,2025,Spring,52,0,0,Q2,52
VISA-0004667,1725321600000000000,2024-10-02,Nigeria,Tourist,Mumbai,9,2024,Autumn,29,1,0,Q3,29
VISA-0004668,1646438400000000000,2022-04-11,Brazil,Tourist,London,3,2022,Spring,37,5,0,Q1,37
VISA-0004669,1683590400000000000,2023-06-13,France,Business,Sydney,5,2023,Spring,35,1,0,Q2,35
VISA-0004670,1695859200000000000,2023-11-12,Nigeria,Tourist,Dubai,9,2023,Autumn,45,3,0,Q3,45
VISA-0004671,1730505600000000000,2024-12-17,UK,Student,Mumbai,11,2024,Autumn,45,5,0,Q4,45
VISA-0004672,1676592000000000000,2023-04-25,India,Work,Johannesburg,2,2023,Winter,67,4,0,Q1,67
VISA-0004673,1654387200000000000,2022-07-22,China,Dependent,Mumbai,6,2022,Summer,47,6,1,Q2,47
VISA-0004674,1734825600000000000,2025-02-04,France,Dependent,Chennai,12,2024,Winter,44,6,1,Q4,44
VISA-0004675,1749168000000000000,2025-07-16,China,Business,Johannesburg,6,2025,Summer,40,4,1,Q2,40
VISA-0004676,1686528000000000000,2023-08-07,France,Student,Ottawa,6,2023,Summer,56,0,1,Q2,56
VISA-0004677,1613865600000000000,2021-03-24,Australia,Tourist,Dubai,2,2021,Winter,31,6,0,Q1,31
VISA-0004678,1688342400000000000,2023-09-14,Philippines,Work,Ottawa,7,2023,Summer,73,0,1,Q3,73
VISA-0004679,1749600000000000000,2025-07-05,Australia,Tourist,Chennai,6,2025,Summer,24,2,1,Q2,24
VISA-0004680,1765411200000000000,2026-04-02,Nigeria,Work,Sydney,12,2025,Winter,112,3,1,Q4,112
VISA-0004681,1672617600000000000,2023-01-25,Kenya,Transit,Paris,1,2023,Winter,23,0,0,Q1,23
VISA-0004682,1633046400000000000,2021-11-22,Mexico,Work,New Delhi,10,2021,Autumn,52,4,0,Q4,52
VISA-0004683,1699660800000000000,2024-01-14,Nigeria,Work,Singapore,11,2023,Autumn,64,5,0,Q4,64
VISA-0004684,1740441600000000000,2025-04-28,Nigeria,Work,Chennai,2,2025,Winter,62,1,0,Q1,62
VISA-0004685,1758412800000000000,2025-12-09,Germany,Dependent,Johannesburg,9,2025,Autumn,79,6,0,Q3,79
VISA-0004686,1617580800000000000,2021-06-02,India,Student,Johannesburg,4,2021,Spring,58,0,0,Q2,58
VISA-0004687,1655251200000000000,2022-09-26,France,Student,Johannesburg,6,2022,Summer,103,2,1,Q2,103
VISA-0004688,1684713600000000000,2023-08-17,India,Tourist,Berlin,5,2023,Spring,87,0,0,Q2,87
VISA-0004689,1624924800000000000,2021-09-07,Brazil,Work,Singapore,6,2021,Summer,70,1,1,Q2,70
VISA-0004690,1749168000000000000,2025-07-18,Bangladesh,Tourist,Singapore,6,2025,Summer,42,4,1,Q2,42
VISA-0004691,1627084800000000000,2021-09-20,Canada,Student,Berlin,7,2021,Summer,58,5,1,Q3,58
VISA-0004692,1714348800000000000,2024-06-02,Philippines,Business,Singapore,4,2024,Spring,34,0,0,Q2,34
VISA-0004693,1754265600000000000,2025-09-22,Kenya,Tourist,London,8,2025,Summer,49,0,1,Q3,49
VISA-0004694,1717459200000000000,2024-07-27,Unknown,Work,Singapore,6,2024,Summer,53,1,1,Q2,53
VISA-0004695,1729728000000000000,2024-11-26,India,Tourist,Johannesburg,10,2024,Autumn,33,3,0,Q4,33
VISA-0004696,1650931200000000000,2022-06-08,Bangladesh,Tourist,Dubai,4,2022,Spring,43,1,0,Q2,43
VISA-0004697,1675382400000000000,2023-03-15,Bangladesh,Tourist,Mumbai,2,2023,Winter,40,4,0,Q1,40
VISA-0004698,1619049600000000000,2021-06-06,India,Tourist,Chennai,4,2021,Spring,45,3,0,Q2,45
VISA-0004699,1667260800000000000,2023-01-16,UK,Transit,Mumbai,11,2022,Autumn,76,1,0,Q4,76
VISA-0004700,1664582400000000000,2022-10-22,Pakistan,Transit,Sydney,10,2022,Autumn,21,5,0,Q4,21
VISA-0004701,1691625600000000000,2023-09-30,UK,Business,Ottawa,8,2023,Summer,51,3,1,Q3,51
VISA-0004702,1651190400000000000,2022-06-29,Brazil,Work,Singapore,4,2022,Spring,61,4,0,Q2,61
VISA-0004703,1682294400000000000,2023-05-27,Mexico,Business,London,4,2023,Spring,33,0,0,Q2,33
VISA-0004704,1676937600000000000,2023-04-13,Germany,Dependent,Unknown,2,2023,Winter,51,1,0,Q1,51
VISA-0004705,1660953600000000000,2022-10-17,Germany,Student,Dubai,8,2022,Summer,58,5,1,Q3,58
VISA-0004706,1719187200000000000,2024-07-29,Canada,Tourist,Mumbai,6,2024,Summer,35,0,1,Q2,35
VISA-0004707,1657584000000000000,2022-09-23,Mexico,Unknown,Singapore,7,2022,Summer,73,1,1,Q3,73
VISA-0004708,1730160000000000000,2024-11-19,Bangladesh,Transit,New Delhi,10,2024,Autumn,21,1,0,Q4,21
VISA-0004709,1648944000000000000,2022-05-08,France,Tourist,Sydney,4,2022,Spring,35,6,0,Q2,35
VISA-0004710,1745798400000000000,2025-06-15,Canada,Student,Johannesburg,4,2025,Spring,48,0,0,Q2,48
VISA-0004711,1667001600000000000,2022-12-23,Mexico,Student,Dubai,10,2022,Autumn,55,5,0,Q4,55
VISA-0004712,1615852800000000000,2021-05-14,France,Student,Paris,3,2021,Spring,59,1,0,Q1,59
VISA-0004713,1633046400000000000,2021-10-31,UK,Business,Ottawa,10,2021,Autumn,30,4,0,Q4,30
VISA-0004714,1736553600000000000,2025-02-24,Australia,Student,Unknown,1,2025,Winter,44,5,0,Q1,44
VISA-0004715,1746921600000000000,2025-06-13,Germany,Dependent,Berlin,5,2025,Spring,33,6,0,Q2,33
VISA-0004716,1642809600000000000,2022-03-05,Kenya,Business,Sydney,1,2022,Winter,42,5,0,Q1,42
VISA-0004717,1704326400000000000,2024-02-02,Canada,Tourist,Mumbai,1,2024,Winter,29,3,0,Q1,29
VISA-0004718,1700006400000000000,2023-12-19,Mexico,Business,Johannesburg,11,2023,Autumn,34,2,0,Q4,34
VISA-0004719,1630540800000000000,2021-10-17,Mexico,Business,New Delhi,9,2021,Autumn,45,3,0,Q3,45
VISA-0004720,1680652800000000000,2023-06-01,India,Unknown,London,4,2023,Spring,57,2,0,Q2,57
VISA-0004721,1718841600000000000,2024-08-05,Germany,Student,Berlin,6,2024,Summer,46,3,1,Q2,46
VISA-0004722,1761955200000000000,2025-12-06,UK,Dependent,Paris,11,2025,Autumn,35,5,0,Q4,35
VISA-0004723,1743033600000000000,2025-05-03,China,Student,Sydney,3,2025,Spring,37,3,0,Q1,37
VISA-0004724,1624838400000000000,2021-08-02,Canada,Tourist,Ottawa,6,2021,Summer,35,0,1,Q2,35
VISA-0004725,1646870400000000000,2022-04-09,Canada,Tourist,Ottawa,3,2022,Spring,30,3,0,Q1,30
VISA-0004726,1678233600000000000,2023-04-06,Nigeria,Tourist,Johannesburg,3,2023,Spring,29,2,0,Q1,29
VISA-0004727,1633132800000000000,2021-11-27,Philippines,Work,London,10,2021,Autumn,56,5,0,Q4,56
VISA-0004728,1699401600000000000,2023-12-10,Brazil,Tourist,Singapore,11,2023,Autumn,32,2,0,Q4,32
VISA-0004729,1610755200000000000,2021-04-15,Kenya,Work,New Delhi,1,2021,Winter,89,5,0,Q1,89
VISA-0004730,1627344000000000000,2021-09-19,Canada,Student,Berlin,7,2021,Summer,54,1,1,Q3,54
VISA-0004731,1616889600000000000,2021-05-27,Pakistan,Dependent,Berlin,3,2021,Spring,60,6,0,Q1,60
VISA-0004732,1656028800000000000,2022-08-25,Philippines,Student,Berlin,6,2022,Summer,62,4,1,Q2,62
VISA-0004733,1729641600000000000,2024-12-07,Nigeria,Dependent,Ottawa,10,2024,Autumn,45,2,0,Q4,45
VISA-0004734,1637366400000000000,2022-01-07,France,Dependent,Berlin,11,2021,Autumn,48,5,0,Q4,48
VISA-0004735,1765065600000000000,2026-01-11,Kenya,Tourist,Ottawa,12,2025,Winter,35,6,1,Q4,35
VISA-0004736,1651881600000000000,2022-07-09,India,Work,Dubai,5,2022,Spring,63,5,0,Q2,63
VISA-0004737,1616457600000000000,2021-05-06,Philippines,Tourist,Singapore,3,2021,Spring,44,1,0,Q1,44
VISA-0004738,1662336000000000000,2022-11-12,China,Business,Berlin,9,2022,Autumn,68,0,0,Q3,68
VISA-0004739,1727395200000000000,2024-11-26,Philippines,Work,Paris,9,2024,Autumn,60,4,0,Q3,60
VISA-0004740,1626220800000000000,2021-09-12,Bangladesh,Tourist,Johannesburg,7,2021,Summer,60,2,1,Q3,60
VISA-0004741,1620777600000000000,2021-06-18,Nigeria,Tourist,Chennai,5,2021,Spring,37,2,0,Q2,37
VISA-0004742,1743379200000000000,2025-05-24,Brazil,Student,Dubai,3,2025,Spring,54,0,0,Q1,54
VISA-0004743,1702771200000000000,2024-02-04,Brazil,Business,Berlin,12,2023,Winter,49,6,1,Q4,49
VISA-0004744,1663545600000000000,2022-10-28,Brazil,Business,Berlin,9,2022,Autumn,39,0,0,Q3,39
VISA-0004745,1728604800000000000,2024-10-31,Brazil,Tourist,Mumbai,10,2024,Autumn,20,4,0,Q4,20
VISA-0004746,1742515200000000000,2025-04-22,Nigeria,Tourist,Paris,3,2025,Spring,32,4,0,Q1,32
VISA-0004747,1666051200000000000,2022-12-09,UK,Student,Chennai,10,2022,Autumn,52,1,0,Q4,52
VISA-0004748,1697932800000000000,2023-12-24,China,Work,Ottawa,10,2023,Autumn,63,6,0,Q4,63
VISA-0004749,1611100800000000000,2021-02-27,India,Tourist,Berlin,1,2021,Winter,38,2,0,Q1,38
VISA-0004750,1657670400000000000,2022-08-29,Pakistan,Tourist,Chennai,7,2022,Summer,47,2,1,Q3,47
VISA-0004751,1703289600000000000,2024-02-07,UK,Dependent,Mumbai,12,2023,Winter,46,5,1,Q4,46
VISA-0004752,1640476800000000000,2022-02-19,Mexico,Student,Berlin,12,2021,Winter,55,6,1,Q4,55
VISA-0004753,1765756800000000000,2026-01-29,Canada,Business,London,12,2025,Winter,45,0,1,Q4,45
VISA-0004754,1762560000000000000,2025-12-27,Bangladesh,Student,Singapore,11,2025,Autumn,49,5,0,Q4,49
VISA-0004755,1650067200000000000,2022-06-11,Nigeria,Student,Singapore,4,2022,Spring,56,5,0,Q2,56
VISA-0004756,1671926400000000000,2023-03-01,Germany,Work,London,12,2022,Winter,66,6,1,Q4,66
VISA-0004757,1639267200000000000,2022-01-20,Canada,Tourist,Paris,12,2021,Winter,39,6,1,Q4,39
VISA-0004758,1688860800000000000,2023-08-28,China,Tourist,Chennai,7,2023,Summer,50,6,1,Q3,50
VISA-0004759,1628985600000000000,2021-10-29,Pakistan,Transit,Johannesburg,8,2021,Summer,75,6,1,Q3,75
VISA-0004760,1671062400000000000,2023-02-11,Nigeria,Dependent,Chennai,12,2022,Winter,58,3,1,Q4,58
VISA-0004761,1696982400000000000,2023-11-12,Germany,Business,Singapore,10,2023,Autumn,32,2,0,Q4,32
VISA-0004762,1705881600000000000,2024-02-27,Pakistan,Tourist,Paris,1,2024,Winter,36,0,0,Q1,36
VISA-0004763,1703462400000000000,2024-02-02,Brazil,Tourist,London,12,2023,Winter,39,0,1,Q4,39
VISA-0004764,1644364800000000000,2022-03-07,Canada,Tourist,Singapore,2,2022,Winter,26,2,0,Q1,26
VISA-0004765,1734307200000000000,2025-02-03,Canada,Dependent,Dubai,12,2024,Winter,49,0,1,Q4,49
VISA-0004766,1718496000000000000,2024-07-22,Germany,Unknown,Berlin,6,2024,Summer,36,6,1,Q2,36
VISA-0004767,1728172800000000000,2024-11-26,Mexico,Student,Ottawa,10,2024,Autumn,51,6,0,Q4,51
VISA-0004768,1683158400000000000,2023-06-02,Pakistan,Transit,Chennai,5,2023,Spring,29,3,0,Q2,29
VISA-0004769,1750118400000000000,2025-07-24,France,Tourist,Berlin,6,2025,Summer,37,1,1,Q2,37
VISA-0004770,1670889600000000000,2023-03-06,Australia,Work,New Delhi,12,2022,Winter,83,1,1,Q4,83
VISA-0004771,1736467200000000000,2025-02-17,Mexico,Tourist,London,1,2025,Winter,38,4,0,Q1,38
VISA-0004772,1641513600000000000,2022-02-27,China,Tourist,Mumbai,1,2022,Winter,51,4,0,Q1,51
VISA-0004773,1648425600000000000,2022-05-04,Germany,Dependent,New Delhi,3,2022,Spring,37,0,0,Q1,37
VISA-0004774,1692489600000000000,2023-10-16,UK,Dependent,New Delhi,8,2023,Summer,57,6,1,Q3,57
VISA-0004775,1697068800000000000,2023-11-17,Brazil,Tourist,Mumbai,10,2023,Autumn,36,3,0,Q4,36
VISA-0004776,1727049600000000000,2024-10-19,Bangladesh,Tourist,Johannesburg,9,2024,Autumn,26,0,0,Q3,26
VISA-0004777,1656288000000000000,2022-09-04,Canada,Work,Paris,6,2022,Summer,69,0,1,Q2,69
VISA-0004778,1747008000000000000,2025-06-07,UK,Tourist,Johannesburg,5,2025,Spring,26,0,0,Q2,26
VISA-0004779,1661385600000000000,2022-10-31,Germany,Unknown,New Delhi,8,2022,Summer,67,3,1,Q3,67
VISA-0004780,1693612800000000000,2023-11-10,Brazil,Work,Johannesburg,9,2023,Autumn,69,5,0,Q3,69
VISA-0004781,1756339200000000000,2025-10-03,Philippines,Tourist,Dubai,8,2025,Summer,36,3,1,Q3,36
VISA-0004782,1694476800000000000,2023-10-08,Brazil,Tourist,Paris,9,2023,Autumn,26,1,0,Q3,26
VISA-0004783,1716940800000000000,2024-06-23,India,Tourist,Singapore,5,2024,Spring,25,2,0,Q2,25
VISA-0004784,1752710400000000000,2025-09-05,China,Dependent,Chennai,7,2025,Summer,50,3,1,Q3,50
VISA-0004785,1763078400000000000,2025-12-23,Kenya,Student,Paris,11,2025,Autumn,39,4,0,Q4,39
VISA-0004786,1688169600000000000,2023-09-09,Philippines,Work,Berlin,7,2023,Summer,70,5,1,Q3,70
VISA-0004787,1675123200000000000,2023-04-14,Canada,Tourist,Ottawa,1,2023,Winter,73,1,0,Q1,73
VISA-0004788,1640476800000000000,2022-03-06,India,Work,Sydney,12,2021,Winter,70,6,1,Q4,70
VISA-0004789,1694131200000000000,2023-10-07,Brazil,Tourist,Chennai,9,2023,Autumn,29,4,0,Q3,29
VISA-0004790,1754179200000000000,2025-09-13,Kenya,Tourist,Chennai,8,2025,Summer,41,6,1,Q3,41
VISA-0004791,1686182400000000000,2023-07-28,Nigeria,Business,Johannesburg,6,2023,Summer,50,3,1,Q2,50
VISA-0004792,1664323200000000000,2022-11-03,Kenya,Business,Paris,9,2022,Autumn,36,2,0,Q3,36
VISA-0004793,1626307200000000000,2021-09-13,Philippines,Tourist,Dubai,7,2021,Summer,60,3,1,Q3,60
VISA-0004794,1670889600000000000,2023-02-17,Germany,Student,Berlin,12,2022,Winter,66,1,1,Q4,66
VISA-0004795,1646697600000000000,2022-03-20,Germany,Transit,Ottawa,3,2022,Spring,12,1,0,Q1,12
VISA-0004796,1763424000000000000,2025-12-21,India,Tourist,Chennai,11,2025,Autumn,33,1,0,Q4,33
VISA-0004797,1692576000000000000,2023-09-21,India,Tourist,Johannesburg,8,2023,Summer,31,0,1,Q3,31
VISA-0004798,1631059200000000000,2021-11-03,Australia,Student,Johannesburg,9,2021,Autumn,56,2,0,Q3,56
VISA-0004799,1620000000000000000,2021-07-20,Kenya,Tourist,Chennai,5,2021,Spring,78,0,0,Q2,78
VISA-0004800,1743552000000000000,2025-06-04,China,Work,Paris,4,2025,Spring,63,2,0,Q2,63
VISA-0004801,1756252800000000000,2025-10-17,UK,Work,Ottawa,8,2025,Summer,51,2,1,Q3,51
VISA-0004802,1729728000000000000,2024-12-06,Australia,Student,Berlin,10,2024,Autumn,43,3,0,Q4,43
VISA-0004803,1628985600000000000,2021-10-18,Kenya,Work,Mumbai,8,2021,Summer,64,6,1,Q3,64
VISA-0004804,1624924800000000000,2021-08-24,Brazil,Student,Sydney,6,2021,Summer,56,1,1,Q2,56
VISA-0004805,1640649600000000000,2022-02-04,France,Business,Mumbai,12,2021,Winter,38,1,1,Q4,38
VISA-0004806,1727827200000000000,2024-10-22,UK,Tourist,Paris,10,2024,Autumn,20,2,0,Q4,20
VISA-0004807,1730073600000000000,2024-11-23,Australia,Tourist,Ottawa,10,2024,Autumn,26,0,0,Q4,26
VISA-0004808,1741564800000000000,2025-05-02,Canada,Work,Chennai,3,2025,Spring,53,0,0,Q1,53
VISA-0004809,1624665600000000000,2021-08-20,Bangladesh,Tourist,Berlin,6,2021,Summer,55,5,1,Q2,55
VISA-0004810,1633564800000000000,2021-11-16,India,Tourist,Johannesburg,10,2021,Autumn,40,3,0,Q4,40
VISA-0004811,1751414400000000000,2025-08-08,Nigeria,Tourist,London,7,2025,Summer,37,2,1,Q3,37
VISA-0004812,1755820800000000000,2025-09-20,India,Business,Berlin,8,2025,Summer,29,4,1,Q3,29
VISA-0004813,1723852800000000000,2024-09-21,Philippines,Tourist,Berlin,8,2024,Summer,35,5,1,Q3,35
VISA-0004814,1626134400000000000,2021-09-10,France,Business,Sydney,7,2021,Summer,59,1,1,Q3,59
VISA-0004815,1620259200000000000,2021-06-20,UK,Business,Paris,5,2021,Spring,45,3,0,Q2,45
VISA-0004816,1618185600000000000,2021-06-01,Brazil,Work,Mumbai,4,2021,Spring,50,0,0,Q2,50
VISA-0004817,1718496000000000000,2024-07-25,Nigeria,Tourist,Singapore,6,2024,Summer,39,6,1,Q2,39
VISA-0004818,1742774400000000000,2025-04-24,Nigeria,Business,Ottawa,3,2025,Spring,31,0,0,Q1,31
VISA-0004819,1708992000000000000,2024-04-01,Germany,Tourist,New Delhi,2,2024,Winter,34,1,0,Q1,34
VISA-0004820,1650758400000000000,2022-06-07,Mexico,Dependent,Johannesburg,4,2022,Spring,44,6,0,Q2,44
VISA-0004821,1728864000000000000,2024-12-20,China,Work,Unknown,10,2024,Autumn,67,0,0,Q4,67
VISA-0004822,1618704000000000000,2021-06-12,Pakistan,Tourist,Paris,4,2021,Spring,55,6,0,Q2,55
VISA-0004823,1740009600000000000,2025-04-09,France,Business,Mumbai,2,2025,Winter,48,3,0,Q1,48
VISA-0004824,1750032000000000000,2025-07-28,Philippines,Student,Paris,6,2025,Summer,42,0,1,Q2,42
VISA-0004825,1722643200000000000,2024-09-09,Canada,Student,Berlin,8,2024,Summer,37,5,1,Q3,37
VISA-0004826,1748044800000000000,2025-06-27,India,Student,Singapore,5,2025,Spring,34,5,0,Q2,34
VISA-0004827,1701820800000000000,2024-02-23,Kenya,Work,Ottawa,12,2023,Winter,79,2,1,Q4,79
VISA-0004828,1683244800000000000,2023-06-05,Germany,Business,Johannesburg,5,2023,Spring,31,4,0,Q2,31
VISA-0004829,1660262400000000000,2022-09-21,Canada,Dependent,Berlin,8,2022,Summer,40,4,1,Q3,40
VISA-0004830,1754784000000000000,2025-09-12,China,Tourist,Chennai,8,2025,Summer,33,6,1,Q3,33
VISA-0004831,1719360000000000000,2024-08-23,China,Work,Chennai,6,2024,Summer,58,2,1,Q2,58
VISA-0004832,1639440000000000000,2022-03-07,Nigeria,Work,Singapore,12,2021,Winter,83,1,1,Q4,83
VISA-0004833,1760313600000000000,2025-12-03,France,Work,Berlin,10,2025,Autumn,51,0,0,Q4,51
VISA-0004834,1618790400000000000,2021-07-27,Canada,Student,Mumbai,4,2021,Spring,99,0,0,Q2,99
VISA-0004835,1702080000000000000,2024-02-05,France,Student,Mumbai,12,2023,Winter,58,5,1,Q4,58
VISA-0004836,1639440000000000000,2022-01-22,India,Business,Singapore,12,2021,Winter,39,1,1,Q4,39
VISA-0004837,1714176000000000000,2024-05-19,Germany,Tourist,Mumbai,4,2024,Spring,22,5,0,Q2,22
VISA-0004838,1674518400000000000,2023-02-27,Mexico,Tourist,Chennai,1,2023,Winter,34,1,0,Q1,34
VISA-0004839,1678320000000000000,2023-05-08,Kenya,Student,Dubai,3,2023,Spring,60,3,0,Q1,60
VISA-0004840,1715299200000000000,2024-06-09,Philippines,Tourist,Singapore,5,2024,Spring,30,4,0,Q2,30
VISA-0004841,1728604800000000000,2024-10-30,Mexico,Tourist,London,10,2024,Autumn,19,4,0,Q4,19
VISA-0004842,1669334400000000000,2022-12-25,Mexico,Tourist,Berlin,11,2022,Autumn,30,4,0,Q4,30
VISA-0004843,1766707200000000000,2026-02-24,France,Work,Berlin,12,2025,Winter,60,4,1,Q4,60
VISA-0004844,1687996800000000000,2023-07-27,Nigeria,Transit,Dubai,6,2023,Summer,28,3,1,Q2,28
VISA-0004845,1634688000000000000,2021-12-15,Brazil,Student,Berlin,10,2021,Autumn,56,2,0,Q4,56
VISA-0004846,1610409600000000000,2021-02-27,Germany,Tourist,Chennai,1,2021,Winter,46,1,0,Q1,46
VISA-0004847,1641340800000000000,2022-02-26,Pakistan,Business,Dubai,1,2022,Winter,52,2,0,Q1,52
VISA-0004848,1718409600000000000,2024-07-25,UK,Tourist,New Delhi,6,2024,Summer,40,5,1,Q2,40
VISA-0004849,1694476800000000000,2023-09-26,Philippines,Transit,Paris,9,2023,Autumn,14,1,0,Q3,14
VISA-0004850,1662681600000000000,2022-11-10,India,Work,Paris,9,2022,Autumn,62,4,0,Q3,62
VISA-0004851,1685318400000000000,2023-07-01,India,Tourist,Paris,5,2023,Spring,33,0,0,Q2,33
VISA-0004852,1741564800000000000,2025-04-21,India,Student,New Delhi,3,2025,Spring,42,0,0,Q1,42
VISA-0004853,1699574400000000000,2023-12-19,Bangladesh,Tourist,Johannesburg,11,2023,Autumn,39,4,0,Q4,39
VISA-0004854,1618617600000000000,2021-05-27,Pakistan,Business,Ottawa,4,2021,Spring,40,5,0,Q2,40
VISA-0004855,1617148800000000000,2021-05-02,Germany,Tourist,New Delhi,3,2021,Spring,32,2,0,Q1,32
VISA-0004856,1685404800000000000,2023-07-16,Australia,Dependent,Sydney,5,2023,Spring,47,1,0,Q2,47
VISA-0004857,1673136000000000000,2023-02-05,Canada,Business,Dubai,1,2023,Winter,28,6,0,Q1,28
VISA-0004858,1743552000000000000,2025-07-03,Kenya,Dependent,Ottawa,4,2025,Spring,92,2,0,Q2,92
VISA-0004859,1701302400000000000,2024-01-17,Kenya,Dependent,Paris,11,2023,Autumn,48,3,0,Q4,48
VISA-0004860,1728777600000000000,2024-11-18,Bangladesh,Tourist,Sydney,10,2024,Autumn,36,6,0,Q4,36
VISA-0004861,1701648000000000000,2024-02-10,Pakistan,Student,Chennai,12,2023,Winter,68,0,1,Q4,68
VISA-0004862,1663891200000000000,2022-11-15,Canada,Dependent,Dubai,9,2022,Autumn,53,4,0,Q3,53
VISA-0004863,1713052800000000000,2024-06-06,Canada,Student,Chennai,4,2024,Spring,53,6,0,Q2,53
VISA-0004864,1707436800000000000,2024-03-19,India,Tourist,Mumbai,2,2024,Winter,39,4,0,Q1,39
VISA-0004865,1722988800000000000,2024-09-17,UK,Tourist,Unknown,8,2024,Summer,41,2,1,Q3,41
VISA-0004866,1639267200000000000,2022-01-23,Philippines,Tourist,Singapore,12,2021,Winter,42,6,1,Q4,42
VISA-0004867,1710547200000000000,2024-05-02,Canada,Dependent,Dubai,3,2024,Spring,47,5,0,Q1,47
VISA-0004868,1654387200000000000,2022-08-07,China,Student,London,6,2022,Summer,63,6,1,Q2,63
VISA-0004869,1734048000000000000,2025-02-14,India,Work,Ottawa,12,2024,Winter,63,4,1,Q4,63
VISA-0004870,1735344000000000000,2025-01-20,Bangladesh,Transit,Singapore,12,2024,Winter,23,5,1,Q4,23
VISA-0004871,1707955200000000000,2024-03-23,UK,Tourist,Berlin,2,2024,Winter,37,3,0,Q1,37
VISA-0004872,1758672000000000000,2025-10-27,Bangladesh,Business,Paris,9,2025,Autumn,33,2,0,Q3,33
VISA-0004873,1694131200000000000,2023-10-18,China,Tourist,Dubai,9,2023,Autumn,40,4,0,Q3,40
VISA-0004874,1613347200000000000,2021-04-08,India,Tourist,Johannesburg,2,2021,Winter,52,0,0,Q1,52
VISA-0004875,1705017600000000000,2024-02-20,China,Tourist,Berlin,1,2024,Winter,39,4,0,Q1,39
VISA-0004876,1732060800000000000,2024-12-11,Germany,Tourist,Ottawa,11,2024,Autumn,21,2,0,Q4,21
VISA-0004877,1625356800000000000,2021-09-01,Germany,Student,Chennai,7,2021,Summer,59,6,1,Q3,59
VISA-0004878,1625875200000000000,2021-09-12,Brazil,Student,New Delhi,7,2021,Summer,64,5,1,Q3,64
VISA-0004879,1652486400000000000,2022-07-25,India,Tourist,Paris,5,2022,Spring,72,5,0,Q2,72
VISA-0004880,1742515200000000000,2025-04-17,Brazil,Tourist,Johannesburg,3,2025,Spring,27,4,0,Q1,27
VISA-0004881,1692576000000000000,2023-10-25,France,Work,Berlin,8,2023,Summer,65,0,1,Q3,65
VISA-0004882,1763424000000000000,2025-12-02,Canada,Tourist,Sydney,11,2025,Autumn,14,1,0,Q4,14
VISA-0004883,1747094400000000000,2025-06-22,France,Business,Mumbai,5,2025,Spring,40,1,0,Q2,40
VISA-0004884,1696896000000000000,2023-11-14,Philippines,Dependent,Berlin,10,2023,Autumn,35,1,0,Q4,35
VISA-0004885,1716508800000000000,2024-06-22,China,Business,Chennai,5,2024,Spring,29,4,0,Q2,29
VISA-0004886,1661644800000000000,2022-11-13,Kenya,Work,Dubai,8,2022,Summer,77,6,1,Q3,77
VISA-0004887,1623628800000000000,2021-08-30,Pakistan,Unknown,London,6,2021,Summer,77,0,1,Q2,77
VISA-0004888,1672272000000000000,2023-03-10,UK,Unknown,Singapore,12,2022,Winter,71,3,1,Q4,71
VISA-0004889,1702771200000000000,2024-02-18,China,Dependent,Johannesburg,12,2023,Winter,63,6,1,Q4,63
VISA-0004890,1638144000000000000,2022-01-09,Nigeria,Transit,Chennai,11,2021,Autumn,41,0,0,Q4,41
VISA-0004891,1644364800000000000,2022-04-05,Bangladesh,Student,London,2,2022,Winter,55,2,0,Q1,55
VISA-0004892,1611792000000000000,2021-04-15,UK,Work,Johannesburg,1,2021,Winter,77,3,0,Q1,77
VISA-0004893,1725148800000000000,2024-10-16,India,Business,New Delhi,9,2024,Autumn,45,6,0,Q3,45
VISA-0004894,1751241600000000000,2025-08-17,Bangladesh,Tourist,Sydney,6,2025,Summer,48,0,1,Q2,48
VISA-0004895,1739923200000000000,2025-04-27,Kenya,Student,Mumbai,2,2025,Winter,67,2,0,Q1,67
VISA-0004896,1669334400000000000,2023-01-21,France,Work,Ottawa,11,2022,Autumn,57,4,0,Q4,57
VISA-0004897,1703030400000000000,2024-01-26,Canada,Business,New Delhi,12,2023,Winter,37,2,1,Q4,37
VISA-0004898,1760918400000000000,2025-11-25,Australia,Student,Mumbai,10,2025,Autumn,36,0,0,Q4,36
VISA-0004899,1702684800000000000,2024-01-23,UK,Tourist,Ottawa,12,2023,Winter,38,5,1,Q4,38
VISA-0004900,1656028800000000000,2022-08-14,India,Tourist,New Delhi,6,2022,Summer,51,4,1,Q2,51
VISA-0004901,1662768000000000000,2022-11-09,China,Work,Paris,9,2022,Autumn,60,5,0,Q3,60
VISA-0004902,1724112000000000000,2024-10-17,Australia,Dependent,Dubai,8,2024,Summer,58,1,1,Q3,58
VISA-0004903,1679788800000000000,2023-04-30,Canada,Dependent,Ottawa,3,2023,Spring,35,6,0,Q1,35
VISA-0004904,1741478400000000000,2025-04-21,China,Student,Sydney,3,2025,Spring,43,6,0,Q1,43
VISA-0004905,1745625600000000000,2025-05-23,Philippines,Tourist,Singapore,4,2025,Spring,27,5,0,Q2,27
VISA-0004906,1615075200000000000,2021-04-12,Pakistan,Business,Singapore,3,2021,Spring,36,6,0,Q1,36
VISA-0004907,1723507200000000000,2024-09-27,Bangladesh,Business,New Delhi,8,2024,Summer,45,1,1,Q3,45
VISA-0004908,1667779200000000000,2022-12-17,UK,Student,Berlin,11,2022,Autumn,40,0,0,Q4,40
VISA-0004909,1691366400000000000,2023-10-08,Kenya,Student,Sydney,8,2023,Summer,62,0,1,Q3,62
VISA-0004910,1651190400000000000,2022-05-10,Germany,Tourist,Paris,4,2022,Spring,11,4,0,Q2,11
VISA-0004911,1667520000000000000,2022-12-19,India,Business,Paris,11,2022,Autumn,45,4,0,Q4,45
VISA-0004912,1661472000000000000,2022-12-23,China,Work,Berlin,8,2022,Summer,119,4,1,Q3,119
VISA-0004913,1617321600000000000,2021-05-26,India,Student,Berlin,4,2021,Spring,54,4,0,Q2,54
VISA-0004914,1732838400000000000,2025-01-06,Nigeria,Dependent,Chennai,11,2024,Autumn,38,4,0,Q4,38
VISA-0004915,1631923200000000000,2021-12-02,Brazil,Work,Singapore,9,2021,Autumn,75,5,0,Q3,75
VISA-0004916,1668643200000000000,2022-12-28,Kenya,Dependent,Berlin,11,2022,Autumn,41,3,0,Q4,41
VISA-0004917,1639872000000000000,2022-02-23,Nigeria,Student,London,12,2021,Winter,66,6,1,Q4,66
VISA-0004918,1634774400000000000,2021-12-23,India,Student,Chennai,10,2021,Autumn,63,3,0,Q4,63
VISA-0004919,1668297600000000000,2022-12-28,Australia,Dependent,Sydney,11,2022,Autumn,45,6,0,Q4,45
VISA-0004920,1754265600000000000,2025-08-18,Mexico,Transit,London,8,2025,Summer,14,0,1,Q3,14
VISA-0004921,1758326400000000000,2025-10-02,Australia,Transit,Berlin,9,2025,Autumn,12,5,0,Q3,12
VISA-0004922,1669593600000000000,2022-12-27,Germany,Unknown,Ottawa,11,2022,Autumn,29,0,0,Q4,29
VISA-0004923,1689033600000000000,2023-09-03,Australia,Student,Mumbai,7,2023,Summer,54,1,1,Q3,54
VISA-0004924,1764806400000000000,2026-01-09,France,Tourist,Ottawa,12,2025,Winter,36,3,1,Q4,36
VISA-0004925,1646438400000000000,2022-05-03,Canada,Student,Paris,3,2022,Spring,59,5,0,Q1,59
VISA-0004926,1758412800000000000,2025-11-03,Bangladesh,Dependent,Singapore,9,2025,Autumn,43,6,0,Q3,43
VISA-0004927,1626048000000000000,2021-09-17,Nigeria,Student,London,7,2021,Summer,67,0,1,Q3,67
VISA-0004928,1645056000000000000,2022-04-09,Bangladesh,Business,Paris,2,2022,Winter,51,3,0,Q1,51
VISA-0004929,1662768000000000000,2022-10-29,Germany,Dependent,Mumbai,9,2022,Autumn,49,5,0,Q3,49
VISA-0004930,1615248000000000000,2021-04-09,Pakistan,Transit,Johannesburg,3,2021,Spring,31,1,0,Q1,31
VISA-0004931,1738022400000000000,2025-03-04,Brazil,Dependent,Paris,1,2025,Winter,35,1,0,Q1,35
VISA-0004932,1744329600000000000,2025-06-05,Australia,Work,New Delhi,4,2025,Spring,55,4,0,Q2,55
VISA-0004933,1669852800000000000,2023-01-14,UK,Student,Berlin,12,2022,Winter,44,3,1,Q4,44
VISA-0004934,1741305600000000000,2025-03-24,Australia,Transit,Sydney,3,2025,Spring,17,4,0,Q1,17
VISA-0004935,1731196800000000000,2024-11-21,Mexico,Tourist,Unknown,11,2024,Autumn,11,6,0,Q4,11
VISA-0004936,1735776000000000000,2025-02-02,France,Tourist,Chennai,1,2025,Winter,31,3,0,Q1,31
VISA-0004937,1735948800000000000,2025-01-30,Brazil,Transit,Singapore,1,2025,Winter,26,5,0,Q1,26
VISA-0004938,1699833600000000000,2024-01-11,Philippines,Work,Singapore,11,2023,Autumn,59,0,0,Q4,59
VISA-0004939,1626912000000000000,2021-09-17,Australia,Student,London,7,2021,Summer,57,3,1,Q3,57
VISA-0004940,1755043200000000000,2025-09-21,Brazil,Tourist,Ottawa,8,2025,Summer,39,2,1,Q3,39
VISA-0004941,1705363200000000000,2024-02-25,Mexico,Student,Berlin,1,2024,Winter,40,1,0,Q1,40
VISA-0004942,1751500800000000000,2025-08-27,Australia,Dependent,Chennai,7,2025,Summer,55,3,1,Q3,55
VISA-0004943,1760659200000000000,2025-12-20,Kenya,Work,Johannesburg,10,2025,Autumn,64,4,0,Q4,64
VISA-0004944,1638921600000000000,2022-02-17,Brazil,Student,Chennai,12,2021,Winter,71,2,1,Q4,71
VISA-0004945,1672790400000000000,2023-03-04,Brazil,Work,Chennai,1,2023,Winter,59,2,0,Q1,59
VISA-0004946,1639785600000000000,2022-02-07,Mexico,Dependent,Sydney,12,2021,Winter,51,5,1,Q4,51
VISA-0004947,1617408000000000000,2021-05-19,India,Dependent,Sydney,4,2021,Spring,46,5,0,Q2,46
VISA-0004948,1761782400000000000,2025-12-23,Pakistan,Student,New Delhi,10,2025,Autumn,54,3,0,Q4,54
VISA-0004949,1755043200000000000,2025-10-10,Mexico,Work,Johannesburg,8,2025,Summer,58,2,1,Q3,58
VISA-0004950,1756339200000000000,2025-09-17,France,Tourist,Chennai,8,2025,Summer,20,3,1,Q3,20
VISA-0004951,1748736000000000000,2025-07-20,Canada,Student,Mumbai,6,2025,Summer,49,6,1,Q2,49
VISA-0004952,1711756800000000000,2024-06-10,Bangladesh,Tourist,Sydney,3,2024,Spring,72,5,0,Q1,72
VISA-0004953,1691712000000000000,2023-10-23,Pakistan,Student,Johannesburg,8,2023,Summer,73,4,1,Q3,73
VISA-0004954,1765756800000000000,2026-03-14,Bangladesh,Work,Unknown,12,2025,Winter,89,0,1,Q4,89
VISA-0004955,1696464000000000000,2023-10-30,China,Tourist,Sydney,10,2023,Autumn,25,3,0,Q4,25
VISA-0004956,1710720000000000000,2024-04-16,Philippines,Tourist,Johannesburg,3,2024,Spring,29,0,0,Q1,29
VISA-0004957,1642809600000000000,2022-03-06,Bangladesh,Tourist,Singapore,1,2022,Winter,43,5,0,Q1,43
VISA-0004958,1727136000000000000,2024-10-21,Brazil,Tourist,Mumbai,9,2024,Autumn,27,1,0,Q3,27
VISA-0004959,1738627200000000000,2025-03-22,Australia,Business,Dubai,2,2025,Winter,46,1,0,Q1,46
VISA-0004960,1716422400000000000,2024-06-22,Pakistan,Tourist,Singapore,5,2024,Spring,30,3,0,Q2,30
VISA-0004961,1687996800000000000,2023-08-12,Nigeria,Tourist,Berlin,6,2023,Summer,44,3,1,Q2,44
VISA-0004962,1640649600000000000,2022-02-12,India,Transit,Berlin,12,2021,Winter,46,1,1,Q4,46
VISA-0004963,1614729600000000000,2021-04-13,Canada,Tourist,Paris,3,2021,Spring,41,2,0,Q1,41
VISA-0004964,1708300800000000000,2024-04-15,Philippines,Dependent,Ottawa,2,2024,Winter,56,0,0,Q1,56
VISA-0004965,1717113600000000000,2024-08-06,Nigeria,Work,New Delhi,5,2024,Spring,67,4,0,Q2,67
VISA-0004966,1731283200000000000,2024-12-11,Australia,Unknown,Unknown,11,2024,Autumn,30,0,0,Q4,30
VISA-0004967,1759276800000000000,2025-11-27,France,Work,Dubai,10,2025,Autumn,57,2,0,Q4,57
VISA-0004968,1687824000000000000,2023-07-31,Canada,Tourist,Singapore,6,2023,Summer,34,1,1,Q2,34
VISA-0004969,1740182400000000000,2025-04-13,Bangladesh,Dependent,Johannesburg,2,2025,Winter,50,5,0,Q1,50
VISA-0004970,1722384000000000000,2024-09-13,Philippines,Business,London,7,2024,Summer,44,2,1,Q3,44
VISA-0004971,1653091200000000000,2022-06-30,China,Tourist,Johannesburg,5,2022,Spring,40,5,0,Q2,40
VISA-0004972,1742688000000000000,2025-04-23,UK,Business,New Delhi,3,2025,Spring,31,6,0,Q1,31
VISA-0004973,1617840000000000000,2021-06-06,Pakistan,Student,Johannesburg,4,2021,Spring,59,3,0,Q2,59
VISA-0004974,1703808000000000000,2024-02-20,China,Dependent,Mumbai,12,2023,Winter,53,4,1,Q4,53
VISA-0004975,1757721600000000000,2025-10-28,Philippines,Business,Berlin,9,2025,Autumn,45,5,0,Q3,45
VISA-0004976,1713312000000000000,2024-05-20,Germany,Tourist,Berlin,4,2024,Spring,33,2,0,Q2,33
VISA-0004977,1757203200000000000,2025-11-25,Brazil,Dependent,Dubai,9,2025,Autumn,79,6,0,Q3,79
VISA-0004978,1618272000000000000,2021-05-28,Brazil,Transit,Johannesburg,4,2021,Spring,45,1,0,Q2,45
VISA-0004979,1693353600000000000,2023-10-21,China,Business,Dubai,8,2023,Summer,52,2,1,Q3,52
VISA-0004980,1732492800000000000,2024-12-20,Canada,Tourist,Mumbai,11,2024,Autumn,25,0,0,Q4,25
VISA-0004981,1710720000000000000,2024-04-24,Kenya,Business,Dubai,3,2024,Spring,37,0,0,Q1,37
VISA-0004982,1748217600000000000,2025-08-05,Bangladesh,Unknown,London,5,2025,Spring,71,0,0,Q2,71
VISA-0004983,1682380800000000000,2023-05-16,Canada,Tourist,Dubai,4,2023,Spring,21,1,0,Q2,21
VISA-0004984,1717027200000000000,2024-07-05,Philippines,Dependent,Ottawa,5,2024,Spring,36,3,0,Q2,36
VISA-0004985,1675641600000000000,2023-04-12,Canada,Work,New Delhi,2,2023,Winter,65,0,0,Q1,65
VISA-0004986,1746921600000000000,2025-06-21,Philippines,Dependent,Berlin,5,2025,Spring,41,6,0,Q2,41
VISA-0004987,1628208000000000000,2021-10-26,Canada,Work,New Delhi,8,2021,Summer,81,4,1,Q3,81
VISA-0004988,1649462400000000000,2022-05-24,Bangladesh,Tourist,London,4,2022,Spring,45,5,0,Q2,45
VISA-0004989,1720137600000000000,2024-08-15,Pakistan,Transit,Dubai,7,2024,Summer,41,4,1,Q3,41
VISA-0004990,1646092800000000000,2022-05-09,Bangladesh,Work,Singapore,3,2022,Spring,69,1,0,Q1,69
VISA-0004991,1659398400000000000,2022-10-02,Philippines,Student,London,8,2022,Summer,61,1,1,Q3,61
VISA-0004992,1741305600000000000,2025-04-08,Brazil,Student,London,3,2025,Spring,32,4,0,Q1,32
VISA-0004993,1666224000000000000,2022-11-25,Mexico,Tourist,London,10,2022,Autumn,36,3,0,Q4,36
VISA-0004994,1632441600000000000,2021-12-06,Mexico,Work,Dubai,9,2021,Autumn,73,4,0,Q3,73
VISA-0004995,1612742400000000000,2021-04-08,Philippines,Student,Chennai,2,2021,Winter,59,0,0,Q1,59
VISA-0004996,1645142400000000000,2022-04-03,Philippines,Dependent,Sydney,2,2022,Winter,44,4,0,Q1,44
VISA-0004997,1753660800000000000,2025-08-15,UK,Transit,Paris,7,2025,Summer,18,0,1,Q3,18
VISA-0004998,1695945600000000000,2023-11-12,India,Business,New Delhi,9,2023,Autumn,44,4,0,Q3,44
VISA-0004999,1766275200000000000,2026-01-19,Mexico,Tourist,Johannesburg,12,2025,Winter,29,6,1,Q4,29
VISA-0005000,1643328000000000000,2022-03-12,France,Business,Sydney,1,2022,Winter,43,4,0,Q1,43
VISA-0005001,1664841600000000000,2022-11-08,Australia,Tourist,Dubai,10,2022,Autumn,35,1,0,Q4,35
VISA-0005002,1635120000000000000,2021-12-25,Kenya,Business,Dubai,10,2021,Autumn,61,0,0,Q4,61
VISA-0005003,1672272000000000000,2023-02-24,Brazil,Student,Johannesburg,12,2022,Winter,57,3,1,Q4,57
VISA-0005004,1698278400000000000,2023-12-07,China,Dependent,Berlin,10,2023,Autumn,42,3,0,Q4,42
VISA-0005005,1736812800000000000,2025-03-13,Canada,Student,Singapore,1,2025,Winter,58,1,0,Q1,58
VISA-0005006,1667433600000000000,2022-12-04,China,Tourist,London,11,2022,Autumn,31,3,0,Q4,31
VISA-0005007,1731110400000000000,2024-12-05,Kenya,Transit,Chennai,11,2024,Autumn,26,5,0,Q4,26
VISA-0005008,1708128000000000000,2024-04-05,Australia,Student,Berlin,2,2024,Winter,48,5,0,Q1,48
VISA-0005009,1655424000000000000,2022-09-21,France,Dependent,Mumbai,6,2022,Summer,96,4,1,Q2,96
VISA-0005010,1753228800000000000,2025-09-12,Germany,Dependent,Mumbai,7,2025,Summer,51,2,1,Q3,51
VISA-0005011,1677888000000000000,2023-04-27,Brazil,Student,Chennai,3,2023,Spring,54,5,0,Q1,54
VISA-0005012,1633219200000000000,2021-12-06,Philippines,Student,Chennai,10,2021,Autumn,64,6,0,Q4,64
VISA-0005013,1761177600000000000,2026-01-25,France,Work,Mumbai,10,2025,Autumn,94,3,0,Q4,94
VISA-0005014,1753488000000000000,2025-09-05,France,Dependent,Paris,7,2025,Summer,41,5,1,Q3,41
VISA-0005015,1617235200000000000,2021-05-09,Pakistan,Transit,Dubai,4,2021,Spring,38,3,0,Q2,38
VISA-0005016,1751760000000000000,2025-07-31,France,Tourist,Chennai,7,2025,Summer,25,6,1,Q3,25
VISA-0005017,1758758400000000000,2025-10-28,Brazil,Business,London,9,2025,Autumn,33,3,0,Q3,33
VISA-0005018,1740182400000000000,2025-04-12,Nigeria,Tourist,Johannesburg,2,2025,Winter,49,5,0,Q1,49
VISA-0005019,1649635200000000000,2022-05-31,France,Work,Johannesburg,4,2022,Spring,50,0,0,Q2,50
VISA-0005020,1708992000000000000,2024-04-05,Nigeria,Unknown,Mumbai,2,2024,Winter,38,1,0,Q1,38
VISA-0005021,1694304000000000000,2023-10-08,Germany,Dependent,Dubai,9,2023,Autumn,28,6,0,Q3,28
VISA-0005022,1707177600000000000,2024-04-04,Philippines,Student,London,2,2024,Winter,58,1,0,Q1,58
VISA-0005023,1706659200000000000,2024-03-25,Brazil,Student,London,1,2024,Winter,54,2,0,Q1,54
VISA-0005024,1710201600000000000,2024-04-09,Mexico,Tourist,Dubai,3,2024,Spring,28,1,0,Q1,28
VISA-0005025,1690502400000000000,2023-08-28,Bangladesh,Tourist,Johannesburg,7,2023,Summer,31,4,1,Q3,31
VISA-0005026,1718323200000000000,2024-08-09,Philippines,Student,Dubai,6,2024,Summer,56,4,1,Q2,56
VISA-0005027,1692489600000000000,2023-10-13,Nigeria,Dependent,Johannesburg,8,2023,Summer,54,6,1,Q3,54
VISA-0005028,1612051200000000000,2021-03-31,Germany,Student,Singapore,1,2021,Winter,59,6,0,Q1,59
VISA-0005029,1614988800000000000,2021-04-13,India,Tourist,Paris,3,2021,Spring,38,5,0,Q1,38
VISA-0005030,1760486400000000000,2025-11-21,Unknown,Business,Paris,10,2025,Autumn,37,2,0,Q4,37
VISA-0005031,1752796800000000000,2025-08-31,Kenya,Tourist,Paris,7,2025,Summer,44,4,1,Q3,44
VISA-0005032,1701734400000000000,2024-01-17,UK,Tourist,Chennai,12,2023,Winter,43,1,1,Q4,43
VISA-0005033,1732665600000000000,2025-01-07,Pakistan,Dependent,Johannesburg,11,2024,Autumn,41,2,0,Q4,41
VISA-0005034,1632009600000000000,2021-11-08,India,Tourist,Johannesburg,9,2021,Autumn,50,6,0,Q3,50
VISA-0005035,1668902400000000000,2023-01-16,Bangladesh,Student,Dubai,11,2022,Autumn,57,6,0,Q4,57
VISA-0005036,1661385600000000000,2022-11-16,Philippines,Work,Berlin,8,2022,Summer,83,3,1,Q3,83
VISA-0005037,1611360000000000000,2021-03-10,Bangladesh,Tourist,Singapore,1,2021,Winter,46,5,0,Q1,46
VISA-0005038,1736640000000000000,2025-02-15,India,Tourist,Mumbai,1,2025,Winter,34,6,0,Q1,34
VISA-0005039,1689811200000000000,2023-09-03,Pakistan,Tourist,New Delhi,7,2023,Summer,45,3,1,Q3,45
VISA-0005040,1659312000000000000,2022-09-16,Bangladesh,Tourist,Johannesburg,8,2022,Summer,46,0,1,Q3,46
VISA-0005041,1609459200000000000,2021-02-27,Brazil,Dependent,Dubai,1,2021,Winter,57,4,0,Q1,57
VISA-0005042,1678320000000000000,2023-04-17,India,Student,Berlin,3,2023,Spring,39,3,0,Q1,39
VISA-0005043,1691366400000000000,2023-09-22,Kenya,Unknown,Sydney,8,2023,Summer,46,0,1,Q3,46
VISA-0005044,1662940800000000000,2022-10-31,UK,Student,Sydney,9,2022,Autumn,49,0,0,Q3,49
VISA-0005045,1740355200000000000,2025-03-18,Bangladesh,Transit,New Delhi,2,2025,Winter,22,0,0,Q1,22
VISA-0005046,1648771200000000000,2022-05-03,Germany,Tourist,London,4,2022,Spring,32,4,0,Q2,32
VISA-0005047,1631145600000000000,2021-11-05,UK,Dependent,New Delhi,9,2021,Autumn,57,3,0,Q3,57
VISA-0005048,1692576000000000000,2023-09-28,China,Tourist,Ottawa,8,2023,Summer,38,0,1,Q3,38
VISA-0005049,1749340800000000000,2025-07-10,Philippines,Transit,New Delhi,6,2025,Summer,32,6,1,Q2,32
VISA-0005050,1668556800000000000,2022-12-10,Australia,Tourist,Paris,11,2022,Autumn,24,2,0,Q4,24
VISA-0005051,1616803200000000000,2021-05-06,Brazil,Tourist,London,3,2021,Spring,40,5,0,Q1,40
VISA-0005052,1762387200000000000,2025-12-31,Unknown,Student,Paris,11,2025,Autumn,55,3,0,Q4,55
VISA-0005053,1679443200000000000,2023-04-29,India,Tourist,New Delhi,3,2023,Spring,38,2,0,Q1,38
VISA-0005054,1636675200000000000,2021-12-18,Brazil,Business,New Delhi,11,2021,Autumn,36,4,0,Q4,36
VISA-0005055,1706486400000000000,2024-03-29,Brazil,Work,Ottawa,1,2024,Winter,60,0,0,Q1,60
VISA-0005056,1659830400000000000,2022-11-26,Bangladesh,Work,Paris,8,2022,Summer,111,6,1,Q3,111
VISA-0005057,1757289600000000000,2025-10-13,Canada,Tourist,Paris,9,2025,Autumn,35,0,0,Q3,35
VISA-0005058,1655769600000000000,2022-08-22,Mexico,Work,Sydney,6,2022,Summer,62,1,1,Q2,62
VISA-0005059,1696118400000000000,2023-10-30,UK,Tourist,Dubai,10,2023,Autumn,29,6,0,Q4,29
VISA-0005060,1695081600000000000,2023-10-19,Mexico,Transit,Berlin,9,2023,Autumn,30,1,0,Q3,30
VISA-0005061,1647648000000000000,2022-04-28,Australia,Business,Berlin,3,2022,Spring,40,5,0,Q1,40
VISA-0005062,1688169600000000000,2023-09-08,Australia,Work,Paris,7,2023,Summer,69,5,1,Q3,69
VISA-0005063,1626652800000000000,2021-09-17,Brazil,Dependent,New Delhi,7,2021,Summer,60,0,1,Q3,60
VISA-0005064,1710892800000000000,2024-06-09,Pakistan,Work,Ottawa,3,2024,Spring,81,2,0,Q1,81
VISA-0005065,1728950400000000000,2024-11-27,Brazil,Work,Singapore,10,2024,Autumn,43,1,0,Q4,43
VISA-0005066,1759190400000000000,2025-10-26,Brazil,Tourist,Ottawa,9,2025,Autumn,26,1,0,Q3,26
VISA-0005067,1660780800000000000,2022-10-20,UK,Work,Mumbai,8,2022,Summer,63,3,1,Q3,63
VISA-0005068,1654387200000000000,2022-07-29,Brazil,Student,Berlin,6,2022,Summer,54,6,1,Q2,54
VISA-0005069,1695945600000000000,2023-10-24,Canada,Tourist,London,9,2023,Autumn,25,4,0,Q3,25
VISA-0005070,1718668800000000000,2024-07-20,Mexico,Business,Sydney,6,2024,Summer,32,1,1,Q2,32
VISA-0005071,1765929600000000000,2026-01-27,Kenya,Tourist,Sydney,12,2025,Winter,41,2,1,Q4,41
VISA-0005072,1613347200000000000,2021-05-04,Mexico,Work,Berlin,2,2021,Winter,78,0,0,Q1,78
VISA-0005073,1646956800000000000,2022-04-22,Nigeria,Tourist,Johannesburg,3,2022,Spring,42,4,0,Q1,42
VISA-0005074,1650758400000000000,2022-06-23,Bangladesh,Student,Berlin,4,2022,Spring,60,6,0,Q2,60
VISA-0005075,1649721600000000000,2022-07-14,China,Dependent,Johannesburg,4,2022,Spring,93,1,0,Q2,93
VISA-0005076,1682553600000000000,2023-06-01,Mexico,Tourist,New Delhi,4,2023,Spring,35,3,0,Q2,35
VISA-0005077,1747094400000000000,2025-07-14,Canada,Unknown,Paris,5,2025,Spring,62,1,0,Q2,62
VISA-0005078,1614297600000000000,2021-05-08,Australia,Work,Ottawa,2,2021,Winter,71,4,0,Q1,71
VISA-0005079,1738022400000000000,2025-03-23,Kenya,Dependent,Paris,1,2025,Winter,54,1,0,Q1,54
VISA-0005080,1706832000000000000,2024-02-24,Germany,Tourist,New Delhi,2,2024,Winter,22,4,0,Q1,22
VISA-0005081,1706400000000000000,2024-03-01,Mexico,Business,Sydney,1,2024,Winter,33,6,0,Q1,33
VISA-0005082,1716336000000000000,2024-07-17,Bangladesh,Student,New Delhi,5,2024,Spring,56,2,0,Q2,56
VISA-0005083,1627603200000000000,2021-09-29,UK,Student,Berlin,7,2021,Summer,61,4,1,Q3,61
VISA-0005084,1727136000000000000,2024-11-14,Australia,Student,Chennai,9,2024,Autumn,51,1,0,Q3,51
VISA-0005085,1648512000000000000,2022-05-27,Canada,Student,Mumbai,3,2022,Spring,59,1,0,Q1,59
VISA-0005086,1690848000000000000,2023-09-25,Germany,Student,New Delhi,8,2023,Summer,55,1,1,Q3,55
VISA-0005087,1716163200000000000,2024-06-19,Canada,Tourist,Chennai,5,2024,Spring,30,0,0,Q2,30
VISA-0005088,1704672000000000000,2024-03-03,Unknown,Student,Johannesburg,1,2024,Winter,55,0,0,Q1,55
VISA-0005089,1660348800000000000,2022-10-17,Australia,Work,Johannesburg,8,2022,Summer,65,5,1,Q3,65
VISA-0005090,1671840000000000000,2023-03-09,India,Student,Unknown,12,2022,Winter,75,5,1,Q4,75
VISA-0005091,1684540800000000000,2023-06-20,Canada,Tourist,Johannesburg,5,2023,Spring,31,5,0,Q2,31
VISA-0005092,1615939200000000000,2021-05-17,France,Student,Dubai,3,2021,Spring,61,2,0,Q1,61
VISA-0005093,1723939200000000000,2024-10-17,India,Student,London,8,2024,Summer,60,6,1,Q3,60
VISA-0005094,1625184000000000000,2021-09-10,UK,Work,Johannesburg,7,2021,Summer,70,4,1,Q3,70
VISA-0005095,1681689600000000000,2023-06-04,Pakistan,Dependent,Chennai,4,2023,Spring,48,0,0,Q2,48
VISA-0005096,1712707200000000000,2024-05-26,Brazil,Work,Mumbai,4,2024,Spring,46,2,0,Q2,46
VISA-0005097,1622073600000000000,2021-08-04,Australia,Work,Chennai,5,2021,Spring,69,3,0,Q2,69
VISA-0005098,1766361600000000000,2026-01-23,France,Tourist,Mumbai,12,2025,Winter,32,0,1,Q4,32
VISA-0005099,1668902400000000000,2022-12-11,Brazil,Transit,Sydney,11,2022,Autumn,21,6,0,Q4,21
VISA-0005100,1611878400000000000,2021-03-15,India,Tourist,Mumbai,1,2021,Winter,45,4,0,Q1,45
VISA-0005101,1713312000000000000,2024-06-11,China,Student,Chennai,4,2024,Spring,55,2,0,Q2,55
VISA-0005102,1697328000000000000,2023-11-14,China,Tourist,Ottawa,10,2023,Autumn,30,6,0,Q4,30
VISA-0005103,1710374400000000000,2024-04-07,Unknown,Tourist,Berlin,3,2024,Spring,24,3,0,Q1,24
VISA-0005104,1727827200000000000,2024-10-31,Bangladesh,Business,Singapore,10,2024,Autumn,29,2,0,Q4,29
VISA-0005105,1684454400000000000,2023-06-27,UK,Tourist,New Delhi,5,2023,Spring,39,4,0,Q2,39
VISA-0005106,1739750400000000000,2025-03-24,Mexico,Tourist,Dubai,2,2025,Winter,35,0,0,Q1,35
VISA-0005107,1667779200000000000,2022-12-15,France,Tourist,Mumbai,11,2022,Autumn,38,0,0,Q4,38
VISA-0005108,1695340800000000000,2023-10-19,Germany,Transit,Unknown,9,2023,Autumn,27,4,0,Q3,27
VISA-0005109,1634428800000000000,2021-12-25,Germany,Business,London,10,2021,Autumn,69,6,0,Q4,69
VISA-0005110,1707177600000000000,2024-03-17,Philippines,Dependent,Singapore,2,2024,Winter,40,1,0,Q1,40
VISA-0005111,1650672000000000000,2022-06-11,UK,Dependent,Paris,4,2022,Spring,49,5,0,Q2,49
VISA-0005112,1719273600000000000,2024-08-09,Pakistan,Dependent,London,6,2024,Summer,45,1,1,Q2,45
VISA-0005113,1735689600000000000,2025-02-16,Nigeria,Student,London,1,2025,Winter,46,2,0,Q1,46
VISA-0005114,1744848000000000000,2025-05-16,Bangladesh,Tourist,London,4,2025,Spring,29,3,0,Q2,29
VISA-0005115,1755907200000000000,2025-09-29,Brazil,Tourist,Sydney,8,2025,Summer,37,5,1,Q3,37
VISA-0005116,1628726400000000000,2021-11-13,Kenya,Tourist,Unknown,8,2021,Summer,93,3,1,Q3,93
VISA-0005117,1631145600000000000,2021-10-12,Germany,Business,Berlin,9,2021,Autumn,33,3,0,Q3,33
VISA-0005118,1755475200000000000,2025-09-24,Germany,Tourist,Sydney,8,2025,Summer,37,0,1,Q3,37
VISA-0005119,1669507200000000000,2022-12-26,Germany,Tourist,Paris,11,2022,Autumn,29,6,0,Q4,29
VISA-0005120,1613520000000000000,2021-04-22,Philippines,Unknown,Sydney,2,2021,Winter,64,2,0,Q1,64
VISA-0005121,1654646400000000000,2022-07-15,Kenya,Tourist,London,6,2022,Summer,37,2,1,Q2,37
VISA-0005122,1741305600000000000,2025-03-26,Canada,Tourist,London,3,2025,Spring,19,4,0,Q1,19
VISA-0005123,1665360000000000000,2022-11-15,Pakistan,Tourist,Paris,10,2022,Autumn,36,0,0,Q4,36
VISA-0005124,1621555200000000000,2021-07-29,India,Work,Mumbai,5,2021,Spring,69,4,0,Q2,69
VISA-0005125,1723248000000000000,2024-09-19,Brazil,Tourist,London,8,2024,Summer,40,5,1,Q3,40
VISA-0005126,1640131200000000000,2022-02-11,Bangladesh,Tourist,London,12,2021,Winter,51,2,1,Q4,51
VISA-0005127,1665014400000000000,2022-11-14,Philippines,Tourist,Berlin,10,2022,Autumn,39,3,0,Q4,39
VISA-0005128,1610064000000000000,2021-03-01,Kenya,Business,Mumbai,1,2021,Winter,52,4,0,Q1,52
VISA-0005129,1704326400000000000,2024-02-16,Bangladesh,Tourist,Ottawa,1,2024,Winter,43,3,0,Q1,43
VISA-0005130,1679616000000000000,2023-05-04,Nigeria,Tourist,Berlin,3,2023,Spring,41,4,0,Q1,41
VISA-0005131,1746144000000000000,2025-06-10,Nigeria,Dependent,Johannesburg,5,2025,Spring,39,4,0,Q2,39
VISA-0005132,1662163200000000000,2022-10-24,Bangladesh,Dependent,Ottawa,9,2022,Autumn,51,5,0,Q3,51
VISA-0005133,1641686400000000000,2022-02-13,France,Tourist,Johannesburg,1,2022,Winter,35,6,0,Q1,35
VISA-0005134,1635552000000000000,2021-12-10,Mexico,Tourist,Dubai,10,2021,Autumn,41,5,0,Q4,41
VISA-0005135,1640995200000000000,2022-02-11,Bangladesh,Tourist,Paris,1,2022,Winter,41,5,0,Q1,41
VISA-0005136,1680566400000000000,2023-06-18,Bangladesh,Business,Chennai,4,2023,Spring,75,1,0,Q2,75
VISA-0005137,1623196800000000000,2021-07-30,India,Tourist,Johannesburg,6,2021,Summer,51,2,1,Q2,51
VISA-0005138,1672876800000000000,2023-02-19,Australia,Dependent,Chennai,1,2023,Winter,45,3,0,Q1,45
VISA-0005139,1744156800000000000,2025-05-20,Pakistan,Business,Mumbai,4,2025,Spring,41,2,0,Q2,41
VISA-0005140,1730419200000000000,2025-01-12,Mexico,Work,New Delhi,11,2024,Autumn,72,4,0,Q4,72
VISA-0005141,1709856000000000000,2024-04-07,Bangladesh,Tourist,Berlin,3,2024,Spring,30,4,0,Q1,30
VISA-0005142,1750204800000000000,2025-08-04,UK,Dependent,Dubai,6,2025,Summer,47,2,1,Q2,47
VISA-0005143,1732406400000000000,2024-12-24,Australia,Business,Chennai,11,2024,Autumn,30,6,0,Q4,30
VISA-0005144,1712275200000000000,2024-05-03,India,Business,Singapore,4,2024,Spring,28,4,0,Q2,28
VISA-0005145,1745539200000000000,2025-05-15,Nigeria,Tourist,London,4,2025,Spring,20,4,0,Q2,20
VISA-0005146,1629072000000000000,2021-11-04,Canada,Work,Dubai,8,2021,Summer,80,0,1,Q3,80
VISA-0005147,1738454400000000000,2025-03-26,Bangladesh,Business,Sydney,2,2025,Winter,52,6,0,Q1,52
VISA-0005148,1656028800000000000,2022-07-20,Pakistan,Transit,Dubai,6,2022,Summer,26,4,1,Q2,26
VISA-0005149,1724976000000000000,2024-11-03,Philippines,Work,Paris,8,2024,Summer,65,4,1,Q3,65
VISA-0005150,1753401600000000000,2025-10-01,Kenya,Student,Johannesburg,7,2025,Summer,68,4,1,Q3,68
VISA-0005151,1623369600000000000,2021-08-20,Pakistan,Student,Berlin,6,2021,Summer,70,4,1,Q2,70
VISA-0005152,1667779200000000000,2023-01-04,Nigeria,Work,Singapore,11,2022,Autumn,58,0,0,Q4,58
VISA-0005153,1673568000000000000,2023-03-01,India,Dependent,Singapore,1,2023,Winter,47,4,0,Q1,47
VISA-0005154,1757116800000000000,2025-10-26,Brazil,Work,London,9,2025,Autumn,50,5,0,Q3,50
VISA-0005155,1758067200000000000,2025-10-01,Australia,Tourist,Dubai,9,2025,Autumn,14,2,0,Q3,14
VISA-0005156,1699056000000000000,2023-12-20,Philippines,Tourist,Chennai,11,2023,Autumn,46,5,0,Q4,46
VISA-0005157,1759276800000000000,2025-11-26,Australia,Work,Johannesburg,10,2025,Autumn,56,2,0,Q4,56
VISA-0005158,1678233600000000000,2023-06-24,Pakistan,Dependent,Johannesburg,3,2023,Spring,108,2,0,Q1,108
VISA-0005159,1674259200000000000,2023-03-06,Pakistan,Tourist,Singapore,1,2023,Winter,44,5,0,Q1,44
VISA-0005160,1741305600000000000,2025-04-17,Philippines,Student,Unknown,3,2025,Spring,41,4,0,Q1,41
VISA-0005161,1714608000000000000,2024-06-11,Pakistan,Dependent,Singapore,5,2024,Spring,40,3,0,Q2,40
VISA-0005162,1691798400000000000,2023-10-15,India,Student,Paris,8,2023,Summer,64,5,1,Q3,64
VISA-0005163,1681430400000000000,2023-05-17,India,Tourist,Chennai,4,2023,Spring,33,4,0,Q2,33
VISA-0005164,1720656000000000000,2024-08-24,Philippines,Student,Chennai,7,2024,Summer,44,3,1,Q3,44
VISA-0005165,1728259200000000000,2024-11-21,Bangladesh,Student,Sydney,10,2024,Autumn,45,0,0,Q4,45
VISA-0005166,1686787200000000000,2023-08-17,Pakistan,Tourist,Ottawa,6,2023,Summer,63,3,1,Q2,63
VISA-0005167,1614384000000000000,2021-05-04,Philippines,Work,Paris,2,2021,Winter,66,5,0,Q1,66
VISA-0005168,1625443200000000000,2021-09-09,Brazil,Work,Paris,7,2021,Summer,66,0,1,Q3,66
VISA-0005169,1632182400000000000,2021-11-23,UK,Unknown,Johannesburg,9,2021,Autumn,63,1,0,Q3,63
VISA-0005170,1682294400000000000,2023-06-27,Bangladesh,Work,Paris,4,2023,Spring,64,0,0,Q2,64
VISA-0005171,1706227200000000000,2024-03-06,India,Tourist,New Delhi,1,2024,Winter,40,4,0,Q1,40
VISA-0005172,1736121600000000000,2025-02-08,Philippines,Tourist,London,1,2025,Winter,33,0,0,Q1,33
VISA-0005173,1646092800000000000,2022-04-08,UK,Tourist,London,3,2022,Spring,38,1,0,Q1,38
VISA-0005174,1733443200000000000,2025-01-22,Germany,Tourist,Dubai,12,2024,Winter,47,4,1,Q4,47
VISA-0005175,1714435200000000000,2024-05-28,Brazil,Business,London,4,2024,Spring,28,1,0,Q2,28
VISA-0005176,1617580800000000000,2021-07-08,Australia,Tourist,Unknown,4,2021,Spring,94,0,0,Q2,94
VISA-0005177,1664755200000000000,2022-11-30,UK,Work,London,10,2022,Autumn,58,0,0,Q4,58
VISA-0005178,1657152000000000000,2022-08-18,Philippines,Tourist,Ottawa,7,2022,Summer,42,3,1,Q3,42
VISA-0005179,1749254400000000000,2025-07-08,Bangladesh,Tourist,Paris,6,2025,Summer,31,5,1,Q2,31
VISA-0005180,1754697600000000000,2025-09-07,Australia,Tourist,Ottawa,8,2025,Summer,29,5,1,Q3,29
VISA-0005181,1738627200000000000,2025-03-29,Mexico,Student,New Delhi,2,2025,Winter,53,1,0,Q1,53
VISA-0005182,1692662400000000000,2023-10-27,Canada,Work,London,8,2023,Summer,66,1,1,Q3,66
VISA-0005183,1687132800000000000,2023-07-25,Philippines,Business,London,6,2023,Summer,36,0,1,Q2,36
VISA-0005184,1658534400000000000,2022-09-12,China,Unknown,Dubai,7,2022,Summer,51,5,1,Q3,51
VISA-0005185,1731283200000000000,2025-01-02,France,Work,Berlin,11,2024,Autumn,52,0,0,Q4,52
VISA-0005186,1623024000000000000,2021-07-29,Kenya,Business,Dubai,6,2021,Summer,52,0,1,Q2,52
VISA-0005187,1652140800000000000,2022-06-21,Bangladesh,Tourist,Ottawa,5,2022,Spring,42,1,0,Q2,42
VISA-0005188,1630713600000000000,2021-10-07,Kenya,Tourist,Sydney,9,2021,Autumn,33,5,0,Q3,33
VISA-0005189,1687392000000000000,2023-08-03,India,Tourist,Mumbai,6,2023,Summer,42,3,1,Q2,42
VISA-0005190,1656720000000000000,2022-08-17,Bangladesh,Tourist,Mumbai,7,2022,Summer,46,5,1,Q3,46
VISA-0005191,1640563200000000000,2022-02-21,Philippines,Dependent,Dubai,12,2021,Winter,56,0,1,Q4,56
VISA-0005192,1668729600000000000,2023-01-13,Mexico,Student,Singapore,11,2022,Autumn,56,4,0,Q4,56
VISA-0005193,1745193600000000000,2025-05-31,Brazil,Student,Sydney,4,2025,Spring,40,0,0,Q2,40
VISA-0005194,1697414400000000000,2023-11-28,Pakistan,Business,New Delhi,10,2023,Autumn,43,0,0,Q4,43
VISA-0005195,1739232000000000000,2025-04-14,Bangladesh,Student,Johannesburg,2,2025,Winter,62,1,0,Q1,62
VISA-0005196,1753488000000000000,2025-09-20,Canada,Work,London,7,2025,Summer,56,5,1,Q3,56
VISA-0005197,1751673600000000000,2025-08-02,Bangladesh,Tourist,Paris,7,2025,Summer,28,5,1,Q3,28
VISA-0005198,1664755200000000000,2022-11-17,Australia,Student,Singapore,10,2022,Autumn,45,0,0,Q4,45
VISA-0005199,1747785600000000000,2025-06-19,India,Tourist,Johannesburg,5,2025,Spring,29,2,0,Q2,29
VISA-0005200,1752796800000000000,2025-08-09,Australia,Tourist,Unknown,7,2025,Summer,22,4,1,Q3,22
VISA-0005201,1760745600000000000,2025-11-23,Bangladesh,Tourist,Chennai,10,2025,Autumn,36,5,0,Q4,36
VISA-0005202,1664755200000000000,2022-11-13,Brazil,Business,Berlin,10,2022,Autumn,41,0,0,Q4,41
VISA-0005203,1645401600000000000,2022-04-24,Germany,Work,Paris,2,2022,Winter,62,0,0,Q1,62
VISA-0005204,1701561600000000000,2023-12-31,Bangladesh,Business,Singapore,12,2023,Winter,28,6,1,Q4,28
VISA-0005205,1756339200000000000,2025-10-06,Germany,Tourist,Dubai,8,2025,Summer,39,3,1,Q3,39
VISA-0005206,1751414400000000000,2025-07-20,China,Transit,Mumbai,7,2025,Summer,18,2,1,Q3,18
VISA-0005207,1699488000000000000,2023-12-18,India,Tourist,Berlin,11,2023,Autumn,39,3,0,Q4,39
VISA-0005208,1632960000000000000,2021-11-16,Bangladesh,Business,Berlin,9,2021,Autumn,47,3,0,Q3,47
VISA-0005209,1676073600000000000,2023-03-22,Brazil,Business,Sydney,2,2023,Winter,39,5,0,Q1,39
VISA-0005210,1722038400000000000,2024-09-29,Mexico,Work,Berlin,7,2024,Summer,64,5,1,Q3,64
VISA-0005211,1697760000000000000,2023-12-16,Nigeria,Student,Chennai,10,2023,Autumn,57,4,0,Q4,57
VISA-0005212,1663891200000000000,2022-11-02,Germany,Business,Paris,9,2022,Autumn,40,4,0,Q3,40
VISA-0005213,1663459200000000000,2022-11-28,Canada,Business,New Delhi,9,2022,Autumn,71,6,0,Q3,71
VISA-0005214,1618876800000000000,2021-05-29,Kenya,Tourist,Singapore,4,2021,Spring,39,1,0,Q2,39
VISA-0005215,1654905600000000000,2022-07-18,Nigeria,Business,Singapore,6,2022,Summer,37,5,1,Q2,37
VISA-0005216,1714953600000000000,2024-06-01,Canada,Tourist,Berlin,5,2024,Spring,26,0,0,Q2,26
VISA-0005217,1647475200000000000,2022-05-10,India,Student,Paris,3,2022,Spring,54,3,0,Q1,54
VISA-0005218,1766016000000000000,2026-02-25,Australia,Work,Johannesburg,12,2025,Winter,69,3,1,Q4,69
VISA-0005219,1622419200000000000,2021-07-13,China,Business,Mumbai,5,2021,Spring,43,0,0,Q2,43
VISA-0005220,1702252800000000000,2024-02-04,Nigeria,Student,Sydney,12,2023,Winter,55,0,1,Q4,55
VISA-0005221,1687737600000000000,2023-08-07,UK,Tourist,Berlin,6,2023,Summer,42,0,1,Q2,42
VISA-0005222,1740787200000000000,2025-04-15,Pakistan,Student,Johannesburg,3,2025,Spring,45,5,0,Q1,45
VISA-0005223,1749427200000000000,2025-07-14,Mexico,Tourist,Paris,6,2025,Summer,35,0,1,Q2,35
VISA-0005224,1695081600000000000,2023-11-11,China,Unknown,Dubai,9,2023,Autumn,53,1,0,Q3,53
VISA-0005225,1708819200000000000,2024-05-27,UK,Student,Dubai,2,2024,Winter,92,6,0,Q1,92
VISA-0005226,1719619200000000000,2024-08-05,Philippines,Business,Mumbai,6,2024,Summer,37,5,1,Q2,37
VISA-0005227,1691539200000000000,2023-09-24,India,Tourist,London,8,2023,Summer,46,2,1,Q3,46
VISA-0005228,1638576000000000000,2022-02-05,Canada,Tourist,Ottawa,12,2021,Winter,63,5,1,Q4,63
VISA-0005229,1677024000000000000,2023-04-11,Pakistan,Student,Singapore,2,2023,Winter,48,2,0,Q1,48
VISA-0005230,1647475200000000000,2022-04-22,Canada,Tourist,Singapore,3,2022,Spring,36,3,0,Q1,36
VISA-0005231,1682640000000000000,2023-05-23,Nigeria,Tourist,Berlin,4,2023,Spring,25,4,0,Q2,25
VISA-0005232,1706400000000000000,2024-03-18,China,Unknown,Mumbai,1,2024,Winter,50,6,0,Q1,50
VISA-0005233,1642377600000000000,2022-03-06,France,Student,Berlin,1,2022,Winter,48,0,0,Q1,48
VISA-0005234,1648771200000000000,2022-04-29,Bangladesh,Tourist,Sydney,4,2022,Spring,28,4,0,Q2,28
VISA-0005235,1739145600000000000,2025-04-12,Germany,Work,Berlin,2,2025,Winter,61,0,0,Q1,61
VISA-0005236,1668988800000000000,2023-01-05,India,Dependent,Ottawa,11,2022,Autumn,45,0,0,Q4,45
VISA-0005237,1640736000000000000,2022-04-24,Nigeria,Student,Berlin,12,2021,Winter,116,2,1,Q4,116
VISA-0005238,1721865600000000000,2024-08-24,Mexico,Tourist,Chennai,7,2024,Summer,30,3,1,Q3,30
VISA-0005239,1722384000000000000,2024-09-08,Bangladesh,Tourist,Mumbai,7,2024,Summer,39,2,1,Q3,39
VISA-0005240,1739664000000000000,2025-03-20,France,Tourist,Chennai,2,2025,Winter,32,6,0,Q1,32
VISA-0005241,1729209600000000000,2024-12-17,Mexico,Work,Johannesburg,10,2024,Autumn,60,4,0,Q4,60
VISA-0005242,1765843200000000000,2026-02-24,Germany,Work,New Delhi,12,2025,Winter,70,1,1,Q4,70
VISA-0005243,1700092800000000000,2023-12-20,Bangladesh,Tourist,London,11,2023,Autumn,34,3,0,Q4,34
VISA-0005244,1654646400000000000,2022-07-06,France,Tourist,London,6,2022,Summer,28,2,1,Q2,28
VISA-0005245,1745452800000000000,2025-05-25,China,Tourist,Singapore,4,2025,Spring,31,3,0,Q2,31
VISA-0005246,1651190400000000000,2022-06-01,Kenya,Tourist,London,4,2022,Spring,33,4,0,Q2,33
VISA-0005247,1655337600000000000,2022-07-21,Philippines,Transit,Singapore,6,2022,Summer,35,3,1,Q2,35
VISA-0005248,1740096000000000000,2025-04-16,Mexico,Tourist,Johannesburg,2,2025,Winter,54,4,0,Q1,54
VISA-0005249,1748390400000000000,2025-06-16,Canada,Tourist,Berlin,5,2025,Spring,19,2,0,Q2,19
VISA-0005250,1662940800000000000,2022-11-18,Kenya,Student,London,9,2022,Autumn,67,0,0,Q3,67
VISA-0005251,1724457600000000000,2024-10-02,Australia,Tourist,Dubai,8,2024,Summer,39,5,1,Q3,39
VISA-0005252,1754870400000000000,2025-09-24,China,Tourist,Berlin,8,2025,Summer,44,0,1,Q3,44
VISA-0005253,1735344000000000000,2025-02-20,Philippines,Student,Mumbai,12,2024,Winter,54,5,1,Q4,54
VISA-0005254,1610236800000000000,2021-02-13,Germany,Tourist,Singapore,1,2021,Winter,34,6,0,Q1,34
VISA-0005255,1714176000000000000,2024-05-10,Bangladesh,Tourist,Ottawa,4,2024,Spring,13,5,0,Q2,13
VISA-0005256,1636243200000000000,2022-01-03,Canada,Work,Singapore,11,2021,Autumn,57,6,0,Q4,57
VISA-0005257,1742860800000000000,2025-05-11,Nigeria,Student,Dubai,3,2025,Spring,47,1,0,Q1,47
VISA-0005258,1620000000000000000,2021-06-10,Nigeria,Tourist,Singapore,5,2021,Spring,38,0,0,Q2,38
VISA-0005259,1766016000000000000,2026-02-11,Brazil,Dependent,New Delhi,12,2025,Winter,55,3,1,Q4,55
VISA-0005260,1637366400000000000,2022-01-03,Kenya,Tourist,New Delhi,11,2021,Autumn,44,5,0,Q4,44
VISA-0005261,1675641600000000000,2023-02-15,Canada,Transit,Mumbai,2,2023,Winter,9,0,0,Q1,9
VISA-0005262,1646352000000000000,2022-04-12,UK,Dependent,Singapore,3,2022,Spring,39,4,0,Q1,39
VISA-0005263,1737763200000000000,2025-03-13,Australia,Student,Johannesburg,1,2025,Winter,47,5,0,Q1,47
VISA-0005264,1671494400000000000,2023-01-23,France,Tourist,Johannesburg,12,2022,Winter,34,1,1,Q4,34
VISA-0005265,1726790400000000000,2024-10-26,France,Dependent,London,9,2024,Autumn,36,4,0,Q3,36
VISA-0005266,1620000000000000000,2021-06-26,Canada,Student,Chennai,5,2021,Spring,54,0,0,Q2,54
VISA-0005267,1680825600000000000,2023-05-09,China,Tourist,London,4,2023,Spring,32,4,0,Q2,32
VISA-0005268,1753056000000000000,2025-09-06,Germany,Work,Paris,7,2025,Summer,47,0,1,Q3,47
VISA-0005269,1755561600000000000,2025-10-13,Germany,Student,Chennai,8,2025,Summer,55,1,1,Q3,55
VISA-0005270,1642291200000000000,2022-03-16,Germany,Dependent,Dubai,1,2022,Winter,59,6,0,Q1,59
VISA-0005271,1671580800000000000,2023-02-09,Nigeria,Business,Berlin,12,2022,Winter,50,2,1,Q4,50
VISA-0005272,1673913600000000000,2023-03-11,Pakistan,Dependent,London,1,2023,Winter,53,1,0,Q1,53
VISA-0005273,1698537600000000000,2023-12-06,India,Business,Sydney,10,2023,Autumn,38,6,0,Q4,38
VISA-0005274,1694131200000000000,2023-11-12,Brazil,Work,Berlin,9,2023,Autumn,65,4,0,Q3,65
VISA-0005275,1626134400000000000,2021-09-19,Pakistan,Student,Paris,7,2021,Summer,68,1,1,Q3,68
VISA-0005276,1729641600000000000,2024-11-10,China,Transit,Chennai,10,2024,Autumn,18,2,0,Q4,18
VISA-0005277,1645056000000000000,2022-03-23,China,Transit,Sydney,2,2022,Winter,34,3,0,Q1,34
VISA-0005278,1659052800000000000,2022-09-19,India,Dependent,Mumbai,7,2022,Summer,52,4,1,Q3,52
VISA-0005279,1741996800000000000,2025-04-14,Canada,Business,New Delhi,3,2025,Spring,30,5,0,Q1,30
VISA-0005280,1718150400000000000,2024-08-19,Kenya,Work,Berlin,6,2024,Summer,68,2,1,Q2,68
VISA-0005281,1671926400000000000,2023-02-05,UK,Tourist,Sydney,12,2022,Winter,42,6,1,Q4,42
VISA-0005282,1753315200000000000,2025-10-02,Kenya,Dependent,Chennai,7,2025,Summer,70,3,1,Q3,70
VISA-0005283,1671580800000000000,2023-02-11,Mexico,Tourist,New Delhi,12,2022,Winter,52,2,1,Q4,52
VISA-0005284,1698624000000000000,2023-11-26,Bangladesh,Tourist,Johannesburg,10,2023,Autumn,27,0,0,Q4,27
VISA-0005285,1648166400000000000,2022-05-06,Australia,Student,Singapore,3,2022,Spring,42,4,0,Q1,42
VISA-0005286,1638316800000000000,2022-02-09,Brazil,Work,Johannesburg,12,2021,Winter,70,2,1,Q4,70
VISA-0005287,1686960000000000000,2023-09-02,UK,Work,Mumbai,6,2023,Summer,77,5,1,Q2,77
VISA-0005288,1698192000000000000,2023-12-11,UK,Tourist,New Delhi,10,2023,Autumn,47,2,0,Q4,47
VISA-0005289,1736467200000000000,2025-02-09,France,Unknown,Chennai,1,2025,Winter,30,4,0,Q1,30
VISA-0005290,1671062400000000000,2023-02-01,Kenya,Tourist,Mumbai,12,2022,Winter,48,3,1,Q4,48
VISA-0005291,1750550400000000000,2025-07-31,Bangladesh,Tourist,Sydney,6,2025,Summer,39,6,1,Q2,39
VISA-0005292,1705190400000000000,2024-02-21,Bangladesh,Tourist,Berlin,1,2024,Winter,38,6,0,Q1,38
VISA-0005293,1620432000000000000,2021-07-07,Australia,Work,Chennai,5,2021,Spring,60,5,0,Q2,60
VISA-0005294,1725926400000000000,2024-10-10,UK,Tourist,Ottawa,9,2024,Autumn,30,1,0,Q3,30
VISA-0005295,1700092800000000000,2024-01-04,Unknown,Student,Sydney,11,2023,Autumn,49,3,0,Q4,49
VISA-0005296,1670803200000000000,2023-01-29,Bangladesh,Tourist,London,12,2022,Winter,48,0,1,Q4,48
VISA-0005297,1683072000000000000,2023-06-25,Pakistan,Student,Sydney,5,2023,Spring,53,2,0,Q2,53
VISA-0005298,1656979200000000000,2022-09-01,Unknown,Dependent,Dubai,7,2022,Summer,58,1,1,Q3,58
VISA-0005299,1706313600000000000,2024-03-02,Pakistan,Tourist,Johannesburg,1,2024,Winter,35,5,0,Q1,35
VISA-0005300,1698796800000000000,2023-12-17,Bangladesh,Tourist,London,11,2023,Autumn,46,2,0,Q4,46
VISA-0005301,1679961600000000000,2023-05-28,Australia,Work,New Delhi,3,2023,Spring,61,1,0,Q1,61
VISA-0005302,1654387200000000000,2022-07-19,Bangladesh,Tourist,Singapore,6,2022,Summer,44,6,1,Q2,44
VISA-0005303,1672272000000000000,2023-02-15,Canada,Business,Dubai,12,2022,Winter,48,3,1,Q4,48
VISA-0005304,1687910400000000000,2023-07-22,Kenya,Transit,Sydney,6,2023,Summer,24,2,1,Q2,24
VISA-0005305,1683849600000000000,2023-07-20,Bangladesh,Work,Berlin,5,2023,Spring,69,4,0,Q2,69
VISA-0005306,1658188800000000000,2022-08-06,Brazil,Transit,Johannesburg,7,2022,Summer,18,1,1,Q3,18
VISA-0005307,1701216000000000000,2024-01-19,Germany,Student,Mumbai,11,2023,Autumn,51,2,0,Q4,51
VISA-0005308,1645142400000000000,2022-04-15,Nigeria,Student,Singapore,2,2022,Winter,56,4,0,Q1,56
VISA-0005309,1688428800000000000,2023-08-15,Nigeria,Tourist,Berlin,7,2023,Summer,42,1,1,Q3,42
VISA-0005310,1628553600000000000,2021-09-19,France,Tourist,Dubai,8,2021,Summer,40,1,1,Q3,40
VISA-0005311,1683849600000000000,2023-06-07,Australia,Tourist,Unknown,5,2023,Spring,26,4,0,Q2,26
VISA-0005312,1733011200000000000,2025-02-05,Pakistan,Student,London,12,2024,Winter,66,6,1,Q4,66
VISA-0005313,1738368000000000000,2025-03-29,Nigeria,Student,Paris,2,2025,Winter,56,5,0,Q1,56
VISA-0005314,1718928000000000000,2024-07-25,Australia,Tourist,Dubai,6,2024,Summer,34,4,1,Q2,34
VISA-0005315,1726963200000000000,2024-11-09,Canada,Work,Johannesburg,9,2024,Autumn,48,6,0,Q3,48
VISA-0005316,1619827200000000000,2021-05-25,Germany,Tourist,Sydney,5,2021,Spring,24,5,0,Q2,24
VISA-0005317,1663286400000000000,2022-10-17,Bangladesh,Tourist,Berlin,9,2022,Autumn,31,4,0,Q3,31
VISA-0005318,1712620800000000000,2024-05-09,France,Tourist,Sydney,4,2024,Spring,30,1,0,Q2,30
VISA-0005319,1735689600000000000,2025-03-13,Nigeria,Work,Ottawa,1,2025,Winter,71,2,0,Q1,71
VISA-0005320,1701302400000000000,2024-01-09,France,Student,Ottawa,11,2023,Autumn,40,3,0,Q4,40
VISA-0005321,1743984000000000000,2025-05-08,India,Business,Unknown,4,2025,Spring,31,0,0,Q2,31
VISA-0005322,1652486400000000000,2022-06-07,Germany,Tourist,Singapore,5,2022,Spring,24,5,0,Q2,24
VISA-0005323,1633651200000000000,2021-11-26,India,Student,Chennai,10,2021,Autumn,49,4,0,Q4,49
VISA-0005324,1623024000000000000,2021-07-03,Bangladesh,Transit,Singapore,6,2021,Summer,26,0,1,Q2,26
VISA-0005325,1701302400000000000,2023-12-24,Canada,Tourist,Dubai,11,2023,Autumn,24,3,0,Q4,24
VISA-0005326,1714262400000000000,2024-06-19,Kenya,Student,Mumbai,4,2024,Spring,52,6,0,Q2,52
VISA-0005327,1654387200000000000,2022-07-09,Germany,Tourist,Paris,6,2022,Summer,34,6,1,Q2,34
VISA-0005328,1733011200000000000,2025-01-01,China,Tourist,Mumbai,12,2024,Winter,31,6,1,Q4,31
VISA-0005329,1725926400000000000,2024-10-19,Australia,Student,Singapore,9,2024,Autumn,39,1,0,Q3,39
VISA-0005330,1666224000000000000,2022-11-21,Mexico,Tourist,Ottawa,10,2022,Autumn,32,3,0,Q4,32
VISA-0005331,1647043200000000000,2022-05-11,Pakistan,Student,Johannesburg,3,2022,Spring,60,5,0,Q1,60
VISA-0005332,1726444800000000000,2024-10-27,China,Dependent,Sydney,9,2024,Autumn,41,0,0,Q3,41
VISA-0005333,1715299200000000000,2024-06-12,China,Tourist,New Delhi,5,2024,Spring,33,4,0,Q2,33
VISA-0005334,1636329600000000000,2021-12-04,Mexico,Tourist,Paris,11,2021,Autumn,26,0,0,Q4,26
VISA-0005335,1649635200000000000,2022-05-23,Pakistan,Business,Berlin,4,2022,Spring,42,0,0,Q2,42
VISA-0005336,1686009600000000000,2023-08-08,Pakistan,Student,London,6,2023,Summer,63,1,1,Q2,63
VISA-0005337,1689984000000000000,2023-09-04,France,Dependent,Chennai,7,2023,Summer,44,5,1,Q3,44
VISA-0005338,1635552000000000000,2021-12-03,Canada,Tourist,Singapore,10,2021,Autumn,34,5,0,Q4,34
VISA-0005339,1759017600000000000,2025-11-25,Germany,Work,Unknown,9,2025,Autumn,58,6,0,Q3,58
VISA-0005340,1670716800000000000,2023-02-11,India,Dependent,London,12,2022,Winter,62,6,1,Q4,62
VISA-0005341,1669507200000000000,2022-12-27,Brazil,Tourist,Berlin,11,2022,Autumn,30,6,0,Q4,30
VISA-0005342,1618963200000000000,2021-06-04,Canada,Business,Chennai,4,2021,Spring,44,2,0,Q2,44
VISA-0005343,1747526400000000000,2025-07-21,China,Work,Mumbai,5,2025,Spring,64,6,0,Q2,64
VISA-0005344,1646524800000000000,2022-06-22,Bangladesh,Business,Berlin,3,2022,Spring,108,6,0,Q1,108
VISA-0005345,1765065600000000000,2026-01-09,Australia,Tourist,Singapore,12,2025,Winter,33,6,1,Q4,33
VISA-0005346,1687651200000000000,2023-08-21,UK,Student,Unknown,6,2023,Summer,57,6,1,Q2,57
VISA-0005347,1747353600000000000,2025-06-09,France,Tourist,Sydney,5,2025,Spring,24,4,0,Q2,24
VISA-0005348,1637625600000000000,2021-12-30,Bangladesh,Transit,Mumbai,11,2021,Autumn,37,1,0,Q4,37
VISA-0005349,1635552000000000000,2021-12-14,India,Tourist,Sydney,10,2021,Autumn,45,5,0,Q4,45
VISA-0005350,1735776000000000000,2025-02-04,Brazil,Tourist,Berlin,1,2025,Winter,33,3,0,Q1,33
VISA-0005351,1738627200000000000,2025-03-11,France,Dependent,Johannesburg,2,2025,Winter,35,1,0,Q1,35
VISA-0005352,1695081600000000000,2023-10-26,India,Tourist,Mumbai,9,2023,Autumn,37,1,0,Q3,37
VISA-0005353,1614470400000000000,2021-05-11,China,Work,Berlin,2,2021,Winter,72,6,0,Q1,72
VISA-0005354,1758240000000000000,2025-10-12,France,Tourist,Sydney,9,2025,Autumn,23,4,0,Q3,23
VISA-0005355,1671408000000000000,2023-02-28,India,Work,Dubai,12,2022,Winter,71,0,1,Q4,71
VISA-0005356,1757030400000000000,2025-10-02,Kenya,Tourist,Mumbai,9,2025,Autumn,27,4,0,Q3,27
VISA-0005357,1746748800000000000,2025-06-30,Germany,Student,New Delhi,5,2025,Spring,52,4,0,Q2,52
VISA-0005358,1743638400000000000,2025-05-24,UK,Student,Dubai,4,2025,Spring,51,3,0,Q2,51
VISA-0005359,1717977600000000000,2024-07-23,Pakistan,Tourist,Chennai,6,2024,Summer,43,0,1,Q2,43
VISA-0005360,1715558400000000000,2024-06-24,China,Tourist,Dubai,5,2024,Spring,42,0,0,Q2,42
VISA-0005361,1693440000000000000,2023-10-24,Nigeria,Tourist,New Delhi,8,2023,Summer,54,3,1,Q3,54
VISA-0005362,1613347200000000000,2021-04-23,France,Work,Paris,2,2021,Winter,67,0,0,Q1,67
VISA-0005363,1670544000000000000,2023-01-21,Australia,Tourist,London,12,2022,Winter,43,4,1,Q4,43
VISA-0005364,1724630400000000000,2024-09-26,Philippines,Tourist,Ottawa,8,2024,Summer,31,0,1,Q3,31
VISA-0005365,1737504000000000000,2025-02-27,France,Tourist,London,1,2025,Winter,36,2,0,Q1,36
VISA-0005366,1697673600000000000,2023-11-26,Germany,Student,Ottawa,10,2023,Autumn,38,3,0,Q4,38
VISA-0005367,1721260800000000000,2024-09-10,India,Work,Sydney,7,2024,Summer,54,3,1,Q3,54
VISA-0005368,1612828800000000000,2021-04-05,Bangladesh,Student,Berlin,2,2021,Winter,55,1,0,Q1,55
VISA-0005369,1683244800000000000,2023-06-22,Bangladesh,Dependent,Berlin,5,2023,Spring,48,4,0,Q2,48
VISA-0005370,1689465600000000000,2023-09-29,Pakistan,Work,Johannesburg,7,2023,Summer,75,6,1,Q3,75
VISA-0005371,1750118400000000000,2025-07-24,Germany,Dependent,Mumbai,6,2025,Summer,37,1,1,Q2,37
VISA-0005372,1658448000000000000,2022-09-02,Australia,Business,Singapore,7,2022,Summer,42,4,1,Q3,42
VISA-0005373,1645660800000000000,2022-04-13,Pakistan,Tourist,Dubai,2,2022,Winter,48,3,0,Q1,48
VISA-0005374,1665014400000000000,2022-10-16,Brazil,Transit,London,10,2022,Autumn,10,3,0,Q4,10
VISA-0005375,1636243200000000000,2021-12-24,Kenya,Business,Johannesburg,11,2021,Autumn,47,6,0,Q4,47
VISA-0005376,1697500800000000000,2023-12-18,Kenya,Work,Berlin,10,2023,Autumn,62,1,0,Q4,62
VISA-0005377,1710806400000000000,2024-04-17,UK,Tourist,Chennai,3,2024,Spring,29,1,0,Q1,29
VISA-0005378,1735776000000000000,2025-02-18,Bangladesh,Tourist,Mumbai,1,2025,Winter,47,3,0,Q1,47
VISA-0005379,1762646400000000000,2026-01-09,China,Work,Berlin,11,2025,Autumn,61,6,0,Q4,61
VISA-0005380,1621036800000000000,2021-07-08,Nigeria,Student,Paris,5,2021,Spring,54,5,0,Q2,54
VISA-0005381,1648425600000000000,2022-05-24,Canada,Work,New Delhi,3,2022,Spring,57,0,0,Q1,57
VISA-0005382,1656806400000000000,2022-09-23,Pakistan,Student,Dubai,7,2022,Summer,82,6,1,Q3,82
VISA-0005383,1648771200000000000,2022-05-17,France,Student,Sydney,4,2022,Spring,46,4,0,Q2,46
VISA-0005384,1739836800000000000,2025-04-01,Mexico,Tourist,Johannesburg,2,2025,Winter,42,1,0,Q1,42
VISA-0005385,1631404800000000000,2021-10-15,Kenya,Tourist,Paris,9,2021,Autumn,33,6,0,Q3,33
VISA-0005386,1614124800000000000,2021-04-01,China,Tourist,Johannesburg,2,2021,Winter,36,2,0,Q1,36
VISA-0005387,1745107200000000000,2025-05-26,China,Business,New Delhi,4,2025,Spring,36,6,0,Q2,36
VISA-0005388,1761004800000000000,2025-12-08,Kenya,Work,Paris,10,2025,Autumn,48,1,0,Q4,48
VISA-0005389,1645142400000000000,2022-04-14,China,Dependent,London,2,2022,Winter,55,4,0,Q1,55
VISA-0005390,1661904000000000000,2022-10-25,Germany,Business,Dubai,8,2022,Summer,55,2,1,Q3,55
VISA-0005391,1688774400000000000,2023-08-21,Germany,Business,Singapore,7,2023,Summer,44,5,1,Q3,44
VISA-0005392,1692316800000000000,2023-10-09,Brazil,Student,Singapore,8,2023,Summer,52,4,1,Q3,52
VISA-0005393,1765670400000000000,2026-01-21,India,Business,Chennai,12,2025,Winter,38,6,1,Q4,38
VISA-0005394,1673136000000000000,2023-03-02,Brazil,Dependent,Chennai,1,2023,Winter,53,6,0,Q1,53
VISA-0005395,1611360000000000000,2021-03-09,India,Business,Berlin,1,2021,Winter,45,5,0,Q1,45
VISA-0005396,1676073600000000000,2023-03-15,UK,Tourist,Singapore,2,2023,Winter,32,5,0,Q1,32
VISA-0005397,1697155200000000000,2023-12-02,Australia,Work,Dubai,10,2023,Autumn,50,4,0,Q4,50
VISA-0005398,1690934400000000000,2023-09-06,Kenya,Tourist,New Delhi,8,2023,Summer,35,2,1,Q3,35
VISA-0005399,1690156800000000000,2023-08-22,France,Tourist,Mumbai,7,2023,Summer,29,0,1,Q3,29
VISA-0005400,1754870400000000000,2025-10-08,Germany,Work,Paris,8,2025,Summer,58,0,1,Q3,58
VISA-0005401,1736726400000000000,2025-03-04,Australia,Dependent,Paris,1,2025,Winter,50,0,0,Q1,50
VISA-0005402,1649116800000000000,2022-04-26,Germany,Tourist,Singapore,4,2022,Spring,21,1,0,Q2,21
VISA-0005403,1665446400000000000,2022-11-08,Unknown,Tourist,Sydney,10,2022,Autumn,28,1,0,Q4,28
VISA-0005404,1714694400000000000,2024-06-09,Kenya,Dependent,Ottawa,5,2024,Spring,37,4,0,Q2,37
VISA-0005405,1674086400000000000,2023-02-22,Brazil,Tourist,Mumbai,1,2023,Winter,34,3,0,Q1,34
VISA-0005406,1676937600000000000,2023-04-10,Nigeria,Tourist,Paris,2,2023,Winter,48,1,0,Q1,48
VISA-0005407,1635897600000000000,2021-12-10,Australia,Business,Johannesburg,11,2021,Autumn,37,2,0,Q4,37
VISA-0005408,1649548800000000000,2022-06-05,Brazil,Dependent,New Delhi,4,2022,Spring,56,6,0,Q2,56
VISA-0005409,1726185600000000000,2024-10-25,Brazil,Student,Sydney,9,2024,Autumn,42,4,0,Q3,42
VISA-0005410,1742342400000000000,2025-04-30,Canada,Student,London,3,2025,Spring,42,2,0,Q1,42
VISA-0005411,1733184000000000000,2025-01-02,Mexico,Tourist,Paris,12,2024,Winter,30,1,1,Q4,30
VISA-0005412,1630972800000000000,2021-10-30,Bangladesh,Tourist,Paris,9,2021,Autumn,53,1,0,Q3,53
VISA-0005413,1634601600000000000,2021-11-22,Australia,Business,Chennai,10,2021,Autumn,34,1,0,Q4,34
VISA-0005414,1671494400000000000,2023-02-23,China,Dependent,Johannesburg,12,2022,Winter,65,1,1,Q4,65
VISA-0005415,1691020800000000000,2023-08-30,UK,Tourist,Mumbai,8,2023,Summer,27,3,1,Q3,27
VISA-0005416,1750204800000000000,2025-07-19,Germany,Tourist,Paris,6,2025,Summer,31,2,1,Q2,31
VISA-0005417,1751155200000000000,2025-07-20,Australia,Tourist,Paris,6,2025,Summer,21,6,1,Q2,21
VISA-0005418,1609804800000000000,2021-02-16,Germany,Tourist,Mumbai,1,2021,Winter,42,1,0,Q1,42
VISA-0005419,1721001600000000000,2024-08-16,Canada,Tourist,Berlin,7,2024,Summer,32,0,1,Q3,32
VISA-0005420,1656547200000000000,2022-08-13,Philippines,Tourist,Chennai,6,2022,Summer,44,3,1,Q2,44
VISA-0005421,1640563200000000000,2022-02-25,Kenya,Business,London,12,2021,Winter,60,0,1,Q4,60
VISA-0005422,1696896000000000000,2023-11-12,Australia,Tourist,New Delhi,10,2023,Autumn,33,1,0,Q4,33
VISA-0005423,1614729600000000000,2021-05-09,Bangladesh,Work,Paris,3,2021,Spring,67,2,0,Q1,67
VISA-0005424,1662076800000000000,2022-10-21,Kenya,Student,Paris,9,2022,Autumn,49,4,0,Q3,49
VISA-0005425,1696464000000000000,2023-11-07,UK,Dependent,Sydney,10,2023,Autumn,33,3,0,Q4,33
VISA-0005426,1652313600000000000,2022-06-03,India,Transit,Paris,5,2022,Spring,22,3,0,Q2,22
VISA-0005427,1702944000000000000,2024-03-15,Australia,Student,London,12,2023,Winter,87,1,1,Q4,87
VISA-0005428,1681948800000000000,2023-05-21,Canada,Tourist,Dubai,4,2023,Spring,31,3,0,Q2,31
VISA-0005429,1735430400000000000,2025-02-08,Nigeria,Business,Paris,12,2024,Winter,41,6,1,Q4,41
VISA-0005430,1638057600000000000,2022-01-08,Mexico,Tourist,Ottawa,11,2021,Autumn,41,6,0,Q4,41
VISA-0005431,1618444800000000000,2021-05-18,Germany,Tourist,Dubai,4,2021,Spring,33,3,0,Q2,33
VISA-0005432,1692921600000000000,2023-10-08,India,Tourist,Mumbai,8,2023,Summer,44,4,1,Q3,44
VISA-0005433,1649894400000000000,2022-05-19,Bangladesh,Dependent,Sydney,4,2022,Spring,35,3,0,Q2,35
VISA-0005434,1720828800000000000,2024-08-07,Australia,Tourist,Singapore,7,2024,Summer,25,5,1,Q3,25
VISA-0005435,1624147200000000000,2021-08-28,France,Student,Paris,6,2021,Summer,69,6,1,Q2,69
VISA-0005436,1700092800000000000,2023-12-27,Brazil,Student,London,11,2023,Autumn,41,3,0,Q4,41
VISA-0005437,1765497600000000000,2026-02-22,Australia,Work,Sydney,12,2025,Winter,72,4,1,Q4,72
VISA-0005438,1624060800000000000,2021-08-03,Nigeria,Tourist,Dubai,6,2021,Summer,45,5,1,Q2,45
VISA-0005439,1656979200000000000,2022-08-25,UK,Dependent,Johannesburg,7,2022,Summer,51,1,1,Q3,51
VISA-0005440,1742601600000000000,2025-04-19,Pakistan,Business,Singapore,3,2025,Spring,28,5,0,Q1,28
VISA-0005441,1693526400000000000,2023-10-14,India,Unknown,Paris,9,2023,Autumn,43,4,0,Q3,43
VISA-0005442,1637020800000000000,2022-01-09,India,Student,Paris,11,2021,Autumn,54,1,0,Q4,54
VISA-0005443,1642982400000000000,2022-02-25,Canada,Business,London,1,2022,Winter,32,0,0,Q1,32
VISA-0005444,1729987200000000000,2024-11-27,Kenya,Business,Ottawa,10,2024,Autumn,31,6,0,Q4,31
VISA-0005445,1745193600000000000,2025-06-04,Kenya,Student,Sydney,4,2025,Spring,44,0,0,Q2,44
VISA-0005446,1666310400000000000,2022-11-28,Nigeria,Tourist,Ottawa,10,2022,Autumn,38,4,0,Q4,38
VISA-0005447,1684108800000000000,2023-06-17,Kenya,Tourist,Johannesburg,5,2023,Spring,33,0,0,Q2,33
VISA-0005448,1732838400000000000,2024-12-24,India,Tourist,Singapore,11,2024,Autumn,25,4,0,Q4,25
VISA-0005449,1637280000000000000,2021-12-26,Kenya,Tourist,Singapore,11,2021,Autumn,37,4,0,Q4,37
VISA-0005450,1641945600000000000,2022-02-23,Mexico,Tourist,Dubai,1,2022,Winter,42,2,0,Q1,42
VISA-0005451,1731542400000000000,2024-12-16,India,Tourist,Chennai,11,2024,Autumn,32,3,0,Q4,32
VISA-0005452,1638835200000000000,2022-02-10,Germany,Dependent,Mumbai,12,2021,Winter,65,1,1,Q4,65
VISA-0005453,1730937600000000000,2024-11-28,Nigeria,Business,London,11,2024,Autumn,21,3,0,Q4,21
VISA-0005454,1687824000000000000,2023-08-02,Brazil,Dependent,Berlin,6,2023,Summer,36,1,1,Q2,36
VISA-0005455,1765497600000000000,2026-02-16,Germany,Work,Ottawa,12,2025,Winter,66,4,1,Q4,66
VISA-0005456,1614643200000000000,2021-05-06,Brazil,Work,Berlin,3,2021,Spring,65,1,0,Q1,65
VISA-0005457,1758585600000000000,2025-10-14,Germany,Tourist,Singapore,9,2025,Autumn,21,1,0,Q3,21
VISA-0005458,1644969600000000000,2022-04-13,Canada,Work,London,2,2022,Winter,56,2,0,Q1,56
VISA-0005459,1614988800000000000,2021-04-24,China,Tourist,Johannesburg,3,2021,Spring,49,5,0,Q1,49
VISA-0005460,1723593600000000000,2024-10-05,Brazil,Student,Sydney,8,2024,Summer,52,2,1,Q3,52
VISA-0005461,1693353600000000000,2023-10-08,Bangladesh,Transit,Paris,8,2023,Summer,39,2,1,Q3,39
VISA-0005462,1741478400000000000,2025-04-20,Mexico,Dependent,New Delhi,3,2025,Spring,42,6,0,Q1,42
VISA-0005463,1626480000000000000,2021-09-15,Canada,Tourist,Unknown,7,2021,Summer,60,5,1,Q3,60
VISA-0005464,1622160000000000000,2021-07-03,Germany,Business,Johannesburg,5,2021,Spring,36,4,0,Q2,36
VISA-0005465,1698883200000000000,2023-11-27,Philippines,Tourist,Singapore,11,2023,Autumn,25,3,0,Q4,25
VISA-0005466,1748476800000000000,2025-07-13,Philippines,Tourist,Dubai,5,2025,Spring,45,3,0,Q2,45
VISA-0005467,1673395200000000000,2023-02-21,Mexico,Tourist,New Delhi,1,2023,Winter,41,2,0,Q1,41
VISA-0005468,1735171200000000000,2025-02-04,India,Tourist,New Delhi,12,2024,Winter,40,3,1,Q4,40
VISA-0005469,1752278400000000000,2025-09-09,India,Work,Ottawa,7,2025,Summer,59,5,1,Q3,59
VISA-0005470,1746576000000000000,2025-06-11,UK,Student,Singapore,5,2025,Spring,35,2,0,Q2,35
VISA-0005471,1689638400000000000,2023-08-20,China,Tourist,Ottawa,7,2023,Summer,33,1,1,Q3,33
VISA-0005472,1719532800000000000,2024-07-19,Mexico,Transit,Singapore,6,2024,Summer,21,4,1,Q2,21
VISA-0005473,1692316800000000000,2023-10-13,Australia,Student,Sydney,8,2023,Summer,56,4,1,Q3,56
VISA-0005474,1715731200000000000,2024-07-04,Brazil,Student,Mumbai,5,2024,Spring,50,2,0,Q2,50
VISA-0005475,1698796800000000000,2023-12-16,Germany,Student,Dubai,11,2023,Autumn,45,2,0,Q4,45
VISA-0005476,1692230400000000000,2023-11-12,Brazil,Student,Ottawa,8,2023,Summer,87,3,1,Q3,87
VISA-0005477,1678320000000000000,2023-04-23,Kenya,Student,Chennai,3,2023,Spring,45,3,0,Q1,45
VISA-0005478,1712361600000000000,2024-06-03,France,Work,Berlin,4,2024,Spring,58,5,0,Q2,58
VISA-0005479,1727827200000000000,2024-11-10,Unknown,Dependent,Chennai,10,2024,Autumn,39,2,0,Q4,39
VISA-0005480,1754352000000000000,2025-09-10,UK,Tourist,Singapore,8,2025,Summer,36,1,1,Q3,36
VISA-0005481,1706140800000000000,2024-03-14,Nigeria,Student,Paris,1,2024,Winter,49,3,0,Q1,49
VISA-0005482,1625270400000000000,2021-08-26,Kenya,Tourist,Paris,7,2021,Summer,54,5,1,Q3,54
VISA-0005483,1702080000000000000,2024-01-26,Nigeria,Unknown,New Delhi,12,2023,Winter,48,5,1,Q4,48
VISA-0005484,1659225600000000000,2022-08-31,France,Tourist,Johannesburg,7,2022,Summer,31,6,1,Q3,31
VISA-0005485,1613606400000000000,2021-03-28,Bangladesh,Tourist,Sydney,2,2021,Winter,38,3,0,Q1,38
VISA-0005486,1620864000000000000,2021-07-28,UK,Transit,Paris,5,2021,Spring,76,3,0,Q2,76
VISA-0005487,1702684800000000000,2024-02-22,Brazil,Work,Chennai,12,2023,Winter,68,5,1,Q4,68
VISA-0005488,1758412800000000000,2025-10-10,France,Tourist,Paris,9,2025,Autumn,19,6,0,Q3,19
VISA-0005489,1689120000000000000,2023-08-16,Germany,Tourist,London,7,2023,Summer,35,2,1,Q3,35
VISA-0005490,1679616000000000000,2023-05-08,France,Student,Berlin,3,2023,Spring,45,4,0,Q1,45
VISA-0005491,1623369600000000000,2021-07-14,France,Transit,London,6,2021,Summer,33,4,1,Q2,33
VISA-0005492,1715904000000000000,2024-07-08,Canada,Student,Johannesburg,5,2024,Spring,52,4,0,Q2,52
VISA-0005493,1618185600000000000,2021-05-12,Australia,Tourist,Berlin,4,2021,Spring,30,0,0,Q2,30
VISA-0005494,1742083200000000000,2025-05-14,France,Work,Ottawa,3,2025,Spring,59,6,0,Q1,59
VISA-0005495,1738108800000000000,2025-03-21,Mexico,Student,Sydney,1,2025,Winter,51,2,0,Q1,51
VISA-0005496,1765670400000000000,2026-01-28,Kenya,Tourist,New Delhi,12,2025,Winter,45,6,1,Q4,45
VISA-0005497,1654214400000000000,2022-08-13,Pakistan,Dependent,London,6,2022,Summer,71,4,1,Q2,71
VISA-0005498,1634947200000000000,2021-11-24,Brazil,Tourist,Paris,10,2021,Autumn,32,5,0,Q4,32
VISA-0005499,1656633600000000000,2022-08-12,Mexico,Dependent,Singapore,7,2022,Summer,42,4,1,Q3,42
VISA-0005500,1735516800000000000,2025-02-16,Nigeria,Business,Johannesburg,12,2024,Winter,48,0,1,Q4,48
VISA-0005501,1643932800000000000,2022-03-30,India,Tourist,New Delhi,2,2022,Winter,54,4,0,Q1,54
VISA-0005502,1749340800000000000,2025-08-04,UK,Business,Chennai,6,2025,Summer,57,6,1,Q2,57
VISA-0005503,1633737600000000000,2021-11-21,UK,Business,Paris,10,2021,Autumn,43,5,0,Q4,43
VISA-0005504,1617148800000000000,2021-06-06,UK,Work,London,3,2021,Spring,67,2,0,Q1,67
VISA-0005505,1644019200000000000,2022-04-24,Pakistan,Work,Chennai,2,2022,Winter,78,5,0,Q1,78
VISA-0005506,1728345600000000000,2024-11-08,Nigeria,Tourist,London,10,2024,Autumn,31,1,0,Q4,31
VISA-0005507,1704412800000000000,2024-02-06,Germany,Tourist,Johannesburg,1,2024,Winter,32,4,0,Q1,32
VISA-0005508,1665360000000000000,2022-11-21,Australia,Business,Singapore,10,2022,Autumn,42,0,0,Q4,42
VISA-0005509,1712880000000000000,2024-05-18,China,Tourist,New Delhi,4,2024,Spring,36,4,0,Q2,36
VISA-0005510,1711670400000000000,2024-05-03,Nigeria,Tourist,Singapore,3,2024,Spring,35,4,0,Q1,35
VISA-0005511,1696896000000000000,2023-12-02,Kenya,Student,Dubai,10,2023,Autumn,53,1,0,Q4,53
VISA-0005512,1690502400000000000,2023-09-05,Australia,Tourist,Singapore,7,2023,Summer,39,4,1,Q3,39
VISA-0005513,1625443200000000000,2021-08-16,Kenya,Business,Dubai,7,2021,Summer,42,0,1,Q3,42
VISA-0005514,1650412800000000000,2022-05-13,Canada,Business,Berlin,4,2022,Spring,23,2,0,Q2,23
VISA-0005515,1692662400000000000,2023-10-07,Philippines,Dependent,Dubai,8,2023,Summer,46,1,1,Q3,46
VISA-0005516,1630713600000000000,2021-10-17,China,Tourist,Paris,9,2021,Autumn,43,5,0,Q3,43
VISA-0005517,1684454400000000000,2023-07-16,Australia,Student,Paris,5,2023,Spring,58,4,0,Q2,58
VISA-0005518,1627862400000000000,2021-09-28,Pakistan,Dependent,Sydney,8,2021,Summer,57,0,1,Q3,57
VISA-0005519,1733529600000000000,2025-02-07,Mexico,Student,Mumbai,12,2024,Winter,62,5,1,Q4,62
VISA-0005520,1625702400000000000,2021-11-23,China,Work,Mumbai,7,2021,Summer,138,3,1,Q3,138
VISA-0005521,1623974400000000000,2021-08-20,Germany,Work,Ottawa,6,2021,Summer,63,4,1,Q2,63
VISA-0005522,1709942400000000000,2024-03-27,France,Tourist,Sydney,3,2024,Spring,18,5,0,Q1,18
VISA-0005523,1644192000000000000,2022-03-12,Unknown,Tourist,Singapore,2,2022,Winter,33,0,0,Q1,33
VISA-0005524,1664841600000000000,2022-12-06,Kenya,Work,New Delhi,10,2022,Autumn,63,1,0,Q4,63
VISA-0005525,1658966400000000000,2022-09-07,France,Unknown,Singapore,7,2022,Summer,41,3,1,Q3,41
VISA-0005526,1643587200000000000,2022-03-24,France,Dependent,New Delhi,1,2022,Winter,52,0,0,Q1,52
VISA-0005527,1729555200000000000,2025-01-30,France,Work,Sydney,10,2024,Autumn,100,1,0,Q4,100
VISA-0005528,1718496000000000000,2024-07-13,Kenya,Tourist,Ottawa,6,2024,Summer,27,6,1,Q2,27
VISA-0005529,1647043200000000000,2022-05-17,Philippines,Work,Dubai,3,2022,Spring,66,5,0,Q1,66
VISA-0005530,1717718400000000000,2024-08-11,Germany,Student,New Delhi,6,2024,Summer,65,4,1,Q2,65
VISA-0005531,1721952000000000000,2024-09-03,France,Tourist,Paris,7,2024,Summer,39,4,1,Q3,39
VISA-0005532,1694390400000000000,2023-10-02,China,Transit,Mumbai,9,2023,Autumn,21,0,0,Q3,21
VISA-0005533,1700611200000000000,2023-12-28,UK,Business,Paris,11,2023,Autumn,36,2,0,Q4,36
VISA-0005534,1756857600000000000,2025-11-02,Brazil,Work,Dubai,9,2025,Autumn,60,2,0,Q3,60
VISA-0005535,1680998400000000000,2023-05-18,China,Dependent,Singapore,4,2023,Spring,39,6,0,Q2,39
VISA-0005536,1670198400000000000,2023-02-04,Canada,Student,Johannesburg,12,2022,Winter,61,0,1,Q4,61
VISA-0005537,1694390400000000000,2023-10-31,China,Student,Singapore,9,2023,Autumn,50,0,0,Q3,50
VISA-0005538,1741219200000000000,2025-03-26,Australia,Tourist,Ottawa,3,2025,Spring,20,3,0,Q1,20
VISA-0005539,1721260800000000000,2024-08-25,Germany,Tourist,Ottawa,7,2024,Summer,38,3,1,Q3,38
VISA-0005540,1621296000000000000,2021-07-09,China,Student,Berlin,5,2021,Spring,52,1,0,Q2,52
VISA-0005541,1681862400000000000,2023-07-14,Bangladesh,Student,Berlin,4,2023,Spring,86,2,0,Q2,86
VISA-0005542,1726099200000000000,2024-09-28,UK,Business,Paris,9,2024,Autumn,16,3,0,Q3,16
VISA-0005543,1644710400000000000,2022-04-12,Pakistan,Student,Sydney,2,2022,Winter,58,6,0,Q1,58
VISA-0005544,1765238400000000000,2026-02-14,Bangladesh,Work,Sydney,12,2025,Winter,67,1,1,Q4,67
VISA-0005545,1736812800000000000,2025-02-14,Australia,Dependent,Mumbai,1,2025,Winter,31,1,0,Q1,31
VISA-0005546,1742947200000000000,2025-04-18,Pakistan,Transit,Mumbai,3,2025,Spring,23,2,0,Q1,23
VISA-0005547,1622332800000000000,2021-07-02,UK,Tourist,Singapore,5,2021,Spring,33,6,0,Q2,33
VISA-0005548,1700784000000000000,2024-01-05,Pakistan,Dependent,Johannesburg,11,2023,Autumn,42,4,0,Q4,42
VISA-0005549,1692662400000000000,2023-10-11,Nigeria,Business,Dubai,8,2023,Summer,50,1,1,Q3,50
VISA-0005550,1743465600000000000,2025-04-12,Australia,Tourist,London,4,2025,Spring,11,1,0,Q2,11
VISA-0005551,1665100800000000000,2022-11-13,Nigeria,Tourist,New Delhi,10,2022,Autumn,37,4,0,Q4,37
VISA-0005552,1693612800000000000,2023-10-02,France,Tourist,New Delhi,9,2023,Autumn,30,5,0,Q3,30
VISA-0005553,1716595200000000000,2024-08-04,Bangladesh,Work,Berlin,5,2024,Spring,71,5,0,Q2,71
VISA-0005554,1728172800000000000,2024-11-23,UK,Work,Berlin,10,2024,Autumn,48,6,0,Q4,48
VISA-0005555,1730851200000000000,2024-12-21,Germany,Student,London,11,2024,Autumn,45,2,0,Q4,45
VISA-0005556,1662508800000000000,2022-10-25,Germany,Business,Chennai,9,2022,Autumn,48,2,0,Q3,48
VISA-0005557,1766793600000000000,2026-02-13,Pakistan,Tourist,New Delhi,12,2025,Winter,48,5,1,Q4,48
VISA-0005558,1610928000000000000,2021-03-24,Bangladesh,Student,Berlin,1,2021,Winter,65,0,0,Q1,65
VISA-0005559,1687046400000000000,2023-07-25,Pakistan,Dependent,Dubai,6,2023,Summer,37,6,1,Q2,37
VISA-0005560,1705449600000000000,2024-02-18,Brazil,Transit,London,1,2024,Winter,32,2,0,Q1,32
VISA-0005561,1619049600000000000,2021-05-19,Germany,Business,Paris,4,2021,Spring,27,3,0,Q2,27
VISA-0005562,1680566400000000000,2023-05-02,Australia,Tourist,Singapore,4,2023,Spring,28,1,0,Q2,28
VISA-0005563,1703376000000000000,2024-01-18,UK,Unknown,Sydney,12,2023,Winter,25,6,1,Q4,25
VISA-0005564,1705190400000000000,2024-02-13,Germany,Tourist,Chennai,1,2024,Winter,30,6,0,Q1,30
VISA-0005565,1628208000000000000,2021-10-12,France,Student,New Delhi,8,2021,Summer,67,4,1,Q3,67
VISA-0005566,1653177600000000000,2022-06-27,Nigeria,Tourist,Paris,5,2022,Spring,36,6,0,Q2,36
VISA-0005567,1647993600000000000,2022-05-15,India,Dependent,Dubai,3,2022,Spring,53,2,0,Q1,53
VISA-0005568,1710288000000000000,2024-05-14,Brazil,Work,London,3,2024,Spring,62,2,0,Q1,62
VISA-0005569,1661299200000000000,2022-10-30,Germany,Unknown,New Delhi,8,2022,Summer,67,2,1,Q3,67
VISA-0005570,1699488000000000000,2023-12-02,France,Tourist,Paris,11,2023,Autumn,23,3,0,Q4,23
VISA-0005571,1724716800000000000,2024-10-28,Pakistan,Student,Unknown,8,2024,Summer,62,1,1,Q3,62
VISA-0005572,1735171200000000000,2025-02-14,Germany,Student,Sydney,12,2024,Winter,50,3,1,Q4,50
VISA-0005573,1638403200000000000,2022-02-01,China,Business,Unknown,12,2021,Winter,61,3,1,Q4,61
VISA-0005574,1751846400000000000,2025-08-07,UK,Tourist,Dubai,7,2025,Summer,31,0,1,Q3,31
VISA-0005575,1635552000000000000,2021-12-08,UK,Dependent,Singapore,10,2021,Autumn,39,5,0,Q4,39
VISA-0005576,1612828800000000000,2021-03-20,Pakistan,Tourist,Dubai,2,2021,Winter,39,1,0,Q1,39
VISA-0005577,1616544000000000000,2021-05-01,Germany,Tourist,New Delhi,3,2021,Spring,38,2,0,Q1,38
VISA-0005578,1641081600000000000,2022-02-13,Philippines,Transit,Chennai,1,2022,Winter,42,6,0,Q1,42
VISA-0005579,1747094400000000000,2025-06-18,Pakistan,Tourist,Mumbai,5,2025,Spring,36,1,0,Q2,36
VISA-0005580,1642204800000000000,2022-04-24,Bangladesh,Tourist,Ottawa,1,2022,Winter,99,5,0,Q1,99
VISA-0005581,1718755200000000000,2024-08-07,France,Work,Ottawa,6,2024,Summer,49,2,1,Q2,49
VISA-0005582,1675382400000000000,2023-05-21,Mexico,Student,Sydney,2,2023,Winter,107,4,0,Q1,107
VISA-0005583,1615680000000000000,2021-04-20,Brazil,Tourist,Paris,3,2021,Spring,37,6,0,Q1,37
VISA-0005584,1679443200000000000,2023-04-26,Nigeria,Tourist,Mumbai,3,2023,Spring,35,2,0,Q1,35
VISA-0005585,1613865600000000000,2021-04-07,Canada,Tourist,Unknown,2,2021,Winter,45,6,0,Q1,45
VISA-0005586,1684540800000000000,2023-07-04,Brazil,Student,Chennai,5,2023,Spring,45,5,0,Q2,45
VISA-0005587,1697500800000000000,2023-11-09,Unknown,Tourist,Sydney,10,2023,Autumn,23,1,0,Q4,23
VISA-0005588,1691625600000000000,2023-09-21,Brazil,Business,Chennai,8,2023,Summer,42,3,1,Q3,42
VISA-0005589,1653955200000000000,2022-07-30,Nigeria,Dependent,Unknown,5,2022,Spring,60,1,0,Q2,60
VISA-0005590,1730246400000000000,2025-01-25,Pakistan,Tourist,Singapore,10,2024,Autumn,87,2,0,Q4,87
VISA-0005591,1703548800000000000,2024-01-30,UK,Tourist,New Delhi,12,2023,Winter,35,1,1,Q4,35
VISA-0005592,1649548800000000000,2022-07-09,Brazil,Tourist,Sydney,4,2022,Spring,90,6,0,Q2,90
VISA-0005593,1677974400000000000,2023-04-05,France,Tourist,Dubai,3,2023,Spring,31,6,0,Q1,31
VISA-0005594,1626566400000000000,2021-09-14,Philippines,Tourist,Dubai,7,2021,Summer,58,6,1,Q3,58
VISA-0005595,1755043200000000000,2025-09-23,Germany,Business,Ottawa,8,2025,Summer,41,2,1,Q3,41
VISA-0005596,1728172800000000000,2024-11-07,China,Tourist,Ottawa,10,2024,Autumn,32,6,0,Q4,32
VISA-0005597,1654819200000000000,2022-08-08,Canada,Student,Johannesburg,6,2022,Summer,59,4,1,Q2,59
VISA-0005598,1715817600000000000,2024-07-17,Philippines,Work,Chennai,5,2024,Spring,62,3,0,Q2,62
VISA-0005599,1716508800000000000,2024-06-30,Nigeria,Business,Sydney,5,2024,Spring,37,4,0,Q2,37
VISA-0005600,1705536000000000000,2024-02-21,Philippines,Tourist,Ottawa,1,2024,Winter,34,3,0,Q1,34
VISA-0005601,1617926400000000000,2021-05-20,Canada,Tourist,Paris,4,2021,Spring,41,4,0,Q2,41
VISA-0005602,1747958400000000000,2025-06-06,Philippines,Transit,Paris,5,2025,Spring,14,4,0,Q2,14
VISA-0005603,1760140800000000000,2025-11-04,UK,Tourist,Singapore,10,2025,Autumn,24,5,0,Q4,24
VISA-0005604,1762992000000000000,2026-01-15,Germany,Work,New Delhi,11,2025,Autumn,63,3,0,Q4,63
VISA-0005605,1764028800000000000,2026-03-19,Mexico,Work,Mumbai,11,2025,Autumn,114,1,0,Q4,114
VISA-0005606,1755907200000000000,2025-10-12,Brazil,Student,Ottawa,8,2025,Summer,50,5,1,Q3,50
VISA-0005607,1725926400000000000,2024-10-11,Pakistan,Tourist,Ottawa,9,2024,Autumn,31,1,0,Q3,31
VISA-0005608,1618358400000000000,2021-05-29,Pakistan,Tourist,New Delhi,4,2021,Spring,45,2,0,Q2,45
VISA-0005609,1682812800000000000,2023-06-14,France,Student,Singapore,4,2023,Spring,45,6,0,Q2,45
VISA-0005610,1648080000000000000,2022-05-28,Nigeria,Student,Singapore,3,2022,Spring,65,3,0,Q1,65
VISA-0005611,1644105600000000000,2022-03-05,UK,Business,Ottawa,2,2022,Winter,27,6,0,Q1,27
VISA-0005612,1740355200000000000,2025-04-27,Australia,Work,Paris,2,2025,Winter,62,0,0,Q1,62
VISA-0005613,1737504000000000000,2025-03-03,Brazil,Dependent,Dubai,1,2025,Winter,40,2,0,Q1,40
VISA-0005614,1691712000000000000,2023-09-02,France,Transit,Berlin,8,2023,Summer,22,4,1,Q3,22
VISA-0005615,1725494400000000000,2024-09-25,Brazil,Business,Singapore,9,2024,Autumn,20,3,0,Q3,20
VISA-0005616,1629849600000000000,2021-10-13,Brazil,Tourist,Mumbai,8,2021,Summer,49,2,1,Q3,49
VISA-0005617,1644451200000000000,2022-04-04,UK,Student,Chennai,2,2022,Winter,53,3,0,Q1,53
VISA-0005618,1745107200000000000,2025-06-20,Bangladesh,Work,Ottawa,4,2025,Spring,61,6,0,Q2,61
VISA-0005619,1680566400000000000,2023-06-07,Pakistan,Work,Singapore,4,2023,Spring,64,1,0,Q2,64
VISA-0005620,1695600000000000000,2023-10-30,Mexico,Tourist,Dubai,9,2023,Autumn,35,0,0,Q3,35
VISA-0005621,1682380800000000000,2023-06-15,China,Work,Unknown,4,2023,Spring,51,1,0,Q2,51
VISA-0005622,1641254400000000000,2022-02-14,Australia,Tourist,New Delhi,1,2022,Winter,41,1,0,Q1,41
VISA-0005623,1739750400000000000,2025-03-19,Australia,Tourist,Dubai,2,2025,Winter,30,0,0,Q1,30
VISA-0005624,1728950400000000000,2024-11-27,Australia,Dependent,Chennai,10,2024,Autumn,43,1,0,Q4,43
VISA-0005625,1717286400000000000,2024-07-18,Pakistan,Student,London,6,2024,Summer,46,6,1,Q2,46
VISA-0005626,1665100800000000000,2022-12-04,Australia,Student,Johannesburg,10,2022,Autumn,58,4,0,Q4,58
VISA-0005627,1710806400000000000,2024-05-07,Philippines,Work,Sydney,3,2024,Spring,49,1,0,Q1,49
VISA-0005628,1759708800000000000,2025-11-30,China,Work,Mumbai,10,2025,Autumn,55,0,0,Q4,55
VISA-0005629,1711843200000000000,2024-05-07,Canada,Tourist,New Delhi,3,2024,Spring,37,6,0,Q1,37
VISA-0005630,1687392000000000000,2023-08-18,Mexico,Work,Ottawa,6,2023,Summer,57,3,1,Q2,57
VISA-0005631,1652054400000000000,2022-06-26,Nigeria,Tourist,New Delhi,5,2022,Spring,48,0,0,Q2,48
VISA-0005632,1691884800000000000,2023-12-02,Kenya,Work,Ottawa,8,2023,Summer,111,6,1,Q3,111
VISA-0005633,1668038400000000000,2022-12-16,Brazil,Tourist,Ottawa,11,2022,Autumn,36,3,0,Q4,36
VISA-0005634,1705795200000000000,2024-02-24,Bangladesh,Transit,Singapore,1,2024,Winter,34,6,0,Q1,34
VISA-0005635,1616630400000000000,2021-05-06,Mexico,Business,London,3,2021,Spring,42,3,0,Q1,42
VISA-0005636,1733529600000000000,2025-02-14,UK,Student,Unknown,12,2024,Winter,69,5,1,Q4,69
VISA-0005637,1669420800000000000,2022-12-23,Pakistan,Tourist,Dubai,11,2022,Autumn,27,5,0,Q4,27
VISA-0005638,1677715200000000000,2023-04-17,Canada,Student,Berlin,3,2023,Spring,46,3,0,Q1,46
VISA-0005639,1695168000000000000,2023-11-03,Philippines,Business,New Delhi,9,2023,Autumn,44,2,0,Q3,44
VISA-0005640,1678492800000000000,2023-05-13,China,Work,New Delhi,3,2023,Spring,63,5,0,Q1,63
VISA-0005641,1729036800000000000,2024-12-15,Australia,Work,Mumbai,10,2024,Autumn,60,2,0,Q4,60
VISA-0005642,1648080000000000000,2022-05-04,UK,Dependent,Paris,3,2022,Spring,41,3,0,Q1,41
VISA-0005643,1729036800000000000,2024-12-05,Kenya,Student,Chennai,10,2024,Autumn,50,2,0,Q4,50
VISA-0005644,1642464000000000000,2022-03-18,Australia,Work,Johannesburg,1,2022,Winter,59,1,0,Q1,59
VISA-0005645,1667865600000000000,2022-12-29,Mexico,Student,Ottawa,11,2022,Autumn,51,1,0,Q4,51
VISA-0005646,1702080000000000000,2024-02-22,UK,Work,Johannesburg,12,2023,Winter,75,5,1,Q4,75
VISA-0005647,1749081600000000000,2025-08-07,China,Student,Chennai,6,2025,Summer,63,3,1,Q2,63
VISA-0005648,1646092800000000000,2022-04-09,Kenya,Business,Ottawa,3,2022,Spring,39,1,0,Q1,39
VISA-0005649,1701993600000000000,2024-03-05,Germany,Tourist,Mumbai,12,2023,Winter,88,4,1,Q4,88
VISA-0005650,1619568000000000000,2021-05-31,UK,Tourist,Singapore,4,2021,Spring,33,2,0,Q2,33
VISA-0005651,1621296000000000000,2021-07-02,Kenya,Tourist,Dubai,5,2021,Spring,45,1,0,Q2,45
VISA-0005652,1730419200000000000,2024-12-25,France,Dependent,New Delhi,11,2024,Autumn,54,4,0,Q4,54
VISA-0005653,1722816000000000000,2024-09-15,Australia,Student,Paris,8,2024,Summer,41,0,1,Q3,41
VISA-0005654,1668816000000000000,2023-02-23,China,Student,Singapore,11,2022,Autumn,96,5,0,Q4,96
VISA-0005655,1707609600000000000,2024-03-28,India,Student,Berlin,2,2024,Winter,46,6,0,Q1,46
VISA-0005656,1669334400000000000,2023-01-15,Kenya,Student,Paris,11,2022,Autumn,51,4,0,Q4,51
VISA-0005657,1653091200000000000,2022-07-13,Mexico,Dependent,London,5,2022,Spring,53,5,0,Q2,53
VISA-0005658,1677456000000000000,2023-05-03,Nigeria,Transit,Ottawa,2,2023,Winter,65,0,0,Q1,65
VISA-0005659,1658620800000000000,2022-09-01,India,Dependent,Singapore,7,2022,Summer,39,6,1,Q3,39
VISA-0005660,1737936000000000000,2025-03-14,Bangladesh,Dependent,Dubai,1,2025,Winter,46,0,0,Q1,46
VISA-0005661,1674345600000000000,2023-02-28,France,Tourist,Dubai,1,2023,Winter,37,6,0,Q1,37
VISA-0005662,1660003200000000000,2022-09-14,France,Tourist,Paris,8,2022,Summer,36,1,1,Q3,36
VISA-0005663,1693958400000000000,2023-11-15,Bangladesh,Work,Dubai,9,2023,Autumn,70,2,0,Q3,70
VISA-0005664,1728950400000000000,2024-12-07,UK,Work,Mumbai,10,2024,Autumn,53,1,0,Q4,53
VISA-0005665,1652572800000000000,2022-06-22,Pakistan,Tourist,Chennai,5,2022,Spring,38,6,0,Q2,38
VISA-0005666,1757548800000000000,2025-10-10,Philippines,Business,Paris,9,2025,Autumn,29,3,0,Q3,29
VISA-0005667,1682467200000000000,2023-06-01,Pakistan,Tourist,Chennai,4,2023,Spring,36,2,0,Q2,36
VISA-0005668,1713657600000000000,2024-06-05,Kenya,Tourist,Berlin,4,2024,Spring,45,6,0,Q2,45
VISA-0005669,1760313600000000000,2025-11-07,Mexico,Tourist,Sydney,10,2025,Autumn,25,0,0,Q4,25
VISA-0005670,1677456000000000000,2023-04-16,Philippines,Dependent,Dubai,2,2023,Winter,48,0,0,Q1,48
VISA-0005671,1640908800000000000,2022-02-23,Bangladesh,Business,Chennai,12,2021,Winter,54,4,1,Q4,54
VISA-0005672,1727308800000000000,2024-11-22,Pakistan,Student,London,9,2024,Autumn,57,3,0,Q3,57
VISA-0005673,1610496000000000000,2021-03-02,India,Business,Berlin,1,2021,Winter,48,2,0,Q1,48
VISA-0005674,1681603200000000000,2023-05-24,Brazil,Business,Mumbai,4,2023,Spring,38,6,0,Q2,38
VISA-0005675,1763942400000000000,2025-12-27,UK,Student,London,11,2025,Autumn,33,0,0,Q4,33
VISA-0005676,1674777600000000000,2023-03-02,UK,Business,Johannesburg,1,2023,Winter,34,4,0,Q1,34
VISA-0005677,1717286400000000000,2024-07-06,Germany,Tourist,Mumbai,6,2024,Summer,34,6,1,Q2,34
VISA-0005678,1692230400000000000,2023-10-20,Kenya,Student,Dubai,8,2023,Summer,64,3,1,Q3,64
VISA-0005679,1643241600000000000,2022-03-11,UK,Tourist,Mumbai,1,2022,Winter,43,3,0,Q1,43
VISA-0005680,1659484800000000000,2022-10-03,Bangladesh,Student,Berlin,8,2022,Summer,61,2,1,Q3,61
VISA-0005681,1691971200000000000,2023-10-08,Brazil,Student,Mumbai,8,2023,Summer,55,0,1,Q3,55
VISA-0005682,1625875200000000000,2021-08-29,Nigeria,Tourist,Dubai,7,2021,Summer,50,5,1,Q3,50
VISA-0005683,1674864000000000000,2023-05-04,France,Student,Ottawa,1,2023,Winter,96,5,0,Q1,96
VISA-0005684,1674864000000000000,2023-04-06,Philippines,Work,Berlin,1,2023,Winter,68,5,0,Q1,68
VISA-0005685,1741046400000000000,2025-05-01,Germany,Work,New Delhi,3,2025,Spring,58,1,0,Q1,58
VISA-0005686,1628985600000000000,2021-10-08,China,Tourist,Sydney,8,2021,Summer,54,6,1,Q3,54
VISA-0005687,1742256000000000000,2025-04-19,China,Tourist,Sydney,3,2025,Spring,32,1,0,Q1,32
VISA-0005688,1674172800000000000,2023-03-10,Mexico,Student,Chennai,1,2023,Winter,49,4,0,Q1,49
VISA-0005689,1712102400000000000,2024-05-14,Canada,Dependent,London,4,2024,Spring,41,2,0,Q2,41
VISA-0005690,1697241600000000000,2023-11-23,Bangladesh,Dependent,Berlin,10,2023,Autumn,40,5,0,Q4,40
VISA-0005691,1656720000000000000,2022-08-22,Bangladesh,Tourist,Dubai,7,2022,Summer,51,5,1,Q3,51
VISA-0005692,1756166400000000000,2025-10-07,Pakistan,Business,Dubai,8,2025,Summer,42,1,1,Q3,42
VISA-0005693,1644796800000000000,2022-04-14,Unknown,Work,Johannesburg,2,2022,Winter,59,0,0,Q1,59
VISA-0005694,1615161600000000000,2021-04-13,Bangladesh,Transit,Ottawa,3,2021,Spring,36,0,0,Q1,36
VISA-0005695,1727654400000000000,2024-11-05,China,Tourist,Singapore,9,2024,Autumn,36,0,0,Q3,36
VISA-0005696,1707436800000000000,2024-04-02,Philippines,Student,Johannesburg,2,2024,Winter,53,4,0,Q1,53
VISA-0005697,1749859200000000000,2025-08-11,Canada,Work,Dubai,6,2025,Summer,58,5,1,Q2,58
VISA-0005698,1681603200000000000,2023-05-25,China,Tourist,Chennai,4,2023,Spring,39,6,0,Q2,39
VISA-0005699,1612051200000000000,2021-03-05,Canada,Tourist,Ottawa,1,2021,Winter,33,6,0,Q1,33
VISA-0005700,1612569600000000000,2021-03-23,China,Tourist,New Delhi,2,2021,Winter,45,5,0,Q1,45
VISA-0005701,1677715200000000000,2023-05-03,Philippines,Student,Berlin,3,2023,Spring,62,3,0,Q1,62
VISA-0005702,1648771200000000000,2022-06-04,Pakistan,Work,London,4,2022,Spring,64,4,0,Q2,64
VISA-0005703,1754784000000000000,2025-10-17,Bangladesh,Work,Johannesburg,8,2025,Summer,68,6,1,Q3,68
VISA-0005704,1628121600000000000,2021-09-29,Philippines,Tourist,Berlin,8,2021,Summer,55,3,1,Q3,55
VISA-0005705,1748304000000000000,2025-06-26,Canada,Dependent,Sydney,5,2025,Spring,30,1,0,Q2,30
VISA-0005706,1643587200000000000,2022-03-30,India,Student,Chennai,1,2022,Winter,58,0,0,Q1,58
VISA-0005707,1628208000000000000,2021-09-14,UK,Transit,Mumbai,8,2021,Summer,39,4,1,Q3,39
VISA-0005708,1652745600000000000,2022-06-07,Kenya,Tourist,Berlin,5,2022,Spring,21,1,0,Q2,21
VISA-0005709,1632182400000000000,2021-11-15,Mexico,Dependent,Paris,9,2021,Autumn,55,1,0,Q3,55
VISA-0005710,1672704000000000000,2023-02-21,Canada,Dependent,Chennai,1,2023,Winter,49,1,0,Q1,49
VISA-0005711,1661558400000000000,2022-10-15,Brazil,Business,New Delhi,8,2022,Summer,49,5,1,Q3,49
VISA-0005712,1692835200000000000,2023-10-20,Mexico,Unknown,London,8,2023,Summer,57,3,1,Q3,57
VISA-0005713,1694131200000000000,2023-11-01,Mexico,Student,Paris,9,2023,Autumn,54,4,0,Q3,54
VISA-0005714,1609545600000000000,2021-02-18,Philippines,Business,Dubai,1,2021,Winter,47,5,0,Q1,47
VISA-0005715,1629072000000000000,2021-10-18,Germany,Work,New Delhi,8,2021,Summer,63,0,1,Q3,63
VISA-0005716,1634947200000000000,2021-12-10,UK,Student,Mumbai,10,2021,Autumn,48,5,0,Q4,48
VISA-0005717,1640131200000000000,2022-01-27,Kenya,Transit,Mumbai,12,2021,Winter,36,2,1,Q4,36
VISA-0005718,1624147200000000000,2021-08-02,Nigeria,Unknown,Paris,6,2021,Summer,43,6,1,Q2,43
VISA-0005719,1659052800000000000,2022-09-24,Philippines,Student,Paris,7,2022,Summer,57,4,1,Q3,57
VISA-0005720,1696118400000000000,2023-11-25,Nigeria,Dependent,Ottawa,10,2023,Autumn,55,6,0,Q4,55
VISA-0005721,1658102400000000000,2022-10-02,India,Tourist,Berlin,7,2022,Summer,76,0,1,Q3,76
VISA-0005722,1661299200000000000,2022-10-10,Nigeria,Tourist,New Delhi,8,2022,Summer,47,2,1,Q3,47
VISA-0005723,1661644800000000000,2022-10-10,Unknown,Tourist,Dubai,8,2022,Summer,43,6,1,Q3,43
VISA-0005724,1644364800000000000,2022-03-20,Philippines,Business,Chennai,2,2022,Winter,39,2,0,Q1,39
VISA-0005725,1674000000000000000,2023-03-01,Canada,Dependent,Singapore,1,2023,Winter,42,2,0,Q1,42
VISA-0005726,1613260800000000000,2021-03-18,Germany,Tourist,Sydney,2,2021,Winter,32,6,0,Q1,32
VISA-0005727,1687046400000000000,2023-08-16,France,Work,Singapore,6,2023,Summer,59,6,1,Q2,59
VISA-0005728,1757808000000000000,2025-11-05,Kenya,Work,Dubai,9,2025,Autumn,52,6,0,Q3,52
VISA-0005729,1672185600000000000,2023-03-07,China,Work,Sydney,12,2022,Winter,69,2,1,Q4,69
VISA-0005730,1626480000000000000,2021-09-29,China,Work,Johannesburg,7,2021,Summer,74,5,1,Q3,74
VISA-0005731,1720915200000000000,2024-08-15,Kenya,Transit,Johannesburg,7,2024,Summer,32,6,1,Q3,32
VISA-0005732,1629417600000000000,2021-09-21,France,Tourist,Sydney,8,2021,Summer,32,4,1,Q3,32
VISA-0005733,1639958400000000000,2022-02-01,Bangladesh,Tourist,London,12,2021,Winter,43,0,1,Q4,43
VISA-0005734,1632528000000000000,2021-11-25,Brazil,Work,Berlin,9,2021,Autumn,61,5,0,Q3,61
VISA-0005735,1748736000000000000,2025-07-17,Pakistan,Student,Mumbai,6,2025,Summer,46,6,1,Q2,46
VISA-0005736,1764115200000000000,2026-01-13,Pakistan,Student,Ottawa,11,2025,Autumn,48,2,0,Q4,48
VISA-0005737,1699228800000000000,2023-11-25,France,Tourist,Singapore,11,2023,Autumn,19,0,0,Q4,19
VISA-0005738,1706832000000000000,2024-03-12,Pakistan,Tourist,Singapore,2,2024,Winter,39,4,0,Q1,39
VISA-0005739,1711152000000000000,2024-06-18,India,Dependent,Ottawa,3,2024,Spring,87,5,0,Q1,87
VISA-0005740,1705622400000000000,2024-02-20,UK,Tourist,Ottawa,1,2024,Winter,32,4,0,Q1,32
VISA-0005741,1695168000000000000,2023-11-15,Germany,Work,Singapore,9,2023,Autumn,56,2,0,Q3,56
VISA-0005742,1764979200000000000,2026-01-07,Brazil,Business,Unknown,12,2025,Winter,32,5,1,Q4,32
VISA-0005743,1724976000000000000,2024-10-16,China,Tourist,New Delhi,8,2024,Summer,47,4,1,Q3,47
VISA-0005744,1623369600000000000,2021-07-29,China,Tourist,New Delhi,6,2021,Summer,48,4,1,Q2,48
VISA-0005745,1671235200000000000,2023-02-16,France,Student,Mumbai,12,2022,Winter,61,5,1,Q4,61
VISA-0005746,1763078400000000000,2025-12-24,Philippines,Student,Singapore,11,2025,Autumn,40,4,0,Q4,40
VISA-0005747,1673049600000000000,2023-02-12,Pakistan,Tourist,New Delhi,1,2023,Winter,36,5,0,Q1,36
VISA-0005748,1641600000000000000,2022-03-03,Kenya,Work,London,1,2022,Winter,54,5,0,Q1,54
VISA-0005749,1746316800000000000,2025-06-11,India,Tourist,Dubai,5,2025,Spring,38,6,0,Q2,38
VISA-0005750,1707696000000000000,2024-03-13,Canada,Tourist,Dubai,2,2024,Winter,30,0,0,Q1,30
VISA-0005751,1698105600000000000,2023-11-15,France,Tourist,Singapore,10,2023,Autumn,22,1,0,Q4,22
VISA-0005752,1675641600000000000,2023-03-14,Pakistan,Tourist,Johannesburg,2,2023,Winter,36,0,0,Q1,36
VISA-0005753,1628985600000000000,2021-10-14,India,Student,Ottawa,8,2021,Summer,60,6,1,Q3,60
VISA-0005754,1669939200000000000,2023-02-03,UK,Dependent,Chennai,12,2022,Winter,63,4,1,Q4,63
VISA-0005755,1678406400000000000,2023-04-04,China,Tourist,New Delhi,3,2023,Spring,25,4,0,Q1,25
VISA-0005756,1756252800000000000,2025-10-21,Germany,Student,Singapore,8,2025,Summer,55,2,1,Q3,55
VISA-0005757,1657843200000000000,2022-09-22,France,Work,Ottawa,7,2022,Summer,69,4,1,Q3,69
VISA-0005758,1632960000000000000,2021-11-29,France,Work,Singapore,9,2021,Autumn,60,3,0,Q3,60
VISA-0005759,1676851200000000000,2023-04-23,Philippines,Work,London,2,2023,Winter,62,0,0,Q1,62
VISA-0005760,1766620800000000000,2026-01-31,Unknown,Tourist,Paris,12,2025,Winter,37,3,1,Q4,37
VISA-0005761,1685491200000000000,2023-07-24,Australia,Work,Unknown,5,2023,Spring,54,2,0,Q2,54
VISA-0005762,1669161600000000000,2022-12-28,Pakistan,Tourist,Berlin,11,2022,Autumn,35,2,0,Q4,35
VISA-0005763,1714608000000000000,2024-06-03,Bangladesh,Business,Berlin,5,2024,Spring,32,3,0,Q2,32
VISA-0005764,1711756800000000000,2024-04-28,China,Tourist,London,3,2024,Spring,29,5,0,Q1,29
VISA-0005765,1656633600000000000,2022-08-26,Bangladesh,Business,Mumbai,7,2022,Summer,56,4,1,Q3,56
VISA-0005766,1762041600000000000,2025-12-31,Bangladesh,Work,New Delhi,11,2025,Autumn,59,6,0,Q4,59
VISA-0005767,1702944000000000000,2024-02-24,Brazil,Work,Ottawa,12,2023,Winter,67,1,1,Q4,67
VISA-0005768,1618531200000000000,2021-05-15,Germany,Tourist,Singapore,4,2021,Spring,29,4,0,Q2,29
VISA-0005769,1673654400000000000,2023-03-24,China,Work,Berlin,1,2023,Winter,69,5,0,Q1,69
VISA-0005770,1754956800000000000,2025-09-23,Germany,Business,Berlin,8,2025,Summer,42,1,1,Q3,42
VISA-0005771,1671408000000000000,2023-02-27,Kenya,Student,Chennai,12,2022,Winter,70,0,1,Q4,70
VISA-0005772,1698969600000000000,2023-11-25,Pakistan,Unknown,Sydney,11,2023,Autumn,22,4,0,Q4,22
VISA-0005773,1706054400000000000,2024-02-20,China,Tourist,Ottawa,1,2024,Winter,27,2,0,Q1,27
VISA-0005774,1720483200000000000,2024-08-12,Pakistan,Tourist,Mumbai,7,2024,Summer,34,1,1,Q3,34
VISA-0005775,1746921600000000000,2025-06-10,Pakistan,Business,Dubai,5,2025,Spring,30,6,0,Q2,30
VISA-0005776,1632960000000000000,2021-11-14,Pakistan,Student,London,9,2021,Autumn,45,3,0,Q3,45
VISA-0005777,1690934400000000000,2023-10-03,Mexico,Work,Ottawa,8,2023,Summer,62,2,1,Q3,62
VISA-0005778,1693526400000000000,2023-10-12,Bangladesh,Business,Dubai,9,2023,Autumn,41,4,0,Q3,41
VISA-0005779,1633478400000000000,2021-12-16,Mexico,Work,New Delhi,10,2021,Autumn,71,2,0,Q4,71
VISA-0005780,1715644800000000000,2024-07-08,Pakistan,Work,Johannesburg,5,2024,Spring,55,1,0,Q2,55
VISA-0005781,1628035200000000000,2021-10-29,Bangladesh,Work,Chennai,8,2021,Summer,86,2,1,Q3,86
VISA-0005782,1681344000000000000,2023-05-28,UK,Student,Berlin,4,2023,Spring,45,3,0,Q2,45
VISA-0005783,1661472000000000000,2022-10-05,France,Tourist,Paris,8,2022,Summer,40,4,1,Q3,40
VISA-0005784,1633824000000000000,2021-11-19,Australia,Dependent,Mumbai,10,2021,Autumn,40,6,0,Q4,40
VISA-0005785,1739059200000000000,2025-02-21,Germany,Transit,Chennai,2,2025,Winter,12,6,0,Q1,12
VISA-0005786,1647907200000000000,2022-05-20,France,Student,Ottawa,3,2022,Spring,59,1,0,Q1,59
VISA-0005787,1649635200000000000,2022-05-31,Australia,Dependent,Paris,4,2022,Spring,50,0,0,Q2,50
VISA-0005788,1744156800000000000,2025-04-22,Mexico,Transit,Dubai,4,2025,Spring,13,2,0,Q2,13
VISA-0005789,1747785600000000000,2025-06-21,Brazil,Student,Sydney,5,2025,Spring,31,2,0,Q2,31
VISA-0005790,1614816000000000000,2021-05-19,Pakistan,Business,Singapore,3,2021,Spring,76,3,0,Q1,76
VISA-0005791,1653264000000000000,2022-07-26,Philippines,Work,Sydney,5,2022,Spring,64,0,0,Q2,64
VISA-0005792,1721174400000000000,2024-08-19,UK,Tourist,Singapore,7,2024,Summer,33,2,1,Q3,33
VISA-0005793,1732147200000000000,2024-12-14,India,Tourist,Paris,11,2024,Autumn,23,3,0,Q4,23
VISA-0005794,1766966400000000000,2026-02-27,China,Student,Mumbai,12,2025,Winter,60,0,1,Q4,60
VISA-0005795,1696896000000000000,2023-11-10,Germany,Business,Ottawa,10,2023,Autumn,31,1,0,Q4,31
VISA-0005796,1610582400000000000,2021-02-10,France,Tourist,New Delhi,1,2021,Winter,27,3,0,Q1,27
VISA-0005797,1747180800000000000,2025-06-15,Brazil,Business,Chennai,5,2025,Spring,32,2,0,Q2,32
VISA-0005798,1634774400000000000,2022-01-03,Brazil,Work,New Delhi,10,2021,Autumn,74,3,0,Q4,74
VISA-0005799,1628467200000000000,2021-10-28,Pakistan,Work,Mumbai,8,2021,Summer,80,0,1,Q3,80
VISA-0005800,1715731200000000000,2024-06-18,Philippines,Tourist,New Delhi,5,2024,Spring,34,2,0,Q2,34
VISA-0005801,1704585600000000000,2024-02-26,Canada,Student,Berlin,1,2024,Winter,50,6,0,Q1,50
VISA-0005802,1618876800000000000,2021-06-04,Unknown,Tourist,Ottawa,4,2021,Spring,45,1,0,Q2,45
VISA-0005803,1636070400000000000,2021-12-06,France,Tourist,Sydney,11,2021,Autumn,31,4,0,Q4,31
VISA-0005804,1702425600000000000,2024-01-19,Germany,Tourist,Paris,12,2023,Winter,37,2,1,Q4,37
VISA-0005805,1649721600000000000,2022-05-21,France,Tourist,Paris,4,2022,Spring,39,1,0,Q2,39
VISA-0005806,1717286400000000000,2024-07-06,UK,Tourist,Sydney,6,2024,Summer,34,6,1,Q2,34
VISA-0005807,1674345600000000000,2023-05-11,Australia,Work,Sydney,1,2023,Winter,109,6,0,Q1,109
VISA-0005808,1702166400000000000,2024-04-05,Mexico,Student,Berlin,12,2023,Winter,117,6,1,Q4,117
VISA-0005809,1684281600000000000,2023-06-20,India,Tourist,Ottawa,5,2023,Spring,34,2,0,Q2,34
VISA-0005810,1667001600000000000,2022-12-08,China,Dependent,Ottawa,10,2022,Autumn,40,5,0,Q4,40
VISA-0005811,1663372800000000000,2022-11-17,Kenya,Student,London,9,2022,Autumn,61,5,0,Q3,61
VISA-0005812,1719360000000000000,2024-08-23,Bangladesh,Dependent,Chennai,6,2024,Summer,58,2,1,Q2,58
VISA-0005813,1690502400000000000,2023-09-29,Mexico,Work,Chennai,7,2023,Summer,63,4,1,Q3,63
VISA-0005814,1703116800000000000,2024-01-21,France,Tourist,Berlin,12,2023,Winter,31,3,1,Q4,31
VISA-0005815,1700438400000000000,2023-12-29,Brazil,Dependent,Singapore,11,2023,Autumn,39,0,0,Q4,39
VISA-0005816,1642118400000000000,2022-03-08,Bangladesh,Dependent,Ottawa,1,2022,Winter,53,4,0,Q1,53
VISA-0005817,1753401600000000000,2025-10-02,Mexico,Work,Mumbai,7,2025,Summer,69,4,1,Q3,69
VISA-0005818,1698192000000000000,2023-12-16,China,Student,Dubai,10,2023,Autumn,52,2,0,Q4,52
VISA-0005819,1722643200000000000,2024-09-28,Mexico,Student,Singapore,8,2024,Summer,56,5,1,Q3,56
VISA-0005820,1748476800000000000,2025-07-10,Mexico,Student,Sydney,5,2025,Spring,42,3,0,Q2,42
VISA-0005821,1755216000000000000,2025-10-11,Pakistan,Business,New Delhi,8,2025,Summer,57,4,1,Q3,57
VISA-0005822,1714521600000000000,2024-08-14,India,Student,New Delhi,5,2024,Spring,105,2,0,Q2,105
VISA-0005823,1733529600000000000,2025-01-08,Mexico,Tourist,Sydney,12,2024,Winter,32,5,1,Q4,32
VISA-0005824,1683849600000000000,2023-06-15,Pakistan,Tourist,Singapore,5,2023,Spring,34,4,0,Q2,34
VISA-0005825,1725753600000000000,2024-10-25,Nigeria,Tourist,New Delhi,9,2024,Autumn,47,6,0,Q3,47
VISA-0005826,1660089600000000000,2022-09-19,Bangladesh,Tourist,Paris,8,2022,Summer,40,2,1,Q3,40
VISA-0005827,1721692800000000000,2024-09-01,UK,Student,Paris,7,2024,Summer,40,1,1,Q3,40
VISA-0005828,1622937600000000000,2021-08-05,Kenya,Dependent,New Delhi,6,2021,Summer,60,6,1,Q2,60
VISA-0005829,1753574400000000000,2025-08-19,France,Tourist,Chennai,7,2025,Summer,23,6,1,Q3,23
VISA-0005830,1647993600000000000,2022-05-11,Unknown,Tourist,New Delhi,3,2022,Spring,49,2,0,Q1,49
VISA-0005831,1712966400000000000,2024-05-07,UK,Tourist,Dubai,4,2024,Spring,24,5,0,Q2,24
VISA-0005832,1611187200000000000,2021-03-31,Bangladesh,Student,Mumbai,1,2021,Winter,69,3,0,Q1,69
VISA-0005833,1633996800000000000,2021-12-24,Bangladesh,Work,Johannesburg,10,2021,Autumn,73,1,0,Q4,73
VISA-0005834,1764979200000000000,2026-03-11,France,Student,Mumbai,12,2025,Winter,95,5,1,Q4,95
VISA-0005835,1740787200000000000,2025-03-14,Canada,Transit,Berlin,3,2025,Spring,13,5,0,Q1,13
VISA-0005836,1644537600000000000,2022-03-05,Nigeria,Transit,Paris,2,2022,Winter,22,4,0,Q1,22
VISA-0005837,1630022400000000000,2021-10-16,France,Dependent,Mumbai,8,2021,Summer,50,4,1,Q3,50
VISA-0005838,1737936000000000000,2025-03-01,Australia,Business,Chennai,1,2025,Winter,33,0,0,Q1,33
VISA-0005839,1765584000000000000,2026-01-29,India,Student,Paris,12,2025,Winter,47,5,1,Q4,47
VISA-0005840,1635984000000000000,2022-01-07,Philippines,Work,Mumbai,11,2021,Autumn,64,3,0,Q4,64
VISA-0005841,1714089600000000000,2024-06-13,Mexico,Student,Ottawa,4,2024,Spring,48,4,0,Q2,48
VISA-0005842,1654128000000000000,2022-07-17,Canada,Business,Chennai,6,2022,Summer,45,3,1,Q2,45
VISA-0005843,1726790400000000000,2024-10-23,India,Tourist,New Delhi,9,2024,Autumn,33,4,0,Q3,33
VISA-0005844,1675382400000000000,2023-03-18,Pakistan,Tourist,Ottawa,2,2023,Winter,43,4,0,Q1,43
VISA-0005845,1629158400000000000,2021-09-30,UK,Tourist,Sydney,8,2021,Summer,44,1,1,Q3,44
VISA-0005846,1660608000000000000,2022-10-23,Unknown,Work,London,8,2022,Summer,68,1,1,Q3,68
VISA-0005847,1694304000000000000,2023-11-09,Nigeria,Work,Paris,9,2023,Autumn,60,6,0,Q3,60
VISA-0005848,1735257600000000000,2025-02-05,Germany,Tourist,Mumbai,12,2024,Winter,40,4,1,Q4,40
VISA-0005849,1612742400000000000,2021-03-29,UK,Student,Ottawa,2,2021,Winter,49,0,0,Q1,49
VISA-0005850,1760400000000000000,2025-11-26,Australia,Student,Mumbai,10,2025,Autumn,43,1,0,Q4,43
VISA-0005851,1711843200000000000,2024-06-01,Brazil,Business,Paris,3,2024,Spring,62,6,0,Q1,62
VISA-0005852,1747440000000000000,2025-06-17,Mexico,Tourist,Dubai,5,2025,Spring,31,5,0,Q2,31
VISA-0005853,1756080000000000000,2025-10-06,Philippines,Tourist,Berlin,8,2025,Summer,42,0,1,Q3,42
VISA-0005854,1633651200000000000,2021-12-17,Pakistan,Work,Mumbai,10,2021,Autumn,70,4,0,Q4,70
VISA-0005855,1624233600000000000,2021-08-29,Philippines,Work,Sydney,6,2021,Summer,69,0,1,Q2,69
VISA-0005856,1731888000000000000,2024-12-29,France,Dependent,New Delhi,11,2024,Autumn,41,0,0,Q4,41
VISA-0005857,1639008000000000000,2022-02-28,India,Work,London,12,2021,Winter,81,3,1,Q4,81
VISA-0005858,1632787200000000000,2021-11-22,Pakistan,Dependent,Johannesburg,9,2021,Autumn,55,1,0,Q3,55
VISA-0005859,1683331200000000000,2023-06-13,Philippines,Tourist,Berlin,5,2023,Spring,38,5,0,Q2,38
VISA-0005860,1753401600000000000,2025-09-15,Canada,Student,New Delhi,7,2025,Summer,52,4,1,Q3,52
VISA-0005861,1734825600000000000,2025-02-03,Bangladesh,Transit,Ottawa,12,2024,Winter,43,6,1,Q4,43
VISA-0005862,1691107200000000000,2023-09-07,France,Tourist,Singapore,8,2023,Summer,34,4,1,Q3,34
VISA-0005863,1640390400000000000,2022-02-21,Pakistan,Business,Mumbai,12,2021,Winter,58,5,1,Q4,58
VISA-0005864,1662422400000000000,2022-10-15,China,Tourist,Paris,9,2022,Autumn,39,1,0,Q3,39
VISA-0005865,1717977600000000000,2024-08-08,China,Student,London,6,2024,Summer,59,0,1,Q2,59
VISA-0005866,1634169600000000000,2021-11-30,Nigeria,Tourist,Sydney,10,2021,Autumn,47,3,0,Q4,47
VISA-0005867,1692144000000000000,2023-10-15,UK,Work,Singapore,8,2023,Summer,60,2,1,Q3,60
VISA-0005868,1660694400000000000,2022-09-23,Brazil,Business,Berlin,8,2022,Summer,37,2,1,Q3,37
VISA-0005869,1648512000000000000,2022-04-28,Brazil,Tourist,London,3,2022,Spring,30,1,0,Q1,30
VISA-0005870,1716768000000000000,2024-06-17,Australia,Tourist,New Delhi,5,2024,Spring,21,0,0,Q2,21
VISA-0005871,1753574400000000000,2025-09-06,India,Tourist,Chennai,7,2025,Summer,41,6,1,Q3,41
VISA-0005872,1632528000000000000,2021-11-04,China,Tourist,Ottawa,9,2021,Autumn,40,5,0,Q3,40
VISA-0005873,1735171200000000000,2025-02-23,Canada,Student,Mumbai,12,2024,Winter,59,3,1,Q4,59
VISA-0005874,1712880000000000000,2024-04-21,Kenya,Transit,Singapore,4,2024,Spring,9,4,0,Q2,9
VISA-0005875,1762300800000000000,2025-12-01,Philippines,Tourist,New Delhi,11,2025,Autumn,26,2,0,Q4,26
VISA-0005876,1753142400000000000,2025-09-16,Canada,Student,Unknown,7,2025,Summer,56,1,1,Q3,56
VISA-0005877,1625270400000000000,2021-09-02,Brazil,Student,Johannesburg,7,2021,Summer,61,5,1,Q3,61
VISA-0005878,1726617600000000000,2024-10-20,Kenya,Tourist,London,9,2024,Autumn,32,2,0,Q3,32
VISA-0005879,1702771200000000000,2024-02-03,UK,Tourist,Sydney,12,2023,Winter,48,6,1,Q4,48
VISA-0005880,1627257600000000000,2021-09-18,Mexico,Business,New Delhi,7,2021,Summer,54,0,1,Q3,54
VISA-0005881,1649980800000000000,2022-06-19,Mexico,Work,Paris,4,2022,Spring,65,4,0,Q2,65
VISA-0005882,1755561600000000000,2025-09-30,China,Business,Johannesburg,8,2025,Summer,42,1,1,Q3,42
VISA-0005883,1694995200000000000,2023-10-23,Germany,Student,Paris,9,2023,Autumn,35,0,0,Q3,35
VISA-0005884,1662768000000000000,2022-11-22,China,Work,Mumbai,9,2022,Autumn,73,5,0,Q3,73
VISA-0005885,1659916800000000000,2022-11-03,Brazil,Dependent,London,8,2022,Summer,87,0,1,Q3,87
VISA-0005886,1741564800000000000,2025-04-23,Brazil,Dependent,Berlin,3,2025,Spring,44,0,0,Q1,44
VISA-0005887,1654128000000000000,2022-08-04,Bangladesh,Dependent,Paris,6,2022,Summer,63,3,1,Q2,63
VISA-0005888,1634428800000000000,2021-11-25,Bangladesh,Tourist,Ottawa,10,2021,Autumn,39,6,0,Q4,39
VISA-0005889,1699920000000000000,2023-11-23,France,Unknown,Johannesburg,11,2023,Autumn,9,1,0,Q4,9
VISA-0005890,1765929600000000000,2026-01-28,Brazil,Business,Chennai,12,2025,Winter,42,2,1,Q4,42
VISA-0005891,1638316800000000000,2022-01-18,Nigeria,Business,Paris,12,2021,Winter,48,2,1,Q4,48
VISA-0005892,1649635200000000000,2022-06-05,Nigeria,Work,Sydney,4,2022,Spring,55,0,0,Q2,55
VISA-0005893,1683417600000000000,2023-05-27,India,Transit,Berlin,5,2023,Spring,20,6,0,Q2,20
VISA-0005894,1640908800000000000,2022-05-03,Germany,Student,Dubai,12,2021,Winter,123,4,1,Q4,123
VISA-0005895,1712016000000000000,2024-05-09,Pakistan,Business,Ottawa,4,2024,Spring,37,1,0,Q2,37
VISA-0005896,1649376000000000000,2022-06-08,Philippines,Work,Paris,4,2022,Spring,61,4,0,Q2,61
VISA-0005897,1629590400000000000,2021-10-06,Kenya,Business,Singapore,8,2021,Summer,45,6,1,Q3,45
VISA-0005898,1650585600000000000,2022-05-22,Canada,Business,Paris,4,2022,Spring,30,4,0,Q2,30
VISA-0005899,1756166400000000000,2025-10-11,Kenya,Tourist,New Delhi,8,2025,Summer,46,1,1,Q3,46
VISA-0005900,1756857600000000000,2025-09-09,UK,Tourist,Ottawa,9,2025,Autumn,6,2,0,Q3,6
VISA-0005901,1689120000000000000,2023-08-31,Mexico,Student,Paris,7,2023,Summer,50,2,1,Q3,50
VISA-0005902,1672531200000000000,2023-01-31,UK,Business,Singapore,1,2023,Winter,30,6,0,Q1,30
VISA-0005903,1738627200000000000,2025-03-22,Germany,Business,London,2,2025,Winter,46,1,0,Q1,46
VISA-0005904,1640044800000000000,2022-02-18,Nigeria,Dependent,Paris,12,2021,Winter,59,1,1,Q4,59
VISA-0005905,1712534400000000000,2024-05-15,Brazil,Business,Dubai,4,2024,Spring,37,0,0,Q2,37
VISA-0005906,1721347200000000000,2024-09-15,France,Work,Chennai,7,2024,Summer,58,4,1,Q3,58
VISA-0005907,1643760000000000000,2022-04-15,Canada,Tourist,Singapore,2,2022,Winter,72,2,0,Q1,72
VISA-0005908,1722297600000000000,2024-10-09,India,Work,Ottawa,7,2024,Summer,71,1,1,Q3,71
VISA-0005909,1705881600000000000,2024-03-10,UK,Dependent,Dubai,1,2024,Winter,48,0,0,Q1,48
VISA-0005910,1747440000000000000,2025-07-19,Australia,Work,London,5,2025,Spring,63,5,0,Q2,63
VISA-0005911,1636934400000000000,2021-12-26,Pakistan,Unknown,New Delhi,11,2021,Autumn,41,0,0,Q4,41
VISA-0005912,1706140800000000000,2024-02-26,China,Transit,Ottawa,1,2024,Winter,32,3,0,Q1,32
VISA-0005913,1740268800000000000,2025-04-24,Pakistan,Student,Berlin,2,2025,Winter,60,6,0,Q1,60
VISA-0005914,1653264000000000000,2022-07-03,Mexico,Business,London,5,2022,Spring,41,0,0,Q2,41
VISA-0005915,1726704000000000000,2024-11-01,France,Student,Johannesburg,9,2024,Autumn,43,3,0,Q3,43
VISA-0005916,1625097600000000000,2021-09-07,Bangladesh,Student,Paris,7,2021,Summer,68,3,1,Q3,68
VISA-0005917,1722643200000000000,2024-09-03,Brazil,Tourist,Berlin,8,2024,Summer,31,5,1,Q3,31
VISA-0005918,1705017600000000000,2024-02-20,Bangladesh,Tourist,Unknown,1,2024,Winter,39,4,0,Q1,39
VISA-0005919,1639785600000000000,2022-01-11,UK,Tourist,Singapore,12,2021,Winter,24,5,1,Q4,24
VISA-0005920,1619913600000000000,2021-07-08,UK,Work,Berlin,5,2021,Spring,67,6,0,Q2,67
VISA-0005921,1726963200000000000,2024-11-06,Nigeria,Tourist,Singapore,9,2024,Autumn,45,6,0,Q3,45
VISA-0005922,1647475200000000000,2022-05-05,Pakistan,Student,Berlin,3,2022,Spring,49,3,0,Q1,49
VISA-0005923,1687824000000000000,2023-08-12,India,Student,Singapore,6,2023,Summer,46,1,1,Q2,46
VISA-0005924,1618963200000000000,2021-06-24,Nigeria,Student,Mumbai,4,2021,Spring,64,2,0,Q2,64
VISA-0005925,1761350400000000000,2025-12-13,Nigeria,Dependent,London,10,2025,Autumn,49,5,0,Q4,49
VISA-0005926,1695945600000000000,2023-11-12,Pakistan,Student,Singapore,9,2023,Autumn,44,4,0,Q3,44
VISA-0005927,1756339200000000000,2025-09-23,Kenya,Tourist,Sydney,8,2025,Summer,26,3,1,Q3,26
VISA-0005928,1634688000000000000,2021-11-21,Kenya,Transit,New Delhi,10,2021,Autumn,32,2,0,Q4,32
VISA-0005929,1641859200000000000,2022-03-28,Philippines,Dependent,Singapore,1,2022,Winter,76,1,0,Q1,76
VISA-0005930,1705622400000000000,2024-03-24,UK,Work,Berlin,1,2024,Winter,65,4,0,Q1,65
VISA-0005931,1704758400000000000,2024-02-10,China,Business,Johannesburg,1,2024,Winter,32,1,0,Q1,32
VISA-0005932,1734134400000000000,2025-02-05,Philippines,Tourist,New Delhi,12,2024,Winter,53,5,1,Q4,53
VISA-0005933,1755734400000000000,2025-09-29,UK,Business,Mumbai,8,2025,Summer,39,3,1,Q3,39
VISA-0005934,1738972800000000000,2025-03-17,UK,Tourist,Sydney,2,2025,Winter,37,5,0,Q1,37
VISA-0005935,1631491200000000000,2021-11-07,Kenya,Student,Mumbai,9,2021,Autumn,55,0,0,Q3,55
VISA-0005936,1658188800000000000,2022-08-31,Philippines,Tourist,Sydney,7,2022,Summer,43,1,1,Q3,43
VISA-0005937,1753488000000000000,2025-10-20,Australia,Business,London,7,2025,Summer,86,5,1,Q3,86
VISA-0005938,1695945600000000000,2023-11-06,Kenya,Tourist,Chennai,9,2023,Autumn,38,4,0,Q3,38
VISA-0005939,1746144000000000000,2025-06-03,Bangladesh,Tourist,Paris,5,2025,Spring,32,4,0,Q2,32
VISA-0005940,1698192000000000000,2024-01-01,China,Tourist,New Delhi,10,2023,Autumn,68,2,0,Q4,68
VISA-0005941,1617235200000000000,2021-05-13,Nigeria,Business,Singapore,4,2021,Spring,42,3,0,Q2,42
VISA-0005942,1684022400000000000,2023-06-01,Germany,Tourist,Mumbai,5,2023,Spring,18,6,0,Q2,18
VISA-0005943,1739491200000000000,2025-04-15,Bangladesh,Student,Dubai,2,2025,Winter,60,4,0,Q1,60
VISA-0005944,1712707200000000000,2024-05-09,Kenya,Tourist,Johannesburg,4,2024,Spring,29,2,0,Q2,29
VISA-0005945,1630368000000000000,2021-10-19,France,Business,Mumbai,8,2021,Summer,49,1,1,Q3,49
VISA-0005946,1642550400000000000,2022-02-27,India,Tourist,Johannesburg,1,2022,Winter,39,2,0,Q1,39
VISA-0005947,1744156800000000000,2025-05-06,Australia,Dependent,London,4,2025,Spring,27,2,0,Q2,27
VISA-0005948,1763856000000000000,2026-02-15,Nigeria,Tourist,Paris,11,2025,Autumn,84,6,0,Q4,84
VISA-0005949,1728172800000000000,2024-11-13,France,Tourist,Singapore,10,2024,Autumn,38,6,0,Q4,38
VISA-0005950,1624838400000000000,2021-08-12,Pakistan,Tourist,Chennai,6,2021,Summer,45,0,1,Q2,45
VISA-0005951,1707091200000000000,2024-03-05,Philippines,Tourist,London,2,2024,Winter,29,0,0,Q1,29
VISA-0005952,1740182400000000000,2025-04-19,China,Student,Singapore,2,2025,Winter,56,5,0,Q1,56
VISA-0005953,1710374400000000000,2024-04-26,China,Tourist,Mumbai,3,2024,Spring,43,3,0,Q1,43
VISA-0005954,1703116800000000000,2024-02-24,Bangladesh,Dependent,Mumbai,12,2023,Winter,65,3,1,Q4,65
VISA-0005955,1683072000000000000,2023-06-20,Pakistan,Student,London,5,2023,Spring,48,2,0,Q2,48
VISA-0005956,1647993600000000000,2022-05-17,Pakistan,Tourist,Dubai,3,2022,Spring,55,2,0,Q1,55
VISA-0005957,1653696000000000000,2022-07-14,Canada,Student,Paris,5,2022,Spring,47,5,0,Q2,47
VISA-0005958,1726963200000000000,2024-10-22,Pakistan,Tourist,Dubai,9,2024,Autumn,30,6,0,Q3,30
VISA-0005959,1620432000000000000,2021-06-11,India,Tourist,Sydney,5,2021,Spring,34,5,0,Q2,34
VISA-0005960,1622764800000000000,2021-07-11,Canada,Tourist,Singapore,6,2021,Summer,37,4,1,Q2,37
VISA-0005961,1671926400000000000,2023-02-23,Philippines,Tourist,Mumbai,12,2022,Winter,60,6,1,Q4,60
VISA-0005962,1731542400000000000,2024-12-05,Bangladesh,Tourist,Singapore,11,2024,Autumn,21,3,0,Q4,21
VISA-0005963,1713052800000000000,2024-06-02,UK,Dependent,London,4,2024,Spring,49,6,0,Q2,49
VISA-0005964,1702425600000000000,2024-02-27,Kenya,Work,London,12,2023,Winter,76,2,1,Q4,76
VISA-0005965,1693612800000000000,2023-10-14,France,Dependent,Johannesburg,9,2023,Autumn,42,5,0,Q3,42
VISA-0005966,1626912000000000000,2021-09-17,Nigeria,Tourist,Berlin,7,2021,Summer,57,3,1,Q3,57
VISA-0005967,1661731200000000000,2022-10-12,Germany,Dependent,Ottawa,8,2022,Summer,44,0,1,Q3,44
VISA-0005968,1621987200000000000,2021-07-07,China,Student,London,5,2021,Spring,42,2,0,Q2,42
VISA-0005969,1728950400000000000,2024-10-31,Australia,Tourist,Ottawa,10,2024,Autumn,16,1,0,Q4,16
VISA-0005970,1727827200000000000,2024-11-02,Nigeria,Business,Paris,10,2024,Autumn,31,2,0,Q4,31
VISA-0005971,1650153600000000000,2022-05-14,Germany,Tourist,Mumbai,4,2022,Spring,27,6,0,Q2,27
VISA-0005972,1655596800000000000,2022-08-28,Kenya,Student,Mumbai,6,2022,Summer,70,6,1,Q2,70
VISA-0005973,1659484800000000000,2022-09-24,UK,Business,London,8,2022,Summer,52,2,1,Q3,52
VISA-0005974,1749600000000000000,2025-08-14,Australia,Work,Sydney,6,2025,Summer,64,2,1,Q2,64
VISA-0005975,1686441600000000000,2023-07-25,Unknown,Student,Paris,6,2023,Summer,44,6,1,Q2,44
VISA-0005976,1729555200000000000,2024-12-08,Canada,Student,Chennai,10,2024,Autumn,47,1,0,Q4,47
VISA-0005977,1680220800000000000,2023-05-06,Bangladesh,Tourist,Paris,3,2023,Spring,36,4,0,Q1,36
VISA-0005978,1719532800000000000,2024-07-25,Pakistan,Transit,Singapore,6,2024,Summer,27,4,1,Q2,27
VISA-0005979,1692748800000000000,2023-10-16,China,Tourist,Ottawa,8,2023,Summer,54,2,1,Q3,54
VISA-0005980,1653350400000000000,2022-06-23,Germany,Tourist,Johannesburg,5,2022,Spring,30,1,0,Q2,30
VISA-0005981,1747612800000000000,2025-07-14,India,Tourist,Singapore,5,2025,Spring,56,0,0,Q2,56
VISA-0005982,1721174400000000000,2024-09-06,Kenya,Dependent,Paris,7,2024,Summer,51,2,1,Q3,51
VISA-0005983,1730764800000000000,2025-01-04,Canada,Business,Ottawa,11,2024,Autumn,60,1,0,Q4,60
VISA-0005984,1758931200000000000,2025-11-15,Philippines,Student,London,9,2025,Autumn,49,5,0,Q3,49
VISA-0005985,1648684800000000000,2022-04-01,France,Transit,Singapore,3,2022,Spring,1,3,0,Q1,1
VISA-0005986,1623888000000000000,2021-07-22,Pakistan,Tourist,Ottawa,6,2021,Summer,35,3,1,Q2,35
VISA-0005987,1701216000000000000,2024-01-13,Germany,Dependent,New Delhi,11,2023,Autumn,45,2,0,Q4,45
VISA-0005988,1660867200000000000,2022-09-27,UK,Tourist,Berlin,8,2022,Summer,39,4,1,Q3,39
VISA-0005989,1678147200000000000,2023-05-01,Kenya,Student,London,3,2023,Spring,55,1,0,Q1,55
VISA-0005990,1646438400000000000,2022-04-13,Philippines,Tourist,Johannesburg,3,2022,Spring,39,5,0,Q1,39
VISA-0005991,1672272000000000000,2023-01-30,Kenya,Transit,Singapore,12,2022,Winter,32,3,1,Q4,32
VISA-0005992,1671408000000000000,2023-02-21,Pakistan,Dependent,Mumbai,12,2022,Winter,64,0,1,Q4,64
VISA-0005993,1664668800000000000,2022-11-25,Australia,Work,Singapore,10,2022,Autumn,54,6,0,Q4,54
VISA-0005994,1702857600000000000,2024-01-31,Germany,Tourist,Johannesburg,12,2023,Winter,44,0,1,Q4,44
VISA-0005995,1684195200000000000,2023-06-16,China,Tourist,Paris,5,2023,Spring,31,1,0,Q2,31
VISA-0005996,1627171200000000000,2021-09-23,UK,Student,London,7,2021,Summer,60,6,1,Q3,60
VISA-0005997,1699401600000000000,2023-12-11,Australia,Tourist,Berlin,11,2023,Autumn,33,2,0,Q4,33
VISA-0005998,1637020800000000000,2021-12-17,China,Tourist,Singapore,11,2021,Autumn,31,1,0,Q4,31
VISA-0005999,1658966400000000000,2022-10-04,France,Work,Paris,7,2022,Summer,68,3,1,Q3,68
VISA-0006000,1674864000000000000,2023-05-20,China,Work,Ottawa,1,2023,Winter,112,5,0,Q1,112
