case_status,application_date,decision_date,processing_office,applicant_country,applicant_age,education_level,job_title,occupation_category,prevailing_wage,wage_category,full_time_position,processing_time,season
C,2022-08-05,2022-08-21,NEBRASKA SERVICE CENTER,INDIA,34.0,BACHELOR'S,NEPHROLOGIST,ENGINEERING,187200.0,HIGH,Y,16,Summer
C,2022-07-09,2022-08-01,VERMONT SERVICE CENTER,PHILIPPINES,28.0,MASTER'S,POST DOCTORAL FELLOW,IT,39957.0,LOW,Y,23,Summer
C,2022-09-01,2022-10-11,VERMONT SERVICE CENTER,INDIA,29.0,BACHELOR'S,OPERATION ANALYST,FINANCE,59966.0,LOW,Y,40,Fall
C,2022-09-17,2022-10-20,NEBRASKA SERVICE CENTER,CHINA,33.0,MASTER'S,SR. INDUSTRIAL ENGINEER,IT,78832.0,MEDIUM,Y,33,Fall
C,2022-12-08,2022-12-18,CALIFORNIA SERVICE CENTER,CHINA,24.0,BACHELOR'S,HEMATOLOGIST/ONCOLOGIST,IT,169645.0,HIGH,N,10,Winter
C,2022-03-15,2022-05-09,POTOMAC SERVICE CENTER,PHILIPPINES,39.0,BACHELOR'S,FAMILY MEDICINE PHYSICIAN,IT,131581.0,HIGH,N,55,Spring
C,2022-01-20,2022-03-20,CALIFORNIA SERVICE CENTER,INDIA,52.0,MASTER'S,PEDIATRICIAN,IT,187200.0,HIGH,N,59,Winter
C,2022-05-31,2022-07-22,NEBRASKA SERVICE CENTER,INDIA,33.0,MASTER'S,INSTRUCTOR OF BUSINESS ACCOUNTING,OTHER,45010.0,LOW,N,52,Spring
C,2022-12-03,2023-01-13,NEBRASKA SERVICE CENTER,INDIA,41.0,BACHELOR'S,PEDIATRICIAN,MEDICAL,166982.0,HIGH,N,41,Winter
C,2022-08-25,2022-10-05,POTOMAC SERVICE CENTER,CHINA,30.0,BACHELOR'S,HOSPITALIST (INTERNIST),IT,41725.0,LOW,Y,41,Summer
C,2022-08-02,2022-09-24,TEXAS SERVICE CENTER,CHINA,57.0,MASTER'S,PEDIATRICIAN,IT,187200.0,HIGH,Y,53,Summer
CW,2022-11-29,2022-12-27,CALIFORNIA SERVICE CENTER,INDIA,24.0,MASTER'S,NEPHROLOGIST,FINANCE,187199.0,HIGH,Y,28,Fall
C,2022-04-24,2022-05-25,VERMONT SERVICE CENTER,INDIA,44.0,BACHELOR'S,PODIATRIST,IT,54330.0,LOW,Y,31,Spring
CW,2022-01-03,2022-02-16,TEXAS SERVICE CENTER,PHILIPPINES,32.0,BACHELOR'S,INTERVENTIONAL CARDIOLOGIST,IT,326105.0,HIGH,Y,44,Winter
C,2022-10-06,2022-11-07,TEXAS SERVICE CENTER,PHILIPPINES,22.0,MASTER'S,PHARMACY MANAGER,FINANCE,120349.0,HIGH,Y,32,Fall
C,2022-06-09,2022-07-03,POTOMAC SERVICE CENTER,INDIA,50.0,MASTER'S,PHYSICAL THERAPIST,IT,28.66,LOW,N,24,Summer
C,2022-08-31,2022-09-23,VERMONT SERVICE CENTER,INDIA,43.0,MASTER'S,TECHNICAL DESIGN PROGRAM INSTRUCTOR,IT,75277.0,MEDIUM,Y,23,Summer
CW,2022-02-01,2022-02-15,NEBRASKA SERVICE CENTER,INDIA,42.0,BACHELOR'S,RESEARCH ASSOCIATE,IT,29078.0,LOW,Y,14,Winter
C,2022-05-22,2022-06-14,CALIFORNIA SERVICE CENTER,INDIA,41.0,MASTER'S,PHYSICAL THERAPIST,IT,32.02,LOW,Y,23,Spring
C,2022-01-03,2022-01-17,NEBRASKA SERVICE CENTER,SOUTH KOREA,34.0,BACHELOR'S,SOFTWARE DEVELOPER,ENGINEERING,48901.0,LOW,Y,14,Winter
D,2022-10-29,2022-11-15,POTOMAC SERVICE CENTER,INDIA,30.0,MASTER'S,ASSISTANT PROFESSOR OF NURSING,MEDICAL,60307.0,MEDIUM,Y,17,Fall
C,2022-12-24,2023-01-18,POTOMAC SERVICE CENTER,INDIA,28.0,BACHELOR'S,PHYSICAL THERAPIST,FINANCE,66602.0,MEDIUM,Y,25,Winter
C,2022-09-07,2022-11-03,POTOMAC SERVICE CENTER,INDIA,49.0,BACHELOR'S,CASE MANAGER,IT,29.21,LOW,N,57,Fall
C,2022-05-21,2022-07-03,TEXAS SERVICE CENTER,INDIA,26.0,MASTER'S,PHYSICAL THERAPIST,ENGINEERING,32.02,LOW,N,43,Spring
C,2022-12-02,2022-12-20,NEBRASKA SERVICE CENTER,INDIA,36.0,MASTER'S,FINANCE MANAGER,IT,85800.0,MEDIUM,Y,18,Winter
C,2022-02-27,2022-04-10,CALIFORNIA SERVICE CENTER,CHINA,58.0,BACHELOR'S,ASSISTANT PROFESSOR (PHARMACEUTICAL SCIENCES),FINANCE,40730.0,LOW,Y,42,Winter
C,2022-10-06,2022-10-26,VERMONT SERVICE CENTER,INDIA,52.0,MASTER'S,SENIOR APPLICATION DEVELOPER,ENGINEERING,70907.0,MEDIUM,Y,20,Fall
D,2022-09-06,2022-09-17,POTOMAC SERVICE CENTER,MEXICO,54.0,MASTER'S,ESL INSTRUCTIOR,IT,24340.0,LOW,Y,11,Fall
C,2022-08-10,2022-09-06,POTOMAC SERVICE CENTER,CHINA,30.0,MASTER'S,ACCOUNTANT,IT,24.92,LOW,Y,27,Summer
CW,2022-06-20,2022-07-28,TEXAS SERVICE CENTER,INDIA,22.0,BACHELOR'S,ACCOUNTANT,MEDICAL,24.92,LOW,Y,38,Summer
C,2022-12-15,2023-01-08,POTOMAC SERVICE CENTER,INDIA,42.0,MASTER'S,QA TESTER,IT,24.64,LOW,Y,24,Winter
C,2022-09-07,2022-09-25,TEXAS SERVICE CENTER,CHINA,37.0,MASTER'S,DENTIST,IT,56.02,LOW,N,18,Fall
C,2022-12-30,2023-01-16,VERMONT SERVICE CENTER,INDIA,53.0,BACHELOR'S,PHARMACY MANAGER,IT,44.55,LOW,Y,17,Winter
C,2022-03-18,2022-05-10,CALIFORNIA SERVICE CENTER,INDIA,23.0,MASTER'S,PHYSICAL THERAPIST,IT,66602.0,MEDIUM,Y,53,Spring
C,2022-03-14,2022-04-12,POTOMAC SERVICE CENTER,INDIA,41.0,MASTER'S,ASSISTANT PROFESSOR OF NURSING,IT,60307.0,MEDIUM,Y,29,Spring
C,2022-10-27,2022-12-07,CALIFORNIA SERVICE CENTER,CANADA,24.0,BACHELOR'S,ASSISTANT ATHLETIC TRAINER,ENGINEERING,28930.0,LOW,Y,41,Fall
W,2022-05-22,2022-06-03,VERMONT SERVICE CENTER,CHINA,37.0,MASTER'S,PHYSICAL THERAPIST,IT,32.02,LOW,Y,12,Spring
CW,2022-11-21,2023-01-12,POTOMAC SERVICE CENTER,INDIA,44.0,BACHELOR'S,SENIOR RESEARCH ASSOCIATE/ SCIENTIST,IT,38875.0,LOW,Y,52,Fall
W,2022-06-15,2022-08-05,POTOMAC SERVICE CENTER,INDIA,46.0,MASTER'S,RESEARCH ASSOCIATE,IT,18.49,LOW,Y,51,Summer
C,2022-10-26,2022-12-07,NEBRASKA SERVICE CENTER,INDIA,44.0,DOCTORATE,DENTIST,MEDICAL,116522.0,HIGH,Y,42,Fall
CW,2022-01-12,2022-01-26,VERMONT SERVICE CENTER,CHINA,52.0,MASTER'S,INSTRUCTOR,MEDICAL,37149.0,LOW,Y,14,Winter
C,2022-05-15,2022-06-25,NEBRASKA SERVICE CENTER,CANADA,41.0,MASTER'S,QUALITY CONTROL DENTIST - NON CLINICAL (CHART AUDITOR),ENGINEERING,49421.0,LOW,N,41,Spring
CW,2022-08-17,2022-09-21,VERMONT SERVICE CENTER,MEXICO,40.0,MASTER'S,RESEARCH ASSOCIATE,FINANCE,25979.0,LOW,Y,35,Summer
C,2022-09-25,2022-10-29,TEXAS SERVICE CENTER,CHINA,26.0,MASTER'S,NURSING INSTRUCTOR,IT,60307.0,MEDIUM,Y,34,Fall
C,2022-01-15,2022-02-05,TEXAS SERVICE CENTER,INDIA,45.0,BACHELOR'S,OCCUPATIONAL THERAPIST,IT,33.49,LOW,Y,21,Winter
C,2022-12-19,2023-01-19,POTOMAC SERVICE CENTER,INDIA,56.0,BACHELOR'S,QUALITY ASSURANCE ANALYST & TESTER,IT,65478.0,MEDIUM,N,31,Winter
C,2022-06-28,2022-07-10,CALIFORNIA SERVICE CENTER,CANADA,41.0,MASTER'S,PHYSICAL THERAPIST,IT,32.02,LOW,Y,12,Summer
C,2022-06-16,2022-08-02,POTOMAC SERVICE CENTER,SOUTH KOREA,41.0,MASTER'S,PROCESS ENGINEER III,IT,69888.0,MEDIUM,Y,47,Summer
C,2022-08-07,2022-09-02,POTOMAC SERVICE CENTER,CHINA,38.0,BACHELOR'S,PROJECT ENGINEER,FINANCE,50960.0,LOW,Y,26,Summer
C,2022-01-22,2022-02-11,VERMONT SERVICE CENTER,PHILIPPINES,55.0,MASTER'S,ASSISTANT PROFESSOR,OTHER,41590.0,LOW,Y,20,Winter
C,2022-06-26,2022-07-15,VERMONT SERVICE CENTER,PHILIPPINES,49.0,MASTER'S,DENTIST,IT,116522.0,HIGH,Y,19,Summer
C,2022-04-29,2022-06-08,CALIFORNIA SERVICE CENTER,INDIA,30.0,DOCTORATE,PHYSICAL THERAPIST,IT,32.02,LOW,N,40,Spring
C,2022-07-20,2022-09-01,VERMONT SERVICE CENTER,PHILIPPINES,36.0,MASTER'S,NETWORK & COMPUTER SYSTEMS ADMINISTRATOR,MEDICAL,22.85,LOW,N,43,Summer
C,2022-10-25,2022-11-25,VERMONT SERVICE CENTER,INDIA,45.0,BACHELOR'S,FINANCE MANAGER,IT,105518.0,HIGH,Y,31,Fall
C,2022-03-19,2022-05-05,NEBRASKA SERVICE CENTER,INDIA,54.0,BACHELOR'S,HOSPITALIST,IT,163821.0,HIGH,Y,47,Spring
C,2022-12-21,2023-02-03,NEBRASKA SERVICE CENTER,CHINA,24.0,BACHELOR'S,"MEDICAL INTERN (PGY 1), INTERNAL MEDICINE",IT,55630.0,LOW,Y,44,Winter
C,2022-08-20,2022-10-17,POTOMAC SERVICE CENTER,INDIA,56.0,MASTER'S,ASSISTANT PROFESSOR,FINANCE,22410.0,LOW,Y,58,Summer
C,2022-06-05,2022-06-27,POTOMAC SERVICE CENTER,INDIA,57.0,BACHELOR'S,"UPPER YEAR MEDICAL RESIDENT (PGY 2-3), INTERNAL MEDICINE",IT,57432.0,LOW,Y,22,Summer
C,2022-04-18,2022-06-14,TEXAS SERVICE CENTER,PHILIPPINES,59.0,MASTER'S,"CHIEF RESIDENT (PGY 4), INTERNAL MEDICINE",IT,62662.0,MEDIUM,Y,57,Spring
CW,2022-05-17,2022-05-28,CALIFORNIA SERVICE CENTER,INDIA,52.0,DOCTORATE,"PHYSICIAN, HOSPITALIST",ENGINEERING,84302.0,MEDIUM,Y,11,Spring
C,2022-12-14,2023-01-18,POTOMAC SERVICE CENTER,SOUTH KOREA,23.0,MASTER'S,"UPPER YEAR MEDICAL RESIDENT (PGY 2-3), INTERNAL MEDICINE",ENGINEERING,57432.0,LOW,Y,35,Winter
C,2022-06-05,2022-06-20,VERMONT SERVICE CENTER,INDIA,49.0,MASTER'S,ACCOUNTANT,IT,47674.0,LOW,Y,15,Summer
C,2022-12-13,2022-12-25,NEBRASKA SERVICE CENTER,INDIA,43.0,MASTER'S,"MEDICAL RESIDENT (PGY 1), INTERNAL MEDICINE",IT,55630.0,LOW,Y,12,Winter
C,2022-02-14,2022-03-16,POTOMAC SERVICE CENTER,INDIA,59.0,MASTER'S,PRE-DOCTORAL FELLOW,IT,26440.0,LOW,Y,30,Winter
C,2022-05-16,2022-06-09,POTOMAC SERVICE CENTER,CHINA,48.0,BACHELOR'S,ENGINEER,ENGINEERING,58510.0,LOW,Y,24,Spring
C,2022-12-22,2023-01-16,NEBRASKA SERVICE CENTER,INDIA,49.0,MASTER'S,SENIOR SYSTEMS ANALYST JC60,IT,86632.0,MEDIUM,Y,25,Winter
C,2022-05-03,2022-05-22,POTOMAC SERVICE CENTER,INDIA,59.0,BACHELOR'S,"MANAGER, ENGINEERING PROJECTS",IT,105352.0,HIGH,Y,19,Spring
C,2022-08-24,2022-10-17,POTOMAC SERVICE CENTER,INDIA,48.0,BACHELOR'S,RESEARCH ASSISTANT PATHOLOGY,IT,50128.0,LOW,Y,54,Summer
C,2022-04-29,2022-06-11,CALIFORNIA SERVICE CENTER,INDIA,23.0,MASTER'S,PRACTICE MANAGER,IT,122491.0,HIGH,Y,43,Spring
C,2022-04-03,2022-04-15,TEXAS SERVICE CENTER,INDIA,30.0,MASTER'S,SR. CONSULTANT,EDUCATION,69888.0,MEDIUM,Y,12,Spring
C,2022-07-28,2022-09-04,TEXAS SERVICE CENTER,CHINA,41.0,MASTER'S,COMPUTER PROGRAMMER,ENGINEERING,84053.0,MEDIUM,Y,38,Summer
C,2022-02-21,2022-03-03,NEBRASKA SERVICE CENTER,INDIA,24.0,BACHELOR'S,SOFTWARE ENGINEER,IT,67829.0,MEDIUM,Y,10,Winter
C,2022-06-08,2022-07-07,TEXAS SERVICE CENTER,INDIA,55.0,BACHELOR'S,PRACTICE MANAGER,FINANCE,94453.0,MEDIUM,Y,29,Summer
C,2022-08-16,2022-10-09,POTOMAC SERVICE CENTER,INDIA,22.0,MASTER'S,TECHNO-FUNCTIONAL CONSULTANT,MEDICAL,68390.0,MEDIUM,Y,54,Summer
C,2022-05-26,2022-06-10,POTOMAC SERVICE CENTER,INDIA,31.0,MASTER'S,"SOFTWARE DEVELOPERS, APPLICATIONS",ENGINEERING,68390.0,MEDIUM,Y,15,Spring
C,2022-10-20,2022-11-04,VERMONT SERVICE CENTER,INDIA,42.0,MASTER'S,TECHNICAL SOLUTIONS ENGINEER,IT,66123.0,MEDIUM,Y,15,Fall
C,2022-12-26,2023-02-17,TEXAS SERVICE CENTER,MEXICO,59.0,MASTER'S,DSP SYSTEMS SOFTWARE ENGINEER,MEDICAL,68390.0,MEDIUM,Y,53,Winter
C,2022-12-10,2022-12-30,CALIFORNIA SERVICE CENTER,INDIA,48.0,MASTER'S,STAFF CONSULTANT,IT,63710.0,MEDIUM,N,20,Winter
C,2022-03-15,2022-05-11,CALIFORNIA SERVICE CENTER,INDIA,48.0,MASTER'S,STAFF CONSULTANT,IT,78603.0,MEDIUM,Y,57,Spring
C,2022-10-04,2022-10-27,TEXAS SERVICE CENTER,INDIA,46.0,MASTER'S,SENIOR SOFTWARE DEVELOPER,IT,88067.0,MEDIUM,Y,23,Fall
C,2022-09-20,2022-11-12,POTOMAC SERVICE CENTER,INDIA,35.0,BACHELOR'S,COMPUTER PROGRAMMER,MEDICAL,67496.0,MEDIUM,Y,53,Fall
C,2022-05-23,2022-06-11,VERMONT SERVICE CENTER,INDIA,34.0,BACHELOR'S,STAFF CONSULTANT,ENGINEERING,63710.0,MEDIUM,Y,19,Spring
C,2022-04-21,2022-05-10,POTOMAC SERVICE CENTER,INDIA,41.0,MASTER'S,"SENIOR SOFTWARE ENGINEER, GATEWAY",IT,88067.0,MEDIUM,Y,19,Spring
C,2022-01-02,2022-01-14,POTOMAC SERVICE CENTER,INDIA,55.0,BACHELOR'S,SR. CONSULTANT,IT,69888.0,MEDIUM,Y,12,Winter
C,2022-07-25,2022-08-21,TEXAS SERVICE CENTER,CHINA,49.0,MASTER'S,SENIOR CONSULTANT,ENGINEERING,63710.0,MEDIUM,Y,27,Summer
C,2022-12-12,2023-01-24,CALIFORNIA SERVICE CENTER,INDIA,32.0,MASTER'S,SENIOR SOFTWARE ENGINEER,FINANCE,88067.0,MEDIUM,Y,43,Winter
C,2022-11-09,2022-12-19,CALIFORNIA SERVICE CENTER,INDIA,27.0,MASTER'S,PRINCIPLE CONSULTANT,EDUCATION,68390.0,MEDIUM,N,40,Fall
C,2022-07-02,2022-08-05,CALIFORNIA SERVICE CENTER,INDIA,34.0,BACHELOR'S,SENIOR CLOUD ADMIN,IT,55182.0,LOW,Y,34,Summer
C,2022-06-08,2022-07-14,NEBRASKA SERVICE CENTER,INDIA,47.0,MASTER'S,SOFTWARE QUALITY ASSURANCE ENGINEER,IT,74818.0,MEDIUM,Y,36,Summer
C,2022-12-29,2023-01-28,POTOMAC SERVICE CENTER,INDIA,51.0,BACHELOR'S,VALIDATION ENGINEER,IT,68494.0,MEDIUM,Y,30,Winter
C,2022-06-20,2022-08-16,TEXAS SERVICE CENTER,INDIA,39.0,MASTER'S,PRINCIPLE CONSULTANT,ENGINEERING,63710.0,MEDIUM,N,57,Summer
C,2022-05-09,2022-05-22,NEBRASKA SERVICE CENTER,INDIA,46.0,MASTER'S,SENIOR CLOUD ADMIN,IT,55182.0,LOW,Y,13,Spring
C,2022-11-16,2023-01-02,CALIFORNIA SERVICE CENTER,CHINA,50.0,MASTER'S,STAFF CONSULTANT,IT,63710.0,MEDIUM,Y,47,Fall
C,2022-08-11,2022-08-26,NEBRASKA SERVICE CENTER,INDIA,59.0,MASTER'S,SENIOR TECHNICAL LEADER,IT,109075.0,HIGH,Y,15,Summer
C,2022-02-20,2022-04-21,VERMONT SERVICE CENTER,INDIA,25.0,MASTER'S,"SOFTWARE DEVELOPERS, APPLICATIONS",IT,68390.0,MEDIUM,Y,60,Winter
C,2022-12-08,2023-01-27,TEXAS SERVICE CENTER,INDIA,39.0,BACHELOR'S,STAFF CONSULTANT,IT,63710.0,MEDIUM,N,50,Winter
C,2022-05-02,2022-05-18,TEXAS SERVICE CENTER,CHINA,22.0,MASTER'S,SOFTWARE ENGINEER,IT,88067.0,MEDIUM,Y,16,Spring
C,2022-04-16,2022-05-10,TEXAS SERVICE CENTER,PHILIPPINES,27.0,MASTER'S,PROGRAMMER ANALYST,ENGINEERING,63710.0,MEDIUM,Y,24,Spring
C,2022-09-23,2022-11-11,NEBRASKA SERVICE CENTER,SOUTH KOREA,49.0,BACHELOR'S,SOFTWARE QUALITY ASSURANCE ENGINEER,IT,74818.0,MEDIUM,Y,49,Fall
C,2022-07-09,2022-08-24,CALIFORNIA SERVICE CENTER,INDIA,31.0,MASTER'S,"SOFTWARE ENGINEER, VALUE ADDED SERVICES",IT,68390.0,MEDIUM,Y,46,Summer
C,2022-01-14,2022-02-04,POTOMAC SERVICE CENTER,INDIA,34.0,BACHELOR'S,SENIOR CONSULTANT,ENGINEERING,63710.0,MEDIUM,Y,21,Winter
C,2022-10-08,2022-10-29,POTOMAC SERVICE CENTER,CHINA,22.0,BACHELOR'S,IM SOFTWARE ENGINEER MANAGER,ENGINEERING,127941.0,HIGH,Y,21,Fall
D,2022-11-02,2022-12-20,NEBRASKA SERVICE CENTER,INDIA,53.0,BACHELOR'S,TECHNO-FUNCTIONAL CONSULTANT,IT,88067.0,MEDIUM,Y,48,Fall
C,2022-01-07,2022-01-19,TEXAS SERVICE CENTER,INDIA,48.0,MASTER'S,STAFF CONSULTANT,OTHER,63710.0,MEDIUM,Y,12,Winter
C,2022-12-02,2023-01-08,CALIFORNIA SERVICE CENTER,INDIA,41.0,MASTER'S,STAFF CONSULTANT,IT,63710.0,MEDIUM,Y,37,Winter
C,2022-08-27,2022-10-04,TEXAS SERVICE CENTER,INDIA,49.0,MASTER'S,TECHNICAL LEADER,ENGINEERING,93475.0,MEDIUM,Y,38,Summer
C,2022-04-16,2022-05-09,POTOMAC SERVICE CENTER,CHINA,55.0,BACHELOR'S,SOFTWARE DEVELOPER,IT,68390.0,MEDIUM,Y,23,Spring
C,2022-12-30,2023-01-16,CALIFORNIA SERVICE CENTER,INDIA,51.0,BACHELOR'S,"RESEARCH, DEVELOPMENT & PRODUCTS STAFF ENGINEER",IT,58926.0,LOW,Y,17,Winter
C,2022-04-09,2022-04-24,VERMONT SERVICE CENTER,INDIA,22.0,BACHELOR'S,SR. CONSULTANT,IT,87859.0,MEDIUM,Y,15,Spring
C,2022-07-30,2022-08-19,NEBRASKA SERVICE CENTER,CANADA,37.0,MASTER'S,SENIOR BUSINESS ANALYST,ENGINEERING,104562.0,HIGH,Y,20,Summer
C,2022-01-23,2022-02-16,TEXAS SERVICE CENTER,INDIA,41.0,MASTER'S,SENIOR SOFTWARE ENGINEER,IT,78603.0,MEDIUM,Y,24,Winter
CW,2022-10-13,2022-11-18,POTOMAC SERVICE CENTER,SOUTH KOREA,40.0,BACHELOR'S,SENIOR CONSULTANT,ENGINEERING,58989.0,LOW,Y,36,Fall
CW,2022-08-04,2022-09-25,POTOMAC SERVICE CENTER,INDIA,39.0,MASTER'S,STAFF CONSULTANT,ENGINEERING,58989.0,LOW,Y,52,Summer
C,2022-06-24,2022-07-13,POTOMAC SERVICE CENTER,INDIA,32.0,BACHELOR'S,"SOFTWARE ENGINEER, JAVA WEB APP DEVELOPER",ENGINEERING,68390.0,MEDIUM,N,19,Summer
CW,2022-01-29,2022-03-07,CALIFORNIA SERVICE CENTER,INDIA,36.0,MASTER'S,STAFF CONSULTANT,IT,58989.0,LOW,Y,37,Winter
C,2022-06-12,2022-07-12,NEBRASKA SERVICE CENTER,INDIA,23.0,BACHELOR'S,COMPUTER PROGRAMMER,IT,67496.0,MEDIUM,Y,30,Summer
W,2022-08-13,2022-10-12,TEXAS SERVICE CENTER,CHINA,24.0,MASTER'S,HILL ROM INC,IT,68494.0,MEDIUM,Y,60,Summer
C,2022-09-12,2022-10-20,POTOMAC SERVICE CENTER,INDIA,35.0,MASTER'S,PRINCIPAL SOFTWARE ENGINEER,FINANCE,107744.0,HIGH,Y,38,Fall
C,2022-12-14,2023-01-11,NEBRASKA SERVICE CENTER,INDIA,41.0,BACHELOR'S,STAFF CONSULTANT,FINANCE,67496.0,MEDIUM,Y,28,Winter
C,2022-10-23,2022-11-17,POTOMAC SERVICE CENTER,INDIA,58.0,MASTER'S,SOFTWARE ENGINEER - EMS DESIGN AND DEVELOPMENT,MEDICAL,68390.0,MEDIUM,Y,25,Fall
C,2022-06-27,2022-07-20,POTOMAC SERVICE CENTER,INDIA,34.0,MASTER'S,LEAD ANALYST,IT,78603.0,MEDIUM,Y,23,Summer
C,2022-10-14,2022-12-10,POTOMAC SERVICE CENTER,CANADA,42.0,MASTER'S,MOBILE PERFORMANCE SOFTWARE ENGINEER,IT,68390.0,MEDIUM,Y,57,Fall
C,2022-11-14,2023-01-09,POTOMAC SERVICE CENTER,CHINA,55.0,MASTER'S,"SOFTWARE ENGINEER, WIRELESS WIFI",IT,81390.0,MEDIUM,Y,56,Fall
C,2022-11-27,2022-12-15,CALIFORNIA SERVICE CENTER,INDIA,24.0,MASTER'S,STAFF CONSULTANT,IT,63710.0,MEDIUM,Y,18,Fall
C,2022-06-18,2022-08-10,CALIFORNIA SERVICE CENTER,CHINA,56.0,MASTER'S,COMPUTER PROGRAMMER,IT,67496.0,MEDIUM,Y,53,Summer
C,2022-10-28,2022-11-07,NEBRASKA SERVICE CENTER,INDIA,43.0,BACHELOR'S,SR. PRINCIPAL CONSULTANT,OTHER,107890.0,HIGH,N,10,Fall
C,2022-07-01,2022-08-21,POTOMAC SERVICE CENTER,CANADA,51.0,MASTER'S,DATABASE ARCHITECT,IT,56472.0,LOW,N,51,Summer
C,2022-01-26,2022-02-22,POTOMAC SERVICE CENTER,INDIA,41.0,MASTER'S,SENIOR SUSTAINING ENGINEER,IT,87859.0,MEDIUM,Y,27,Winter
C,2022-08-02,2022-08-25,VERMONT SERVICE CENTER,PHILIPPINES,56.0,BACHELOR'S,"SOFTWARE DEVELOPERS, APPLICATIONS",IT,68390.0,MEDIUM,Y,23,Summer
C,2022-04-02,2022-05-26,POTOMAC SERVICE CENTER,INDIA,48.0,MASTER'S,SR. PROGRAMMER ANALYST,IT,78603.0,MEDIUM,Y,54,Spring
CW,2022-03-15,2022-04-19,TEXAS SERVICE CENTER,INDIA,48.0,MASTER'S,MANAGING PRINCIPAL,OTHER,74402.0,MEDIUM,Y,35,Spring
C,2022-09-02,2022-10-18,VERMONT SERVICE CENTER,INDIA,54.0,BACHELOR'S,SR. SOFTWARE ENGINEER,IT,98093.0,MEDIUM,Y,46,Fall
CW,2022-11-06,2022-12-01,NEBRASKA SERVICE CENTER,INDIA,34.0,MASTER'S,SR. CONSULTANT,IT,58989.0,LOW,N,25,Fall
C,2022-04-03,2022-05-11,VERMONT SERVICE CENTER,CANADA,57.0,MASTER'S,STAFF CONSULTANT,OTHER,63710.0,MEDIUM,Y,38,Spring
CW,2022-11-11,2022-12-25,NEBRASKA SERVICE CENTER,INDIA,36.0,BACHELOR'S,STAFF CONSULTANT,IT,58989.0,LOW,Y,44,Fall
C,2022-07-07,2022-09-03,POTOMAC SERVICE CENTER,INDIA,24.0,BACHELOR'S,MARKETING SPECIALIST,IT,59072.0,LOW,N,58,Summer
CW,2022-07-20,2022-08-15,POTOMAC SERVICE CENTER,INDIA,38.0,DOCTORATE,IM SOFTWARE ENGINEER MANAGER,IT,127941.0,HIGH,Y,26,Summer
C,2022-12-11,2023-02-09,CALIFORNIA SERVICE CENTER,INDIA,58.0,MASTER'S,SENIOR ENGINEER,IT,92227.0,MEDIUM,Y,60,Winter
C,2022-04-18,2022-05-07,VERMONT SERVICE CENTER,CHINA,24.0,MASTER'S,STAFF CONSULTANT,MEDICAL,67496.0,MEDIUM,Y,19,Spring
C,2022-10-14,2022-11-20,POTOMAC SERVICE CENTER,INDIA,26.0,BACHELOR'S,STAFF CONSULTANT,OTHER,63710.0,MEDIUM,Y,37,Fall
CW,2022-01-04,2022-02-02,POTOMAC SERVICE CENTER,INDIA,46.0,MASTER'S,SENIOR CONSULTANT,IT,58989.0,LOW,Y,29,Winter
C,2022-06-17,2022-06-27,CALIFORNIA SERVICE CENTER,INDIA,41.0,MASTER'S,SR. CONSULTANT,IT,69888.0,MEDIUM,Y,10,Summer
CW,2022-11-30,2022-12-24,NEBRASKA SERVICE CENTER,INDIA,54.0,MASTER'S,SENIOR CONSULTANT,EDUCATION,58989.0,LOW,Y,24,Fall
C,2022-12-22,2023-01-06,POTOMAC SERVICE CENTER,INDIA,54.0,MASTER'S,SOFTWARE DEVELOPER - APPLICATIONS,IT,88067.0,MEDIUM,Y,15,Winter
C,2022-03-12,2022-04-19,POTOMAC SERVICE CENTER,INDIA,34.0,MASTER'S,COMPUTER PROGRAMMER,IT,67496.0,MEDIUM,Y,38,Spring
C,2022-12-11,2023-01-16,VERMONT SERVICE CENTER,INDIA,51.0,MASTER'S,SENIOR DBA,IT,55182.0,LOW,Y,36,Winter
C,2022-01-11,2022-01-28,NEBRASKA SERVICE CENTER,INDIA,55.0,DOCTORATE,STAFF CONSULTANT,IT,63710.0,MEDIUM,Y,17,Winter
C,2022-11-21,2022-12-23,TEXAS SERVICE CENTER,INDIA,49.0,MASTER'S,SENIOR DBA,IT,55182.0,LOW,Y,32,Fall
C,2022-06-30,2022-08-22,POTOMAC SERVICE CENTER,INDIA,34.0,BACHELOR'S,LEAD ANALYST,IT,78603.0,MEDIUM,Y,53,Summer
C,2022-12-31,2023-02-21,POTOMAC SERVICE CENTER,CHINA,47.0,MASTER'S,PRINCIPLE CONSULTANT,OTHER,68390.0,MEDIUM,Y,52,Winter
CW,2022-05-28,2022-07-13,POTOMAC SERVICE CENTER,INDIA,22.0,MASTER'S,STAFF CONSULTANT,FINANCE,58989.0,LOW,Y,46,Spring
CW,2022-01-19,2022-02-22,NEBRASKA SERVICE CENTER,INDIA,52.0,BACHELOR'S,SENIOR CONSULTANT,ENGINEERING,68390.0,MEDIUM,Y,34,Winter
C,2022-03-23,2022-05-07,POTOMAC SERVICE CENTER,INDIA,41.0,MASTER'S,SENIOR CONSULTANT,IT,63710.0,MEDIUM,Y,45,Spring
C,2022-12-03,2022-12-17,CALIFORNIA SERVICE CENTER,SOUTH KOREA,39.0,BACHELOR'S,"SOFTWARE ENGINEER, GATEWAY",IT,81390.0,MEDIUM,Y,14,Winter
C,2022-05-11,2022-05-25,NEBRASKA SERVICE CENTER,INDIA,58.0,MASTER'S,INDUSTRIAL ENGINEER,IT,61500.0,MEDIUM,Y,14,Spring
CW,2022-08-24,2022-10-18,NEBRASKA SERVICE CENTER,INDIA,45.0,MASTER'S,STAFF CONSULTANT,IT,58989.0,LOW,Y,55,Summer
CW,2022-07-17,2022-09-01,CALIFORNIA SERVICE CENTER,INDIA,40.0,BACHELOR'S,SENIOR CONSULTANT,OTHER,58989.0,LOW,Y,46,Summer
C,2022-06-23,2022-07-08,VERMONT SERVICE CENTER,CHINA,32.0,MASTER'S,STAFF CONSULTANT,ENGINEERING,67496.0,MEDIUM,Y,15,Summer
C,2022-07-10,2022-09-03,NEBRASKA SERVICE CENTER,CHINA,48.0,MASTER'S,COMPUTER PROGRAMMER,ENGINEERING,67496.0,MEDIUM,Y,55,Summer
C,2022-05-05,2022-05-17,VERMONT SERVICE CENTER,INDIA,41.0,BACHELOR'S,STAFF CONSULTANT,FINANCE,67496.0,MEDIUM,Y,12,Spring
C,2022-03-07,2022-03-25,POTOMAC SERVICE CENTER,INDIA,42.0,BACHELOR'S,PROGRAM MANAGER,IT,96741.0,MEDIUM,Y,18,Spring
CW,2022-12-14,2023-01-11,POTOMAC SERVICE CENTER,INDIA,51.0,MASTER'S,PROGRAMMER ANALYST,IT,89378.0,MEDIUM,Y,28,Winter
CW,2022-08-14,2022-10-02,VERMONT SERVICE CENTER,INDIA,43.0,MASTER'S,STAFF CONSULTANT,IT,58989.0,LOW,N,49,Summer
CW,2022-11-12,2022-11-29,POTOMAC SERVICE CENTER,INDIA,44.0,MASTER'S,STAFF CONSULTANT,ENGINEERING,63710.0,MEDIUM,Y,17,Fall
CW,2022-02-16,2022-04-17,POTOMAC SERVICE CENTER,INDIA,23.0,MASTER'S,PRACTICE MANAGER,IT,58926.0,LOW,Y,60,Winter
C,2022-02-08,2022-02-22,POTOMAC SERVICE CENTER,CHINA,32.0,MASTER'S,DATABASE ARCHITECT,IT,56472.0,LOW,Y,14,Winter
C,2022-10-08,2022-10-21,TEXAS SERVICE CENTER,PHILIPPINES,25.0,BACHELOR'S,PRACTICE MANAGER,IT,79186.0,MEDIUM,Y,13,Fall
C,2022-04-09,2022-05-04,CALIFORNIA SERVICE CENTER,INDIA,41.0,BACHELOR'S,SENIOR SOFTWARE ENGINEER,IT,88067.0,MEDIUM,Y,25,Spring
CW,2022-10-29,2022-12-28,TEXAS SERVICE CENTER,INDIA,31.0,BACHELOR'S,SR. CONSULTANT,IT,58989.0,LOW,Y,60,Fall
C,2022-05-17,2022-06-07,POTOMAC SERVICE CENTER,INDIA,35.0,MASTER'S,PRACTICE MANAGER,IT,79186.0,MEDIUM,Y,21,Spring
C,2022-06-06,2022-06-27,CALIFORNIA SERVICE CENTER,INDIA,42.0,MASTER'S,SR. CONSULTANT,IT,55182.0,LOW,N,21,Summer
CW,2022-06-26,2022-08-18,NEBRASKA SERVICE CENTER,INDIA,49.0,BACHELOR'S,PRACTICE MANAGER,IT,122491.0,HIGH,Y,53,Summer
C,2022-01-31,2022-03-07,NEBRASKA SERVICE CENTER,SOUTH KOREA,47.0,BACHELOR'S,DATABASE ARCHITECT,ENGINEERING,56472.0,LOW,Y,35,Winter
C,2022-10-30,2022-11-26,TEXAS SERVICE CENTER,INDIA,43.0,MASTER'S,SOFTWARE QUALITY ASSURANCE ENGINEER,FINANCE,56472.0,LOW,Y,27,Fall
C,2022-09-14,2022-11-01,TEXAS SERVICE CENTER,CANADA,58.0,MASTER'S,"SOFTWARE ENGINEER, VALUE ADDED SERVICES",OTHER,88067.0,MEDIUM,Y,48,Fall
C,2022-06-15,2022-08-06,POTOMAC SERVICE CENTER,CHINA,24.0,MASTER'S,LEAD ANALYST,IT,78603.0,MEDIUM,Y,52,Summer
CW,2022-06-18,2022-08-14,VERMONT SERVICE CENTER,INDIA,38.0,BACHELOR'S,STAFF CONSULTANT,ENGINEERING,58989.0,LOW,Y,57,Summer
C,2022-10-14,2022-11-23,NEBRASKA SERVICE CENTER,CANADA,32.0,MASTER'S,SENIOR CONSULTANT,IT,55182.0,LOW,Y,40,Fall
C,2022-06-08,2022-08-05,TEXAS SERVICE CENTER,INDIA,52.0,MASTER'S,STAFF CONSULTANT,IT,67496.0,MEDIUM,Y,58,Summer
C,2022-08-04,2022-09-18,POTOMAC SERVICE CENTER,INDIA,56.0,BACHELOR'S,PRINCIPAL SOFTWARE ENGR (MEMBER OF TECH STAFF),MEDICAL,114774.0,HIGH,Y,45,Summer
C,2022-03-26,2022-05-07,NEBRASKA SERVICE CENTER,INDIA,25.0,BACHELOR'S,COMPUTER PROGRAMMER,IT,67496.0,MEDIUM,N,42,Spring
C,2022-01-17,2022-02-16,VERMONT SERVICE CENTER,INDIA,35.0,BACHELOR'S,TEST ENGINEER,IT,56472.0,LOW,Y,30,Winter
CW,2022-04-15,2022-05-20,TEXAS SERVICE CENTER,CHINA,45.0,MASTER'S,STAFF CONSULTANT,IT,58989.0,LOW,Y,35,Spring
C,2022-07-14,2022-09-10,CALIFORNIA SERVICE CENTER,MEXICO,42.0,BACHELOR'S,"SOFTWARE DEVELOPERS, APPLICATIONS",ENGINEERING,68390.0,MEDIUM,Y,58,Summer
CW,2022-03-15,2022-05-04,TEXAS SERVICE CENTER,CANADA,48.0,MASTER'S,STAFF CONSULTANT,IT,58989.0,LOW,Y,50,Spring
C,2022-03-10,2022-03-24,NEBRASKA SERVICE CENTER,CHINA,48.0,BACHELOR'S,SOLUTIONS ARCHITECT,ENGINEERING,98093.0,MEDIUM,Y,14,Spring
C,2022-01-30,2022-03-17,VERMONT SERVICE CENTER,INDIA,42.0,BACHELOR'S,STAFF CONSULTANT,IT,67496.0,MEDIUM,Y,46,Winter
CW,2022-10-12,2022-11-14,POTOMAC SERVICE CENTER,INDIA,41.0,MASTER'S,SENIOR CONSULTANT,OTHER,68390.0,MEDIUM,Y,33,Fall
CW,2022-01-20,2022-03-05,POTOMAC SERVICE CENTER,INDIA,25.0,MASTER'S,STAFF CONSULTANT,IT,58989.0,LOW,Y,44,Winter
C,2022-10-03,2022-10-24,TEXAS SERVICE CENTER,INDIA,23.0,MASTER'S,PRODUCT APPLICATIONS ENGINEER,FINANCE,95826.0,MEDIUM,Y,21,Fall
D,2022-09-09,2022-11-07,POTOMAC SERVICE CENTER,INDIA,55.0,MASTER'S,STAFF CONSULTANT,ENGINEERING,78603.0,MEDIUM,Y,59,Fall
CW,2022-11-01,2022-11-17,VERMONT SERVICE CENTER,INDIA,56.0,MASTER'S,SR. CONSULTANT,FINANCE,78603.0,MEDIUM,Y,16,Fall
C,2022-01-20,2022-03-19,POTOMAC SERVICE CENTER,PHILIPPINES,57.0,MASTER'S,"SOFTWARE ENGINEER, VALUE ADDED SERVICES",EDUCATION,68390.0,MEDIUM,Y,58,Winter
W,2022-10-22,2022-11-27,NEBRASKA SERVICE CENTER,INDIA,38.0,MASTER'S,PRACTICE MANAGER,IT,122491.0,HIGH,Y,36,Fall
CW,2022-07-17,2022-09-12,VERMONT SERVICE CENTER,INDIA,29.0,MASTER'S,STAFF CONSULTANT,IT,58989.0,LOW,Y,57,Summer
C,2022-04-28,2022-05-22,POTOMAC SERVICE CENTER,INDIA,30.0,BACHELOR'S,BUSINESS SYSTEMS ANALYST,IT,79186.0,MEDIUM,Y,24,Spring
C,2022-11-03,2022-11-30,VERMONT SERVICE CENTER,INDIA,23.0,BACHELOR'S,SENIOR CONSULTANT,IT,55182.0,LOW,Y,27,Fall
C,2022-12-23,2023-01-23,CALIFORNIA SERVICE CENTER,INDIA,37.0,MASTER'S,TECHNICAL MANAGER,IT,68390.0,MEDIUM,Y,31,Winter
CW,2022-08-24,2022-09-08,TEXAS SERVICE CENTER,INDIA,37.0,MASTER'S,STAFF CONSULTANT,IT,58989.0,LOW,Y,15,Summer
C,2022-04-26,2022-05-25,TEXAS SERVICE CENTER,CANADA,55.0,MASTER'S,QUALITY ENGINEER,FINANCE,85426.0,MEDIUM,Y,29,Spring
C,2022-09-22,2022-11-08,VERMONT SERVICE CENTER,INDIA,42.0,BACHELOR'S,PRINCIPAL CONSULTANT,ENGINEERING,79186.0,MEDIUM,Y,47,Fall
CW,2022-01-06,2022-02-22,CALIFORNIA SERVICE CENTER,INDIA,44.0,MASTER'S,STAFF CONSULTANT,FINANCE,58989.0,LOW,N,47,Winter
C,2022-03-25,2022-05-15,NEBRASKA SERVICE CENTER,CANADA,37.0,MASTER'S,STAFF CONSULTANT,FINANCE,63710.0,MEDIUM,Y,51,Spring
C,2022-09-25,2022-11-05,POTOMAC SERVICE CENTER,INDIA,24.0,MASTER'S,PRACTICE MANAGER,IT,96741.0,MEDIUM,Y,41,Fall
CW,2022-11-26,2022-12-25,NEBRASKA SERVICE CENTER,INDIA,41.0,MASTER'S,STAFF CONSULTANT,IT,58989.0,LOW,Y,29,Fall
CW,2022-02-22,2022-04-18,POTOMAC SERVICE CENTER,INDIA,42.0,BACHELOR'S,SENIOR CONSULTANT,ENGINEERING,58989.0,LOW,Y,55,Winter
CW,2022-01-15,2022-03-14,NEBRASKA SERVICE CENTER,INDIA,57.0,MASTER'S,STAFF CONSULTANT,MEDICAL,58989.0,LOW,Y,58,Winter
C,2022-12-28,2023-02-03,NEBRASKA SERVICE CENTER,CANADA,37.0,MASTER'S,STAFF CONSULTANT,IT,67496.0,MEDIUM,Y,37,Winter
CW,2022-01-21,2022-03-10,POTOMAC SERVICE CENTER,INDIA,35.0,BACHELOR'S,STAFF CONSULTANT,ENGINEERING,58989.0,LOW,Y,48,Winter
C,2022-06-30,2022-07-12,NEBRASKA SERVICE CENTER,INDIA,50.0,BACHELOR'S,INTEGRATION TEST ENGINEER,IT,75650.0,MEDIUM,Y,12,Summer
C,2022-08-24,2022-10-10,TEXAS SERVICE CENTER,INDIA,57.0,MASTER'S,PRINCIPAL CONSULTANT,FINANCE,68390.0,MEDIUM,Y,47,Summer
C,2022-06-29,2022-08-07,TEXAS SERVICE CENTER,INDIA,43.0,MASTER'S,IT CONSULTANT,IT,68390.0,MEDIUM,Y,39,Summer
C,2022-04-07,2022-05-30,TEXAS SERVICE CENTER,INDIA,53.0,MASTER'S,DATABASE ARCHITECT,FINANCE,56472.0,LOW,Y,53,Spring
C,2022-03-01,2022-04-22,POTOMAC SERVICE CENTER,INDIA,41.0,MASTER'S,SYSTEMS CONSULTING SENIOR ANALYST,IT,74818.0,MEDIUM,Y,52,Spring
C,2022-08-23,2022-09-23,TEXAS SERVICE CENTER,INDIA,53.0,MASTER'S,SENIOR CONSULTANT,OTHER,107744.0,HIGH,Y,31,Summer
CW,2022-06-10,2022-07-10,POTOMAC SERVICE CENTER,CHINA,41.0,MASTER'S,STAFF CONSULTANT,IT,58989.0,LOW,N,30,Summer
C,2022-02-24,2022-04-04,TEXAS SERVICE CENTER,CHINA,33.0,MASTER'S,STAFF CONSULTANT,ENGINEERING,67496.0,MEDIUM,N,39,Winter
CW,2022-09-01,2022-09-26,CALIFORNIA SERVICE CENTER,INDIA,48.0,MASTER'S,LABORATORY GEOTECHNICAL ENGINEER,IT,62982.0,MEDIUM,Y,25,Fall
C,2022-11-23,2022-12-13,POTOMAC SERVICE CENTER,CHINA,52.0,BACHELOR'S,SENIOR FIELD ENGINEER,IT,108368.0,HIGH,Y,20,Fall
C,2022-06-06,2022-07-06,NEBRASKA SERVICE CENTER,INDIA,44.0,MASTER'S,STAFF CONSULTANT,IT,63710.0,MEDIUM,Y,30,Summer
C,2022-05-28,2022-07-27,NEBRASKA SERVICE CENTER,INDIA,24.0,MASTER'S,CLOUD SERVICES CONSULTANT,OTHER,107744.0,HIGH,Y,60,Spring
CW,2022-03-10,2022-04-11,TEXAS SERVICE CENTER,INDIA,41.0,BACHELOR'S,STAFF CONSULTANT,IT,58989.0,LOW,N,32,Spring
C,2022-12-03,2022-12-24,TEXAS SERVICE CENTER,INDIA,42.0,MASTER'S,PRINCIPAL SOFTWARE ENGINEER (MEMBER OF TECHNICAL STAFF),IT,105539.0,HIGH,Y,21,Winter
C,2022-12-05,2023-01-01,CALIFORNIA SERVICE CENTER,INDIA,32.0,BACHELOR'S,MARKET RESEARCH ANALYST,ENGINEERING,16.46,LOW,Y,27,Winter
C,2022-02-11,2022-03-20,POTOMAC SERVICE CENTER,CANADA,54.0,MASTER'S,SERVICE ENGINEER,IT,61630.0,MEDIUM,N,37,Winter
C,2022-07-22,2022-09-12,NEBRASKA SERVICE CENTER,CHINA,54.0,BACHELOR'S,MARKET RESEARCH ANALYST,IT,34237.0,LOW,Y,52,Summer
C,2022-11-28,2022-12-18,TEXAS SERVICE CENTER,INDIA,51.0,MASTER'S,GLOBAL SALES OPERATIONS SPECIALIST,ENGINEERING,69056.0,MEDIUM,Y,20,Fall
C,2022-05-05,2022-06-11,POTOMAC SERVICE CENTER,CHINA,41.0,MASTER'S,PROJECT ENGINEER,MEDICAL,75525.0,MEDIUM,Y,37,Spring
C,2022-03-07,2022-04-08,POTOMAC SERVICE CENTER,INDIA,55.0,BACHELOR'S,COMPUTER PROGRAMMER,IT,55390.0,LOW,Y,32,Spring
C,2022-09-12,2022-10-04,CALIFORNIA SERVICE CENTER,CHINA,39.0,MASTER'S,INSTRUCTOR OF TECHNOLOGY,ENGINEERING,33310.0,LOW,Y,22,Fall
C,2022-04-01,2022-05-17,POTOMAC SERVICE CENTER,CHINA,28.0,BACHELOR'S,ASSISTANT PROFESSOR OF COMPUTER SCIENCE,ENGINEERING,44160.0,LOW,Y,46,Spring
C,2022-07-14,2022-07-24,VERMONT SERVICE CENTER,INDIA,23.0,MASTER'S,PROGRAM MANAGER / PROJECT MANAGER,IT,56326.0,LOW,Y,10,Summer
C,2022-10-22,2022-11-19,VERMONT SERVICE CENTER,CHINA,50.0,BACHELOR'S,ASSISTANT PROFESSOR,IT,36800.0,LOW,Y,28,Fall
C,2022-12-13,2023-01-07,NEBRASKA SERVICE CENTER,CHINA,46.0,BACHELOR'S,NETWORK ENGINEER,MEDICAL,34778.0,LOW,Y,25,Winter
C,2022-03-31,2022-04-21,TEXAS SERVICE CENTER,INDIA,56.0,MASTER'S,GENERAL SURGEON,IT,187200.0,HIGH,N,21,Spring
C,2022-08-04,2022-08-16,NEBRASKA SERVICE CENTER,INDIA,47.0,BACHELOR'S,GENERAL MANAGER,IT,85280.0,MEDIUM,Y,12,Summer
W,2022-06-20,2022-07-16,POTOMAC SERVICE CENTER,INDIA,28.0,BACHELOR'S,PROJECT COORDINATOR,IT,28725.0,LOW,N,26,Summer
C,2022-07-03,2022-08-08,NEBRASKA SERVICE CENTER,INDIA,52.0,MASTER'S,SOFTWARE ENGINEER,IT,47174.0,LOW,Y,36,Summer
C,2022-04-08,2022-05-21,TEXAS SERVICE CENTER,CHINA,54.0,MASTER'S,COMPUTER PROGRAMMER/CONFIGURER 2,FINANCE,36442.0,LOW,N,43,Spring
C,2022-02-14,2022-03-22,POTOMAC SERVICE CENTER,PHILIPPINES,32.0,MASTER'S,TECHNICAL ARCHITECT,OTHER,53352.0,LOW,Y,36,Winter
C,2022-09-20,2022-10-14,CALIFORNIA SERVICE CENTER,CANADA,27.0,MASTER'S,PULMONOLOGY/CRITICAL CARE PHYSICIAN,ENGINEERING,200658.0,HIGH,Y,24,Fall
C,2022-09-28,2022-10-17,TEXAS SERVICE CENTER,INDIA,31.0,MASTER'S,COMPUTER PROGRAMMER,ENGINEERING,35090.0,LOW,Y,19,Fall
C,2022-12-10,2023-02-03,VERMONT SERVICE CENTER,INDIA,40.0,MASTER'S,SOFTWARE ENGINEER,IT,47174.0,LOW,Y,55,Winter
C,2022-10-05,2022-10-24,POTOMAC SERVICE CENTER,INDIA,41.0,MASTER'S,TECHNICAL ARCHITECT,EDUCATION,41038.0,LOW,Y,19,Fall
C,2022-02-02,2022-02-12,POTOMAC SERVICE CENTER,INDIA,41.0,MASTER'S,PROGRAM MANAGER/ PROJECT MANAGER,IT,58926.0,LOW,Y,10,Winter
C,2022-12-27,2023-02-21,POTOMAC SERVICE CENTER,INDIA,25.0,MASTER'S,DENTIST,IT,42.95,LOW,Y,56,Winter
C,2022-11-10,2022-11-30,NEBRASKA SERVICE CENTER,INDIA,41.0,MASTER'S,MEDICAL TECHNOLOGIST,IT,18.24,LOW,Y,20,Fall
C,2022-02-17,2022-03-31,POTOMAC SERVICE CENTER,INDIA,56.0,MASTER'S,HEMATOLOGIST/ONCOLOGIST,ENGINEERING,200658.0,HIGH,Y,42,Winter
C,2022-11-10,2022-12-25,TEXAS SERVICE CENTER,CHINA,42.0,MASTER'S,LOGISTICS SPECIALIST,IT,41205.0,LOW,Y,45,Fall
C,2022-09-14,2022-10-01,POTOMAC SERVICE CENTER,CHINA,25.0,MASTER'S,CROP CARE SPECIALIST ADVISOR,IT,14.35,LOW,Y,17,Fall
C,2022-10-31,2022-12-09,CALIFORNIA SERVICE CENTER,CHINA,44.0,BACHELOR'S,FACULTY RESEARCH ASSISTANT,IT,19.21,LOW,N,39,Fall
C,2022-04-22,2022-05-20,NEBRASKA SERVICE CENTER,INDIA,52.0,MASTER'S,JUNIOR JAVA DEVELOPER,IT,52166.0,LOW,N,28,Spring
CW,2022-03-12,2022-04-19,TEXAS SERVICE CENTER,INDIA,30.0,MASTER'S,SR. DEVELOPMENT ENGINEER,IT,111218.0,HIGH,N,38,Spring
C,2022-12-26,2023-01-05,POTOMAC SERVICE CENTER,INDIA,41.0,MASTER'S,DEVELOPMENT ENGINEER,IT,71843.0,MEDIUM,Y,10,Winter
W,2022-06-12,2022-06-23,NEBRASKA SERVICE CENTER,INDIA,41.0,MASTER'S,SENIOR SCIENTIST,IT,62254.0,MEDIUM,Y,11,Summer
C,2022-05-24,2022-07-12,CALIFORNIA SERVICE CENTER,INDIA,38.0,MASTER'S,SENIOR SCIENTIST,IT,62254.0,MEDIUM,Y,49,Spring
C,2022-02-19,2022-03-06,POTOMAC SERVICE CENTER,CANADA,41.0,MASTER'S,ORACLE APPLICATIONS ENGINEER,IT,111218.0,HIGH,Y,15,Winter
C,2022-08-31,2022-10-21,VERMONT SERVICE CENTER,INDIA,45.0,BACHELOR'S,SOFTWARE ENGINEER,IT,52166.0,LOW,Y,51,Summer
CW,2022-06-21,2022-08-10,CALIFORNIA SERVICE CENTER,INDIA,41.0,MASTER'S,BUSINESS INTELLIGENCE ANALYST,IT,87027.0,MEDIUM,Y,50,Summer
C,2022-04-12,2022-05-14,CALIFORNIA SERVICE CENTER,INDIA,52.0,MASTER'S,SR. DEVELOPMENT ENGINEER,IT,111218.0,HIGH,Y,32,Spring
C,2022-04-20,2022-05-23,CALIFORNIA SERVICE CENTER,INDIA,38.0,MASTER'S,ELECTRICAL ENGINEER,IT,81515.0,MEDIUM,Y,33,Spring
C,2022-08-18,2022-09-03,CALIFORNIA SERVICE CENTER,CHINA,52.0,MASTER'S,SOFTWARE ENGINEER,IT,52166.0,LOW,Y,16,Summer
W,2022-06-18,2022-08-03,TEXAS SERVICE CENTER,INDIA,37.0,BACHELOR'S,SENIOR SUPPLY PLANNING ANALYST,OTHER,64043.0,MEDIUM,Y,46,Summer
C,2022-10-16,2022-10-29,TEXAS SERVICE CENTER,INDIA,28.0,MASTER'S,DATABASE SOLUTION SYSTEMS ARCHITECT,ENGINEERING,111218.0,HIGH,Y,13,Fall
C,2022-12-15,2023-01-10,TEXAS SERVICE CENTER,INDIA,46.0,MASTER'S,MECHANICAL ENGINEER,IT,77002.0,MEDIUM,Y,26,Winter
CW,2022-05-05,2022-05-29,TEXAS SERVICE CENTER,CHINA,49.0,MASTER'S,LEAD ORACLE APPLICATIONS DEVELOPER,IT,87027.0,MEDIUM,N,24,Spring
CW,2022-02-08,2022-04-09,VERMONT SERVICE CENTER,CHINA,37.0,DOCTORATE,ORACLE APPLICATIONS DEVELOPER,IT,84906.0,MEDIUM,Y,60,Winter
C,2022-10-20,2022-12-03,VERMONT SERVICE CENTER,INDIA,51.0,BACHELOR'S,PLANT MANAGER,ENGINEERING,118851.0,HIGH,N,44,Fall
CW,2022-05-01,2022-06-20,POTOMAC SERVICE CENTER,INDIA,40.0,BACHELOR'S,DEVOPS MANAGER,IT,111218.0,HIGH,Y,50,Spring
CW,2022-09-15,2022-11-02,VERMONT SERVICE CENTER,INDIA,45.0,BACHELOR'S,SOFTWARE ENGINEER,IT,52166.0,LOW,Y,48,Fall
CW,2022-01-03,2022-02-15,VERMONT SERVICE CENTER,SOUTH KOREA,32.0,BACHELOR'S,PROGRAMMER ANALYST,IT,50211.0,LOW,Y,43,Winter
D,2022-12-18,2023-01-22,NEBRASKA SERVICE CENTER,INDIA,29.0,MASTER'S,ELECTRICAL ENGINEER,IT,81515.0,MEDIUM,Y,35,Winter
C,2022-08-03,2022-09-26,POTOMAC SERVICE CENTER,CHINA,52.0,MASTER'S,ORACLE DATABASE APPLICATION ADMINISTRATOR,OTHER,111218.0,HIGH,Y,54,Summer
C,2022-07-23,2022-09-19,CALIFORNIA SERVICE CENTER,INDIA,53.0,BACHELOR'S,SENIOR SCIENTIST,IT,54413.0,LOW,Y,58,Summer
C,2022-03-11,2022-03-29,POTOMAC SERVICE CENTER,CANADA,54.0,MASTER'S,DATABASE ADMINISTRATOR,IT,54350.0,LOW,Y,18,Spring
C,2022-05-01,2022-06-14,CALIFORNIA SERVICE CENTER,MEXICO,23.0,BACHELOR'S,BIOSTATISTICIAN,IT,50128.0,LOW,Y,44,Spring
C,2022-09-28,2022-11-12,CALIFORNIA SERVICE CENTER,INDIA,43.0,BACHELOR'S,SALESFORCE DEVELOPER,IT,90646.0,MEDIUM,Y,45,Fall
C,2022-03-27,2022-04-18,TEXAS SERVICE CENTER,INDIA,51.0,BACHELOR'S,DIRECTOR OF INFRASTRUCTURE ENGINEERING,ENGINEERING,101566.0,HIGH,Y,22,Spring
C,2022-01-15,2022-02-25,POTOMAC SERVICE CENTER,INDIA,41.0,BACHELOR'S,BUSINESS ANALYST II,ENGINEERING,95160.0,MEDIUM,Y,41,Winter
C,2022-09-09,2022-11-04,NEBRASKA SERVICE CENTER,CHINA,41.0,MASTER'S,TECHNOLOGY ANALYST - US - PROFESSIONAL,ENGINEERING,62754.0,MEDIUM,Y,56,Fall
C,2022-11-13,2022-12-07,POTOMAC SERVICE CENTER,SOUTH KOREA,34.0,MASTER'S,BUSINESS SYSTEM ANALYST,ENGINEERING,78957.0,MEDIUM,Y,24,Fall
C,2022-12-24,2023-01-08,POTOMAC SERVICE CENTER,CHINA,57.0,DOCTORATE,DATA MANAGEMENT ARCHITECT,IT,76586.0,MEDIUM,Y,15,Winter
C,2022-09-29,2022-11-28,POTOMAC SERVICE CENTER,INDIA,39.0,MASTER'S,SOLUTION ARCHITECT,IT,116875.0,HIGH,Y,60,Fall
C,2022-06-02,2022-07-05,POTOMAC SERVICE CENTER,INDIA,54.0,BACHELOR'S,SR. MARKETING SCIENCE ANALYST,IT,80933.0,MEDIUM,Y,33,Summer
C,2022-05-04,2022-06-29,POTOMAC SERVICE CENTER,INDIA,53.0,BACHELOR'S,DEVELOPER,IT,67891.0,MEDIUM,N,56,Spring
C,2022-11-16,2023-01-15,POTOMAC SERVICE CENTER,INDIA,46.0,BACHELOR'S,RISK ANALYST,FINANCE,54538.0,LOW,Y,60,Fall
C,2022-04-23,2022-06-06,VERMONT SERVICE CENTER,INDIA,25.0,BACHELOR'S,ORACLE APPLICATIONS CONSULTANT - II,OTHER,85197.0,MEDIUM,Y,44,Spring
C,2022-06-13,2022-08-03,POTOMAC SERVICE CENTER,INDIA,43.0,MASTER'S,PROGRAMMER ANALYST,MEDICAL,62754.0,MEDIUM,Y,51,Summer
C,2022-10-02,2022-11-05,VERMONT SERVICE CENTER,INDIA,59.0,BACHELOR'S,CREDIT/SALES ANALYST,IT,49358.0,LOW,Y,34,Fall
C,2022-10-06,2022-11-26,POTOMAC SERVICE CENTER,PHILIPPINES,27.0,MASTER'S,JAVA DEVELOPER,EDUCATION,68827.0,MEDIUM,Y,51,Fall
C,2022-10-28,2022-11-07,NEBRASKA SERVICE CENTER,INDIA,48.0,MASTER'S,SAP BI DEVELOPER,IT,85197.0,MEDIUM,Y,10,Fall
C,2022-11-22,2023-01-11,POTOMAC SERVICE CENTER,INDIA,45.0,MASTER'S,LOGISTICS ENGINEER/SUPPLY CHAIN ANALYST,IT,49941.0,LOW,Y,50,Fall
C,2022-02-17,2022-03-23,TEXAS SERVICE CENTER,INDIA,42.0,MASTER'S,AERIAL MAP TECHNICIAN,IT,16.03,LOW,Y,34,Winter
C,2022-09-08,2022-10-04,CALIFORNIA SERVICE CENTER,CHINA,53.0,DOCTORATE,RESOURCING MANAGER,IT,60000.0,MEDIUM,Y,26,Fall
CW,2022-02-06,2022-03-20,VERMONT SERVICE CENTER,INDIA,36.0,BACHELOR'S,IT PROJECT MANAGER AND DELIVERY MANAGER,FINANCE,81515.0,MEDIUM,Y,42,Winter
C,2022-10-03,2022-11-19,POTOMAC SERVICE CENTER,INDIA,31.0,MASTER'S,BI CONSULTANT - II,IT,79498.0,MEDIUM,Y,47,Fall
C,2022-01-18,2022-03-01,CALIFORNIA SERVICE CENTER,CANADA,59.0,BACHELOR'S,SOFTWARE SYSTEMS ANALYST II,IT,78957.0,MEDIUM,Y,42,Winter
C,2022-12-04,2022-12-15,NEBRASKA SERVICE CENTER,CHINA,38.0,MASTER'S,SOFTWARE ARCHITECT ENGINEER II,IT,85197.0,MEDIUM,Y,11,Winter
CW,2022-04-26,2022-06-12,VERMONT SERVICE CENTER,MEXICO,40.0,BACHELOR'S,.NET DEVELOPER,EDUCATION,48.83,LOW,Y,47,Spring
C,2022-05-22,2022-06-27,VERMONT SERVICE CENTER,INDIA,56.0,MASTER'S,SR DEVOPS ENGINEER,IT,90646.0,MEDIUM,Y,36,Spring
C,2022-11-03,2022-12-23,CALIFORNIA SERVICE CENTER,INDIA,41.0,BACHELOR'S,PROGRAMMER ANALYST,IT,62754.0,MEDIUM,Y,50,Fall
C,2022-04-05,2022-05-24,CALIFORNIA SERVICE CENTER,INDIA,30.0,MASTER'S,SOFTWARE DEVELOPER,IT,85197.0,MEDIUM,N,49,Spring
C,2022-05-13,2022-06-02,POTOMAC SERVICE CENTER,CANADA,32.0,BACHELOR'S,PROGRAMMER ANALYST,IT,62858.0,MEDIUM,Y,20,Spring
C,2022-05-24,2022-07-05,POTOMAC SERVICE CENTER,CANADA,47.0,BACHELOR'S,PROJECT MANAGER (ENVIRONMENTAL ENGINEER),IT,79123.0,MEDIUM,Y,42,Spring
C,2022-09-13,2022-11-04,NEBRASKA SERVICE CENTER,INDIA,34.0,BACHELOR'S,BUSINESS SYSTEMS ANALYST,IT,79414.0,MEDIUM,N,52,Fall
C,2022-09-15,2022-10-22,POTOMAC SERVICE CENTER,INDIA,45.0,BACHELOR'S,SENIOR CONSULTANT,OTHER,62754.0,MEDIUM,Y,37,Fall
C,2022-08-09,2022-08-28,TEXAS SERVICE CENTER,INDIA,29.0,BACHELOR'S,BUSINESS DEVELOPMENT MANAGER,IT,98821.0,MEDIUM,Y,19,Summer
C,2022-01-31,2022-02-11,NEBRASKA SERVICE CENTER,CANADA,41.0,MASTER'S,SUPPLY PLANNING MANAGER,FINANCE,74506.0,MEDIUM,Y,11,Winter
C,2022-03-16,2022-04-23,POTOMAC SERVICE CENTER,INDIA,29.0,MASTER'S,APPLICATIONS DEVELOPER - I,ENGINEERING,68827.0,MEDIUM,Y,38,Spring
C,2022-03-05,2022-04-04,POTOMAC SERVICE CENTER,SOUTH KOREA,47.0,MASTER'S,VICE PRESIDENT,IT,103854.0,HIGH,Y,30,Spring
C,2022-01-05,2022-02-05,POTOMAC SERVICE CENTER,INDIA,59.0,DOCTORATE,PROGRAMMER ANALYST,ENGINEERING,46301.0,LOW,Y,31,Winter
C,2022-08-10,2022-09-15,POTOMAC SERVICE CENTER,INDIA,45.0,BACHELOR'S,"VICE PRESIDENT, TECH MANAGER - APPS PROG",IT,95160.0,MEDIUM,Y,36,Summer
C,2022-12-27,2023-01-19,TEXAS SERVICE CENTER,INDIA,49.0,MASTER'S,MICROSOFT BI - II,ENGINEERING,79498.0,MEDIUM,Y,23,Winter
CW,2022-06-13,2022-07-20,POTOMAC SERVICE CENTER,INDIA,41.0,MASTER'S,ORACLE DATABASE DEVELOPER,IT,90646.0,MEDIUM,N,37,Summer
C,2022-04-05,2022-05-11,POTOMAC SERVICE CENTER,INDIA,53.0,BACHELOR'S,ARCHITECT,IT,90646.0,MEDIUM,Y,36,Spring
CW,2022-09-13,2022-10-05,TEXAS SERVICE CENTER,INDIA,33.0,MASTER'S,PROGRAMMER ANALYST,ENGINEERING,46301.0,LOW,Y,22,Fall
CW,2022-10-10,2022-11-05,VERMONT SERVICE CENTER,INDIA,44.0,MASTER'S,TECHNICAL LEAD,ENGINEERING,96678.0,MEDIUM,Y,26,Fall
C,2022-06-15,2022-06-27,TEXAS SERVICE CENTER,INDIA,54.0,MASTER'S,JAVA DEVELOPER - I,MEDICAL,68827.0,MEDIUM,N,12,Summer
C,2022-09-29,2022-10-15,TEXAS SERVICE CENTER,INDIA,53.0,BACHELOR'S,PEGA ARCHITECT,ENGINEERING,64938.0,MEDIUM,Y,16,Fall
C,2022-12-17,2023-01-30,VERMONT SERVICE CENTER,INDIA,40.0,MASTER'S,BUSINESS ANALYST - I,OTHER,62754.0,MEDIUM,Y,44,Winter
C,2022-08-31,2022-10-13,NEBRASKA SERVICE CENTER,INDIA,25.0,BACHELOR'S,PEGA ARCHITECT,FINANCE,64938.0,MEDIUM,Y,43,Summer
CW,2022-05-29,2022-06-15,POTOMAC SERVICE CENTER,INDIA,41.0,DOCTORATE,IT PROJECT MANAGER AND DELIVERY MANAGER,IT,81515.0,MEDIUM,Y,17,Spring
C,2022-03-10,2022-03-21,POTOMAC SERVICE CENTER,INDIA,25.0,BACHELOR'S,DEVELOPER,IT,67891.0,MEDIUM,Y,11,Spring
C,2022-10-05,2022-11-05,POTOMAC SERVICE CENTER,INDIA,41.0,MASTER'S,ASSOCIATE SPECIALIST-TECHNOLOGY/SOFTWARE DEVELOPER,OTHER,101566.0,HIGH,N,31,Fall
C,2022-08-26,2022-10-05,POTOMAC SERVICE CENTER,INDIA,55.0,BACHELOR'S,"ENGINEER II, RM & CM",FINANCE,87651.0,MEDIUM,Y,40,Summer
C,2022-04-05,2022-04-22,POTOMAC SERVICE CENTER,INDIA,24.0,MASTER'S,SOLUTION ARCHITECT,EDUCATION,101566.0,HIGH,Y,17,Spring
C,2022-02-24,2022-04-08,CALIFORNIA SERVICE CENTER,INDIA,41.0,BACHELOR'S,LEAD-QUALITY CONTROL/QUALITY ASSURANCE ANALYST,ENGINEERING,76586.0,MEDIUM,Y,43,Winter
C,2022-03-02,2022-03-23,POTOMAC SERVICE CENTER,INDIA,47.0,MASTER'S,SOFTWARE DEVELOPER,EDUCATION,68827.0,MEDIUM,Y,21,Spring
C,2022-07-10,2022-08-05,NEBRASKA SERVICE CENTER,INDIA,26.0,MASTER'S,TECHNICAL SALES SUPPORT SPECIALIST,IT,93683.0,MEDIUM,Y,26,Summer
C,2022-01-29,2022-03-18,NEBRASKA SERVICE CENTER,INDIA,32.0,MASTER'S,DATA SCIENTIST,EDUCATION,49088.0,LOW,Y,48,Winter
W,2022-05-17,2022-07-03,CALIFORNIA SERVICE CENTER,MEXICO,44.0,MASTER'S,SENIOR HADOOP ADMINISTRATOR,IT,86819.0,MEDIUM,N,47,Spring
C,2022-01-23,2022-03-08,POTOMAC SERVICE CENTER,CHINA,55.0,MASTER'S,TECHNICAL SALES SUPPORT SPECIALIST,IT,71386.0,MEDIUM,Y,44,Winter
C,2022-05-17,2022-05-30,TEXAS SERVICE CENTER,INDIA,31.0,MASTER'S,DEVELOPER II,MEDICAL,90646.0,MEDIUM,Y,13,Spring
C,2022-07-13,2022-08-05,CALIFORNIA SERVICE CENTER,INDIA,38.0,MASTER'S,SENIOR SOFTWARE DEVELOPER,IT,85197.0,MEDIUM,Y,23,Summer
C,2022-09-15,2022-10-11,POTOMAC SERVICE CENTER,INDIA,41.0,MASTER'S,ACCOUNTING ANALYST,ENGINEERING,47715.0,LOW,Y,26,Fall
C,2022-09-10,2022-10-02,POTOMAC SERVICE CENTER,SOUTH KOREA,53.0,DOCTORATE,MANAGER,OTHER,101566.0,HIGH,Y,22,Fall
C,2022-12-29,2023-01-09,TEXAS SERVICE CENTER,INDIA,34.0,MASTER'S,SECURITY ENGINEER,ENGINEERING,71386.0,MEDIUM,Y,11,Winter
C,2022-04-06,2022-05-26,TEXAS SERVICE CENTER,SOUTH KOREA,50.0,MASTER'S,TECHNOLOGY OPERATIONS MANAGER,IT,103854.0,HIGH,Y,50,Spring
C,2022-11-29,2023-01-17,POTOMAC SERVICE CENTER,CANADA,36.0,MASTER'S,BI CONSULTANT II,MEDICAL,101566.0,HIGH,Y,49,Fall
C,2022-04-20,2022-05-28,NEBRASKA SERVICE CENTER,INDIA,41.0,BACHELOR'S,APPLICATION PROGRAMMER SPECIALIST,OTHER,85197.0,MEDIUM,Y,38,Spring
C,2022-07-08,2022-08-04,POTOMAC SERVICE CENTER,CHINA,28.0,MASTER'S,APPLICATION ARCHITECT,MEDICAL,40.96,LOW,Y,27,Summer
CW,2022-06-11,2022-07-11,CALIFORNIA SERVICE CENTER,CHINA,26.0,MASTER'S,INFORMATION SECURITY ANALYST,EDUCATION,77605.0,MEDIUM,Y,30,Summer
C,2022-01-17,2022-02-15,POTOMAC SERVICE CENTER,INDIA,22.0,MASTER'S,SOFTWARE DEVELOPER,IT,117936.0,HIGH,Y,29,Winter
C,2022-05-31,2022-06-29,CALIFORNIA SERVICE CENTER,CHINA,31.0,MASTER'S,PROGRAMMER ANALYST,IT,70554.0,MEDIUM,Y,29,Spring
C,2022-03-17,2022-03-28,POTOMAC SERVICE CENTER,MEXICO,41.0,BACHELOR'S,PROGRAMMER ANALYST,IT,62754.0,MEDIUM,Y,11,Spring
CW,2022-10-27,2022-12-04,NEBRASKA SERVICE CENTER,INDIA,46.0,MASTER'S,IT PROJECT MANAGER AND DELIVERY MANAGER,IT,81515.0,MEDIUM,Y,38,Fall
C,2022-10-09,2022-10-31,CALIFORNIA SERVICE CENTER,INDIA,43.0,MASTER'S,SOFTWARE DEVELOPER,EDUCATION,85197.0,MEDIUM,Y,22,Fall
CW,2022-08-11,2022-09-11,CALIFORNIA SERVICE CENTER,INDIA,34.0,DOCTORATE,NETWORK AND COMPUTER SYSTEM ADMINISTRATOR,IT,72301.0,MEDIUM,Y,31,Summer
C,2022-05-06,2022-06-08,POTOMAC SERVICE CENTER,CHINA,24.0,BACHELOR'S,BUSINESS SYSTEMS ANALYST,FINANCE,60798.0,MEDIUM,Y,33,Spring
C,2022-01-01,2022-02-01,POTOMAC SERVICE CENTER,INDIA,40.0,BACHELOR'S,GRADUATE INTERN,IT,51688.0,LOW,Y,31,Winter
C,2022-04-01,2022-04-22,POTOMAC SERVICE CENTER,MEXICO,28.0,MASTER'S,TECHNICAL LEAD,IT,60798.0,MEDIUM,Y,21,Spring
C,2022-03-30,2022-04-21,CALIFORNIA SERVICE CENTER,INDIA,42.0,MASTER'S,PROGRAMMER ANALYST,FINANCE,62754.0,MEDIUM,Y,22,Spring
C,2022-11-11,2022-11-25,VERMONT SERVICE CENTER,CHINA,46.0,MASTER'S,COMPUTER PROGRAMMER,OTHER,67891.0,MEDIUM,Y,14,Fall
C,2022-07-31,2022-08-17,TEXAS SERVICE CENTER,INDIA,23.0,MASTER'S,PROGRAMMER ANALYST,IT,62754.0,MEDIUM,N,17,Summer
C,2022-02-01,2022-02-28,POTOMAC SERVICE CENTER,INDIA,46.0,MASTER'S,PROGRAMMER ANALYST,ENGINEERING,46301.0,LOW,Y,27,Winter
W,2022-01-20,2022-02-26,CALIFORNIA SERVICE CENTER,INDIA,31.0,BACHELOR'S,BI CONSULTANT- II,FINANCE,85197.0,MEDIUM,Y,37,Winter
C,2022-07-04,2022-08-29,CALIFORNIA SERVICE CENTER,INDIA,51.0,MASTER'S,ORACLE APPLICATIONS CONSULTANT - I,ENGINEERING,68827.0,MEDIUM,Y,56,Summer
C,2022-05-28,2022-07-25,CALIFORNIA SERVICE CENTER,INDIA,28.0,DOCTORATE,PROGRAMMER ANALYST,MEDICAL,46301.0,LOW,Y,58,Spring
C,2022-03-15,2022-05-01,POTOMAC SERVICE CENTER,INDIA,26.0,BACHELOR'S,IT BUSINESS SYSTEM ANALYST,IT,62754.0,MEDIUM,Y,47,Spring
C,2022-03-22,2022-04-13,POTOMAC SERVICE CENTER,INDIA,59.0,MASTER'S,BUSINESS SYSTEMS ANALYST,IT,78957.0,MEDIUM,Y,22,Spring
C,2022-01-12,2022-03-11,CALIFORNIA SERVICE CENTER,INDIA,33.0,DOCTORATE,COMPUTER SPECIALIST/TESTING AND QUALITY ANALYST 2,FINANCE,79498.0,MEDIUM,Y,58,Winter
C,2022-11-09,2022-12-23,POTOMAC SERVICE CENTER,CHINA,59.0,BACHELOR'S,PROGRAMMER ANALYST,IT,62754.0,MEDIUM,Y,44,Fall
C,2022-07-01,2022-08-03,POTOMAC SERVICE CENTER,INDIA,23.0,BACHELOR'S,SOFTWARE DEVELOPMENT ANALYST II,ENGINEERING,85197.0,MEDIUM,N,33,Summer
C,2022-03-24,2022-05-05,POTOMAC SERVICE CENTER,PHILIPPINES,57.0,BACHELOR'S,COMPUTER SPECIALIST/TESTING AND QUALITY ANALYST 2,ENGINEERING,79498.0,MEDIUM,Y,42,Spring
C,2022-07-19,2022-08-16,NEBRASKA SERVICE CENTER,PHILIPPINES,59.0,MASTER'S,TECHNOLOGY ANALYST - US - PROFESSIONAL,MEDICAL,62754.0,MEDIUM,Y,28,Summer
C,2022-03-26,2022-05-09,POTOMAC SERVICE CENTER,INDIA,56.0,MASTER'S,RADIO FREQUENCY NETWORK ENGINEER,EDUCATION,73050.0,MEDIUM,Y,44,Spring
C,2022-08-25,2022-10-12,VERMONT SERVICE CENTER,CANADA,41.0,BACHELOR'S,ASSOCIATE AUDITOR,IT,47715.0,LOW,Y,48,Summer
C,2022-02-18,2022-03-25,NEBRASKA SERVICE CENTER,INDIA,30.0,MASTER'S,ORACLE DBA - II,IT,71323.0,MEDIUM,Y,35,Winter
CW,2022-07-05,2022-07-19,POTOMAC SERVICE CENTER,INDIA,28.0,MASTER'S,DEVOPS ENGINEER,OTHER,85883.0,MEDIUM,Y,14,Summer
D,2022-08-19,2022-09-14,TEXAS SERVICE CENTER,INDIA,45.0,BACHELOR'S,PROJECT ENGINEER,FINANCE,62130.0,MEDIUM,Y,26,Summer
C,2022-04-16,2022-05-08,POTOMAC SERVICE CENTER,INDIA,50.0,MASTER'S,SENIOR SOFTWARE ENGINEER,IT,85197.0,MEDIUM,Y,22,Spring
C,2022-11-13,2022-12-14,NEBRASKA SERVICE CENTER,INDIA,28.0,DOCTORATE,ORACLE APPLICATIONS CONSULTANT - I,IT,68827.0,MEDIUM,Y,31,Fall
C,2022-12-05,2023-02-02,POTOMAC SERVICE CENTER,CHINA,58.0,MASTER'S,TECHNOLOGY ANALYST - US - PROFESSIONAL,IT,62754.0,MEDIUM,Y,59,Winter
C,2022-11-03,2022-11-28,CALIFORNIA SERVICE CENTER,INDIA,33.0,MASTER'S,PROGRAMMER ANALYST,IT,46301.0,LOW,Y,25,Fall
C,2022-01-28,2022-03-05,NEBRASKA SERVICE CENTER,CHINA,22.0,DOCTORATE,BUSINESS INTELLIGENCE DEVELOPER,IT,98176.0,MEDIUM,Y,36,Winter
C,2022-08-15,2022-09-07,TEXAS SERVICE CENTER,INDIA,57.0,BACHELOR'S,SALES ENGINEER,FINANCE,71386.0,MEDIUM,Y,23,Summer
C,2022-12-15,2023-01-27,CALIFORNIA SERVICE CENTER,CANADA,53.0,MASTER'S,BI CONSULTANT - II,ENGINEERING,85197.0,MEDIUM,Y,43,Winter
C,2022-03-10,2022-04-14,POTOMAC SERVICE CENTER,INDIA,46.0,MASTER'S,Q&A ANALYST,IT,60798.0,MEDIUM,Y,35,Spring
C,2022-12-17,2023-02-06,POTOMAC SERVICE CENTER,INDIA,44.0,MASTER'S,DATABASE ARCHITECT,IT,71323.0,MEDIUM,N,51,Winter
C,2022-07-27,2022-08-12,VERMONT SERVICE CENTER,INDIA,53.0,BACHELOR'S,BI CONSULTANT - II,OTHER,85197.0,MEDIUM,Y,16,Summer
C,2022-06-11,2022-06-26,TEXAS SERVICE CENTER,CHINA,50.0,MASTER'S,SOFTWARE DEVELOPER APPLICATION,IT,85197.0,MEDIUM,Y,15,Summer
C,2022-06-09,2022-07-06,CALIFORNIA SERVICE CENTER,INDIA,25.0,MASTER'S,SR. PROGRAMMER ANALYST,IT,79414.0,MEDIUM,Y,27,Summer
C,2022-09-03,2022-09-18,NEBRASKA SERVICE CENTER,INDIA,34.0,MASTER'S,SOLUTION ARCHITECT,MEDICAL,101566.0,HIGH,Y,15,Fall
C,2022-01-30,2022-03-10,TEXAS SERVICE CENTER,CHINA,57.0,BACHELOR'S,SENIOR SOFTWARE DEVELOPER,IT,107806.0,HIGH,Y,39,Winter
C,2022-05-10,2022-06-18,POTOMAC SERVICE CENTER,INDIA,45.0,MASTER'S,ORACLE APPLICATIONS CONSULTANT - I,IT,68827.0,MEDIUM,Y,39,Spring
C,2022-08-19,2022-09-04,POTOMAC SERVICE CENTER,MEXICO,22.0,BACHELOR'S,SENIOR DEVELOPER,IT,114712.0,HIGH,Y,16,Summer
C,2022-01-21,2022-03-07,POTOMAC SERVICE CENTER,INDIA,36.0,MASTER'S,QA ANALYST - I,IT,60798.0,MEDIUM,Y,45,Winter
C,2022-11-23,2022-12-11,NEBRASKA SERVICE CENTER,CHINA,29.0,MASTER'S,SOFTWARE ENGINEER,IT,101566.0,HIGH,Y,18,Fall
C,2022-02-20,2022-04-21,CALIFORNIA SERVICE CENTER,INDIA,32.0,MASTER'S,BUSINESS ANALYST,IT,78957.0,MEDIUM,Y,60,Winter
W,2022-01-08,2022-02-10,POTOMAC SERVICE CENTER,INDIA,46.0,BACHELOR'S,RECRUITER,IT,25.58,LOW,Y,33,Winter
C,2022-11-23,2023-01-13,POTOMAC SERVICE CENTER,INDIA,30.0,BACHELOR'S,SENIOR SOFTWARE DEVELOPER,ENGINEERING,90646.0,MEDIUM,Y,51,Fall
C,2022-07-31,2022-09-11,NEBRASKA SERVICE CENTER,INDIA,46.0,BACHELOR'S,COMPUTER SPECIALIST/SYSTEM SUPPORT AND DEVELOPMENT ADMIN 2,MEDICAL,79498.0,MEDIUM,Y,42,Summer
C,2022-07-02,2022-07-26,VERMONT SERVICE CENTER,INDIA,32.0,MASTER'S,SR. CONSULTANT PROFESSIONAL SERVICES (15-1199.01),IT,60798.0,MEDIUM,Y,24,Summer
CW,2022-11-03,2022-11-22,POTOMAC SERVICE CENTER,INDIA,56.0,MASTER'S,SENIOR PROGRAMMER ANALYST,OTHER,67891.0,MEDIUM,N,19,Fall
C,2022-08-25,2022-10-04,POTOMAC SERVICE CENTER,INDIA,34.0,MASTER'S,SOFTWARE TEST ENGINEER,IT,60798.0,MEDIUM,Y,40,Summer
CW,2022-09-19,2022-11-14,CALIFORNIA SERVICE CENTER,CHINA,29.0,MASTER'S,NETWORK AND COMPUTER SYSTEM ADMINISTRATOR,IT,72301.0,MEDIUM,N,56,Fall
C,2022-07-16,2022-08-08,POTOMAC SERVICE CENTER,INDIA,48.0,MASTER'S,SOFTWARE ENGINEER,ENGINEERING,22.26,LOW,Y,23,Summer
C,2022-06-17,2022-07-04,CALIFORNIA SERVICE CENTER,INDIA,27.0,MASTER'S,PROGRAMMER,IT,67891.0,MEDIUM,Y,17,Summer
C,2022-03-16,2022-04-17,VERMONT SERVICE CENTER,INDIA,55.0,BACHELOR'S,RF ENGINEER,FINANCE,71843.0,MEDIUM,Y,32,Spring
C,2022-10-27,2022-12-09,POTOMAC SERVICE CENTER,INDIA,26.0,MASTER'S,PEOPLESOFT SPECIALIST,IT,90646.0,MEDIUM,Y,43,Fall
CW,2022-01-25,2022-02-26,NEBRASKA SERVICE CENTER,MEXICO,31.0,DOCTORATE,DEVOPS ENGINEER,IT,85883.0,MEDIUM,Y,32,Winter
C,2022-12-27,2023-02-10,TEXAS SERVICE CENTER,INDIA,27.0,MASTER'S,LOANBEAM PRODUCT MANAGER,IT,140670.0,HIGH,Y,45,Winter
C,2022-10-26,2022-12-10,CALIFORNIA SERVICE CENTER,CHINA,34.0,MASTER'S,LEAD ENGINEER I,FINANCE,101566.0,HIGH,N,45,Fall
C,2022-11-16,2022-12-05,TEXAS SERVICE CENTER,CANADA,31.0,BACHELOR'S,SOFTWARE DEVELOPER,IT,85197.0,MEDIUM,Y,19,Fall
C,2022-05-08,2022-05-31,NEBRASKA SERVICE CENTER,INDIA,53.0,MASTER'S,SOFTWARE DEVLEOPER - APPLICATIONS,ENGINEERING,43.58,LOW,Y,23,Spring
C,2022-12-31,2023-01-27,NEBRASKA SERVICE CENTER,CHINA,48.0,MASTER'S,SENIOR APPLICATION SUPPORT ANALYST,IT,78957.0,MEDIUM,Y,27,Winter
C,2022-02-28,2022-04-14,VERMONT SERVICE CENTER,INDIA,26.0,MASTER'S,ORACLE APPLICATIONS CONSULTANT - I,IT,68827.0,MEDIUM,Y,45,Winter
C,2022-03-02,2022-03-29,POTOMAC SERVICE CENTER,CHINA,40.0,BACHELOR'S,MARKET RESEARCH ANALYST AND MARKETING SPECIALIST,IT,45136.0,LOW,Y,27,Spring
C,2022-05-07,2022-06-17,TEXAS SERVICE CENTER,INDIA,44.0,MASTER'S,PROJECT MANAGER,EDUCATION,79498.0,MEDIUM,Y,41,Spring
C,2023-01-01,2023-02-25,TEXAS SERVICE CENTER,INDIA,38.0,MASTER'S,VICE PRESIDENT; CNSLT - SYSTEMS ENG,OTHER,87651.0,MEDIUM,Y,55,Winter
C,2022-09-02,2022-09-18,CALIFORNIA SERVICE CENTER,INDIA,29.0,BACHELOR'S,APPLICATION PROGRAMMER SPECIALIST,IT,90646.0,MEDIUM,Y,16,Fall
CW,2022-08-05,2022-08-18,POTOMAC SERVICE CENTER,INDIA,34.0,BACHELOR'S,IT PROJECT MANAGER AND DELIVERY MANAGER,IT,81515.0,MEDIUM,Y,13,Summer
CW,2022-11-16,2023-01-08,NEBRASKA SERVICE CENTER,INDIA,41.0,DOCTORATE,"DIRECTOR, DATA MANAGEMENT",IT,116875.0,HIGH,Y,53,Fall
C,2022-04-23,2022-06-16,VERMONT SERVICE CENTER,CHINA,57.0,MASTER'S,PRODUCTION ENGINEER,IT,61568.0,MEDIUM,Y,54,Spring
C,2022-02-14,2022-03-28,VERMONT SERVICE CENTER,INDIA,26.0,MASTER'S,SENIOR PROJECT MANAGER - US - PRACTITIONER,OTHER,110365.0,HIGH,Y,42,Winter
C,2022-10-23,2022-12-13,VERMONT SERVICE CENTER,CANADA,40.0,MASTER'S,SR. PROGRAMMER ANALYST,FINANCE,107806.0,HIGH,Y,51,Fall
C,2022-10-31,2022-11-21,VERMONT SERVICE CENTER,INDIA,36.0,BACHELOR'S,PROGRAMMER ANALYST,IT,62754.0,MEDIUM,Y,21,Fall
C,2022-09-17,2022-09-27,CALIFORNIA SERVICE CENTER,INDIA,55.0,MASTER'S,STAFF GEOLOGIST,IT,130790.0,HIGH,Y,10,Fall
CW,2022-12-08,2022-12-31,TEXAS SERVICE CENTER,INDIA,41.0,MASTER'S,NETWORK ARCHITECT,EDUCATION,85634.0,MEDIUM,Y,23,Winter
C,2022-01-06,2022-02-25,CALIFORNIA SERVICE CENTER,INDIA,41.0,MASTER'S,BI CONSULTANT - II,FINANCE,85197.0,MEDIUM,Y,50,Winter
C,2022-02-02,2022-03-06,CALIFORNIA SERVICE CENTER,INDIA,24.0,MASTER'S,ATG DEVELOPER,IT,90646.0,MEDIUM,Y,32,Winter
C,2022-10-28,2022-12-19,VERMONT SERVICE CENTER,INDIA,41.0,BACHELOR'S,PROGRAMMER ANALYST,IT,46301.0,LOW,Y,52,Fall
C,2022-02-17,2022-04-02,POTOMAC SERVICE CENTER,CHINA,41.0,BACHELOR'S,BI CONSULTANT - II,IT,85197.0,MEDIUM,Y,44,Winter
C,2022-05-14,2022-06-15,NEBRASKA SERVICE CENTER,INDIA,51.0,MASTER'S,QUALITY  ASSURANCE ANALYST,IT,62754.0,MEDIUM,Y,32,Spring
W,2022-09-29,2022-11-16,CALIFORNIA SERVICE CENTER,INDIA,41.0,BACHELOR'S,SOFTWARE DEVELOPER,FINANCE,113755.0,HIGH,Y,48,Fall
C,2022-12-25,2023-02-05,NEBRASKA SERVICE CENTER,INDIA,56.0,BACHELOR'S,ACCOUNTANT,IT,22.94,LOW,Y,42,Winter
C,2022-06-14,2022-07-24,POTOMAC SERVICE CENTER,INDIA,32.0,BACHELOR'S,SOFTWARE ENGINEER,IT,101566.0,HIGH,Y,40,Summer
C,2022-07-05,2022-08-18,POTOMAC SERVICE CENTER,INDIA,57.0,DOCTORATE,VICE PRESIDENT OF MERGERS & ACQUISITIONS,MEDICAL,152693.0,HIGH,Y,44,Summer
C,2022-01-26,2022-02-05,POTOMAC SERVICE CENTER,CHINA,41.0,MASTER'S,ACCOUNTING ANALYST,IT,47715.0,LOW,Y,10,Winter
C,2022-07-22,2022-08-28,POTOMAC SERVICE CENTER,INDIA,50.0,BACHELOR'S,CHIEF OPERATING OFFICER,ENGINEERING,186056.0,HIGH,Y,37,Summer
C,2022-03-17,2022-05-10,POTOMAC SERVICE CENTER,INDIA,41.0,BACHELOR'S,JAVA DEVELOPER - II,MEDICAL,85197.0,MEDIUM,Y,54,Spring
C,2022-12-12,2023-01-02,TEXAS SERVICE CENTER,INDIA,41.0,BACHELOR'S,PROGRAMMER ANALYST,IT,62754.0,MEDIUM,Y,21,Winter
C,2022-07-03,2022-08-12,POTOMAC SERVICE CENTER,CHINA,40.0,BACHELOR'S,IT BUSINESS ANALYST,IT,62754.0,MEDIUM,Y,40,Summer
C,2022-01-25,2022-03-25,VERMONT SERVICE CENTER,CHINA,27.0,MASTER'S,WEB DEVELOPER,MEDICAL,46155.0,LOW,Y,59,Winter
C,2022-07-26,2022-09-12,POTOMAC SERVICE CENTER,INDIA,42.0,BACHELOR'S,PROGRAMMER ANALYST,IT,62754.0,MEDIUM,Y,48,Summer
CW,2022-02-24,2022-04-09,POTOMAC SERVICE CENTER,INDIA,25.0,BACHELOR'S,REVENUE RECOVERY ANALYST,IT,52624.0,LOW,Y,44,Winter
C,2022-05-08,2022-06-10,VERMONT SERVICE CENTER,PHILIPPINES,30.0,MASTER'S,PROJECT ENGINEER,IT,63690.0,MEDIUM,Y,33,Spring
C,2022-01-29,2022-02-16,NEBRASKA SERVICE CENTER,INDIA,30.0,BACHELOR'S,BUSINESS INTELLIGENCE DEVELOPER,IT,78957.0,MEDIUM,Y,18,Winter
C,2022-02-08,2022-03-18,VERMONT SERVICE CENTER,INDIA,39.0,BACHELOR'S,SOFTWARE ENGINEER,IT,85197.0,MEDIUM,Y,38,Winter
C,2022-12-03,2023-01-15,POTOMAC SERVICE CENTER,INDIA,58.0,MASTER'S,PROGRAMMER ANALYST,IT,46301.0,LOW,Y,43,Winter
C,2022-10-11,2022-10-22,POTOMAC SERVICE CENTER,SOUTH KOREA,51.0,MASTER'S,DIRECTOR OF REAL ESTATE,IT,77792.0,MEDIUM,Y,11,Fall
C,2022-12-07,2022-12-26,POTOMAC SERVICE CENTER,INDIA,28.0,MASTER'S,DATABASE ADMINISTRATOR,IT,55474.0,LOW,Y,19,Winter
C,2022-01-14,2022-03-02,TEXAS SERVICE CENTER,INDIA,43.0,BACHELOR'S,AUDIENCE MANAGEMENT ANALYST,IT,62754.0,MEDIUM,Y,47,Winter
C,2022-04-28,2022-05-18,POTOMAC SERVICE CENTER,INDIA,52.0,BACHELOR'S,E-COMMERCE LEAD,IT,107806.0,HIGH,Y,20,Spring
C,2022-02-13,2022-03-29,TEXAS SERVICE CENTER,INDIA,51.0,BACHELOR'S,BUSINESS ANALYST,EDUCATION,54059.0,LOW,Y,44,Winter
C,2022-01-20,2022-02-10,CALIFORNIA SERVICE CENTER,INDIA,41.0,MASTER'S,TECHNICAL CONSULTANT,IT,103367.0,HIGH,Y,21,Winter
CW,2022-09-08,2022-10-05,POTOMAC SERVICE CENTER,INDIA,59.0,MASTER'S,SENIOR PROGRAMMER ANALYST,ENGINEERING,67891.0,MEDIUM,Y,27,Fall
C,2022-07-19,2022-09-02,POTOMAC SERVICE CENTER,INDIA,41.0,BACHELOR'S,VICE PRESIDENT OF RISK MANAGEMENT (11-3031.02),FINANCE,158496.0,HIGH,Y,45,Summer
C,2022-12-16,2023-01-09,TEXAS SERVICE CENTER,CANADA,23.0,MASTER'S,ASSISTANT PROJECT MANAGER,ENGINEERING,76523.0,MEDIUM,Y,24,Winter
C,2022-03-17,2022-04-03,POTOMAC SERVICE CENTER,INDIA,36.0,BACHELOR'S,BUSINESS INTELLIGENCE/DATABASE SOLUTION ARCHITECT,FINANCE,98176.0,MEDIUM,Y,17,Spring
C,2022-03-17,2022-05-14,NEBRASKA SERVICE CENTER,INDIA,36.0,MASTER'S,SOFTWARE DEVELOPER,IT,85197.0,MEDIUM,Y,58,Spring
C,2022-04-23,2022-06-08,POTOMAC SERVICE CENTER,INDIA,41.0,MASTER'S,AVP; CONSULTANT - APPS PROG,IT,101566.0,HIGH,N,46,Spring
C,2022-02-12,2022-03-15,POTOMAC SERVICE CENTER,INDIA,24.0,MASTER'S,"DEVELOPER II, AUTOMATION (15-1199.01)",ENGINEERING,76586.0,MEDIUM,Y,31,Winter
C,2022-03-14,2022-03-28,CALIFORNIA SERVICE CENTER,INDIA,48.0,BACHELOR'S,SYSTEM ADMINISTRATOR,IT,75941.0,MEDIUM,Y,14,Spring
C,2022-08-31,2022-09-13,VERMONT SERVICE CENTER,INDIA,59.0,MASTER'S,DEVELOPMENT MANAGER SENIOR,ENGINEERING,99590.0,MEDIUM,Y,13,Summer
C,2022-09-17,2022-10-18,NEBRASKA SERVICE CENTER,INDIA,58.0,MASTER'S,ETL DEVELOPER,IT,116875.0,HIGH,Y,31,Fall
C,2022-01-20,2022-02-15,TEXAS SERVICE CENTER,INDIA,50.0,MASTER'S,BUSINESS ANALYST,IT,62754.0,MEDIUM,Y,26,Winter
C,2022-08-12,2022-09-25,NEBRASKA SERVICE CENTER,INDIA,51.0,MASTER'S,DATABASE ADMINISTRATOR,IT,87173.0,MEDIUM,Y,44,Summer
C,2022-06-12,2022-07-10,VERMONT SERVICE CENTER,PHILIPPINES,31.0,MASTER'S,SOFTWARE ENGINEER,IT,68827.0,MEDIUM,N,28,Summer
C,2022-11-30,2023-01-07,NEBRASKA SERVICE CENTER,INDIA,33.0,DOCTORATE,SUPPLY CHAIN ANALYST,IT,25.99,LOW,Y,38,Fall
C,2022-06-12,2022-06-29,POTOMAC SERVICE CENTER,INDIA,56.0,MASTER'S,SENIOR FULL-STACK .NET DEVELOPER,IT,117936.0,HIGH,Y,17,Summer
C,2022-09-06,2022-10-28,POTOMAC SERVICE CENTER,CANADA,40.0,BACHELOR'S,LEAD-SOFTWARE/SOFTWARE DEVELOPER,IT,101566.0,HIGH,Y,52,Fall
C,2022-12-30,2023-02-08,POTOMAC SERVICE CENTER,CANADA,29.0,MASTER'S,BI CONSULTANT - I,IT,68827.0,MEDIUM,Y,40,Winter
C,2022-02-15,2022-03-31,POTOMAC SERVICE CENTER,INDIA,39.0,BACHELOR'S,DATA SCIENTIST,IT,66560.0,MEDIUM,Y,44,Winter
C,2022-06-24,2022-07-10,CALIFORNIA SERVICE CENTER,SOUTH KOREA,41.0,MASTER'S,COMPUTER SYSTEMS ANALYST,IT,78957.0,MEDIUM,Y,16,Summer
C,2022-03-19,2022-04-04,CALIFORNIA SERVICE CENTER,SOUTH KOREA,59.0,MASTER'S,PROGRAMMER ANALYST,FINANCE,62754.0,MEDIUM,Y,16,Spring
C,2022-07-21,2022-08-27,TEXAS SERVICE CENTER,INDIA,41.0,MASTER'S,TECHNOLOGY ANALYST - US,FINANCE,62754.0,MEDIUM,Y,37,Summer
C,2022-04-10,2022-06-02,POTOMAC SERVICE CENTER,CANADA,40.0,MASTER'S,ORACLE APPLICATIONS CONSULTANT II,FINANCE,117936.0,HIGH,Y,53,Spring
C,2022-11-17,2022-12-08,CALIFORNIA SERVICE CENTER,INDIA,41.0,MASTER'S,SOFTWARE ENGINEER,IT,68827.0,MEDIUM,Y,21,Fall
CW,2022-05-02,2022-06-13,NEBRASKA SERVICE CENTER,INDIA,54.0,MASTER'S,ASSOCIATE VETERINARIAN,ENGINEERING,77376.0,MEDIUM,Y,42,Spring
C,2022-02-13,2022-04-10,VERMONT SERVICE CENTER,CHINA,41.0,BACHELOR'S,TECHNOLOGY LEAD - US - PRACTITIONER,ENGINEERING,78957.0,MEDIUM,Y,56,Winter
C,2022-07-16,2022-08-25,TEXAS SERVICE CENTER,INDIA,55.0,BACHELOR'S,OFFICER; SPECIALIST - SYS/DATA SECURITY,MEDICAL,69139.0,MEDIUM,Y,40,Summer
C,2022-08-11,2022-09-26,POTOMAC SERVICE CENTER,INDIA,27.0,MASTER'S,ORACLE DBA - II,FINANCE,71323.0,MEDIUM,Y,46,Summer
C,2022-10-06,2022-10-18,TEXAS SERVICE CENTER,INDIA,54.0,MASTER'S,HADOOP ADMINISTRATOR,IT,86819.0,MEDIUM,N,12,Fall
C,2022-01-09,2022-02-05,NEBRASKA SERVICE CENTER,INDIA,25.0,MASTER'S,LEAD-TECHNOLOGY/APPLICATION PROGRAMMER,IT,79414.0,MEDIUM,Y,27,Winter
C,2022-10-18,2022-11-27,VERMONT SERVICE CENTER,INDIA,47.0,BACHELOR'S,PROGRAMMER ANALYST,ENGINEERING,62754.0,MEDIUM,Y,40,Fall
C,2022-01-31,2022-03-05,POTOMAC SERVICE CENTER,INDIA,45.0,MASTER'S,CONSULTANT,IT,69139.0,MEDIUM,Y,33,Winter
C,2022-10-17,2022-11-19,CALIFORNIA SERVICE CENTER,INDIA,59.0,MASTER'S,ATG DEVELOPER,EDUCATION,124946.0,HIGH,Y,33,Fall
C,2022-07-01,2022-08-27,TEXAS SERVICE CENTER,CHINA,38.0,MASTER'S,BUSINESS CONSULTANT,IT,80887.0,MEDIUM,Y,57,Summer
C,2022-04-05,2022-06-04,POTOMAC SERVICE CENTER,SOUTH KOREA,54.0,MASTER'S,SENIOR SOFTWARE AUTOMATION TEST ENGINEER,MEDICAL,103875.0,HIGH,Y,60,Spring
C,2022-08-15,2022-10-05,TEXAS SERVICE CENTER,INDIA,29.0,MASTER'S,LEAD ENGINEER I,IT,85197.0,MEDIUM,Y,51,Summer
C,2022-05-19,2022-06-13,VERMONT SERVICE CENTER,CHINA,32.0,BACHELOR'S,CONSULTANT - US,IT,78957.0,MEDIUM,Y,25,Spring
C,2022-11-20,2022-12-12,VERMONT SERVICE CENTER,SOUTH KOREA,35.0,MASTER'S,SYSTEMS ENGINEER,IT,68827.0,MEDIUM,Y,22,Fall
C,2022-02-12,2022-03-09,POTOMAC SERVICE CENTER,MEXICO,37.0,BACHELOR'S,FINANCIAL ANALYST,MEDICAL,54538.0,LOW,Y,25,Winter
C,2022-03-31,2022-04-14,POTOMAC SERVICE CENTER,INDIA,52.0,MASTER'S,PROGRAMMER ANALYST,FINANCE,46301.0,LOW,Y,14,Spring
C,2022-01-22,2022-02-07,CALIFORNIA SERVICE CENTER,INDIA,52.0,MASTER'S,TECHNICAL TEST LEAD - US - PRACTITIONER,IT,79498.0,MEDIUM,Y,16,Winter
C,2022-10-25,2022-11-16,TEXAS SERVICE CENTER,CHINA,45.0,BACHELOR'S,SR. CONSULTANT PROFESSIONAL SERVICES (15-1199.01),OTHER,60798.0,MEDIUM,Y,22,Fall
C,2022-06-26,2022-08-21,POTOMAC SERVICE CENTER,INDIA,38.0,BACHELOR'S,ORACLE APPLICATIONS LEAD,IT,101566.0,HIGH,Y,56,Summer
C,2022-05-19,2022-05-29,VERMONT SERVICE CENTER,INDIA,33.0,MASTER'S,ORACLE APPLICATIONS CONSULTANT - II,MEDICAL,85197.0,MEDIUM,Y,10,Spring
C,2022-07-17,2022-08-29,TEXAS SERVICE CENTER,CHINA,45.0,MASTER'S,TECHNICAL TEST LEAD - US - PROFESSIONAL,IT,79498.0,MEDIUM,Y,43,Summer
C,2022-02-18,2022-03-16,VERMONT SERVICE CENTER,INDIA,33.0,MASTER'S,JAVA DEVELOPER - II,IT,85197.0,MEDIUM,Y,26,Winter
C,2022-05-17,2022-06-21,POTOMAC SERVICE CENTER,INDIA,33.0,BACHELOR'S,PROJECT MANAGER,FINANCE,60798.0,MEDIUM,Y,35,Spring
C,2022-04-09,2022-05-12,TEXAS SERVICE CENTER,INDIA,40.0,BACHELOR'S,BIG DATA ARCHITECT,ENGINEERING,74776.0,MEDIUM,Y,33,Spring
CW,2022-12-08,2023-01-03,POTOMAC SERVICE CENTER,INDIA,40.0,DOCTORATE,"SENIOR CONSULTANT - MANAGEMENT, TRAINING, AND DEVELOPMENT",ENGINEERING,52270.0,LOW,Y,26,Winter
C,2022-12-10,2023-01-10,POTOMAC SERVICE CENTER,INDIA,57.0,MASTER'S,TECHNOLOGY LEAD - US,IT,78957.0,MEDIUM,Y,31,Winter
C,2022-12-22,2023-01-02,CALIFORNIA SERVICE CENTER,INDIA,44.0,MASTER'S,SOLUTION ARCHITECT,IT,101566.0,HIGH,Y,11,Winter
C,2022-08-14,2022-09-14,CALIFORNIA SERVICE CENTER,INDIA,53.0,MASTER'S,QA ANALYST - II,IT,79498.0,MEDIUM,Y,31,Summer
C,2022-10-06,2022-10-19,NEBRASKA SERVICE CENTER,SOUTH KOREA,56.0,MASTER'S,DEVELOPER USER INTERFACE,IT,78395.0,MEDIUM,Y,13,Fall
C,2022-12-04,2023-01-07,TEXAS SERVICE CENTER,INDIA,44.0,MASTER'S,PROGRAMMER ANALYST,IT,62754.0,MEDIUM,N,34,Winter
CW,2022-09-22,2022-10-11,TEXAS SERVICE CENTER,INDIA,56.0,MASTER'S,SOFTWARE DEVELOPER,MEDICAL,85197.0,MEDIUM,Y,19,Fall
C,2022-03-01,2022-03-18,CALIFORNIA SERVICE CENTER,INDIA,45.0,BACHELOR'S,VMWARE/SYSTEMS ADMINISTRATOR,ENGINEERING,59592.0,LOW,Y,17,Spring
C,2022-05-26,2022-07-18,POTOMAC SERVICE CENTER,PHILIPPINES,58.0,MASTER'S,LEAD ENGINEER I,IT,68827.0,MEDIUM,Y,53,Spring
C,2022-02-20,2022-03-17,TEXAS SERVICE CENTER,CHINA,32.0,MASTER'S,JAVA DEVELOPER - I,ENGINEERING,68827.0,MEDIUM,Y,25,Winter
C,2022-12-13,2023-01-14,TEXAS SERVICE CENTER,INDIA,41.0,BACHELOR'S,SENIOR SOFTWARE DEVELOPER,IT,85197.0,MEDIUM,Y,32,Winter
C,2022-11-12,2022-11-22,POTOMAC SERVICE CENTER,PHILIPPINES,41.0,MASTER'S,COMPUTER SPECIALIST/TESTING AND QUALITY ANALYST 2,FINANCE,79498.0,MEDIUM,Y,10,Fall
C,2022-04-17,2022-05-01,POTOMAC SERVICE CENTER,INDIA,31.0,BACHELOR'S,HADOOP ARCHITECT,IT,116875.0,HIGH,Y,14,Spring
C,2022-11-13,2022-12-07,TEXAS SERVICE CENTER,INDIA,41.0,MASTER'S,PEOPLESOFT RELEASE MANAGER & INFRASTRUCTURE LEAD,IT,99590.0,MEDIUM,Y,24,Fall
C,2022-04-19,2022-06-05,TEXAS SERVICE CENTER,INDIA,25.0,MASTER'S,COMPUTER SYSTEMS ANALYST,EDUCATION,78957.0,MEDIUM,Y,47,Spring
C,2022-12-27,2023-01-10,POTOMAC SERVICE CENTER,INDIA,47.0,MASTER'S,SENIOR SOFTWARE DEVELOPER,ENGINEERING,90646.0,MEDIUM,Y,14,Winter
C,2022-07-06,2022-08-29,TEXAS SERVICE CENTER,INDIA,41.0,BACHELOR'S,SOFTWARE ENGINEER,FINANCE,68827.0,MEDIUM,Y,54,Summer
C,2022-06-21,2022-07-31,POTOMAC SERVICE CENTER,INDIA,56.0,BACHELOR'S,COMPUTER SYSTEMS ANALYST/ARCHITECT,ENGINEERING,79414.0,MEDIUM,Y,40,Summer
C,2022-03-04,2022-03-23,POTOMAC SERVICE CENTER,INDIA,41.0,MASTER'S,SENIOR PROJECT MANAGER,IT,79498.0,MEDIUM,Y,19,Spring
CW,2022-08-31,2022-10-24,VERMONT SERVICE CENTER,INDIA,38.0,MASTER'S,JAVA DEVELOPER,IT,68827.0,MEDIUM,Y,54,Summer
C,2022-02-23,2022-03-16,NEBRASKA SERVICE CENTER,INDIA,31.0,MASTER'S,TECHNOLOGY ARCHITECT - US,IT,98176.0,MEDIUM,Y,21,Winter
C,2022-01-04,2022-01-30,NEBRASKA SERVICE CENTER,INDIA,39.0,MASTER'S,DATA WAREHOUSING SPECIALIST,MEDICAL,116875.0,HIGH,Y,26,Winter
C,2022-08-30,2022-09-22,CALIFORNIA SERVICE CENTER,INDIA,41.0,MASTER'S,SALES ENGINEER,MEDICAL,71386.0,MEDIUM,Y,23,Summer
C,2022-01-11,2022-03-11,CALIFORNIA SERVICE CENTER,INDIA,51.0,BACHELOR'S,PROGRAMMER ANALYST,MEDICAL,62754.0,MEDIUM,Y,59,Winter
C,2022-07-26,2022-08-29,TEXAS SERVICE CENTER,PHILIPPINES,53.0,BACHELOR'S,DESIGN INTERN,IT,54309.0,LOW,Y,34,Summer
C,2022-12-12,2023-01-21,VERMONT SERVICE CENTER,SOUTH KOREA,52.0,BACHELOR'S,QA LEAD,IT,70554.0,MEDIUM,Y,40,Winter
C,2022-12-12,2023-01-03,NEBRASKA SERVICE CENTER,SOUTH KOREA,30.0,BACHELOR'S,SALES ENGINEER,IT,71386.0,MEDIUM,Y,22,Winter
C,2022-04-07,2022-05-22,TEXAS SERVICE CENTER,INDIA,22.0,MASTER'S,ENGINEERING ANALYST,EDUCATION,68827.0,MEDIUM,Y,45,Spring
C,2022-01-11,2022-03-03,NEBRASKA SERVICE CENTER,CHINA,27.0,BACHELOR'S,PROGRAMMER ANALYST - II,IT,67891.0,MEDIUM,Y,51,Winter
C,2022-11-17,2022-12-24,NEBRASKA SERVICE CENTER,INDIA,29.0,MASTER'S,SENIOR SOFTWARE ENGINEER,IT,117936.0,HIGH,N,37,Fall
C,2022-01-16,2022-01-27,POTOMAC SERVICE CENTER,INDIA,38.0,BACHELOR'S,DESIGN INTERN,IT,51667.0,LOW,Y,11,Winter
C,2022-06-05,2022-07-10,NEBRASKA SERVICE CENTER,INDIA,23.0,MASTER'S,FINANCIAL ACCOUNTANT,IT,22.94,LOW,Y,35,Summer
C,2022-05-03,2022-06-30,POTOMAC SERVICE CENTER,CHINA,30.0,MASTER'S,PROGRAMMER ANALYST,IT,62754.0,MEDIUM,N,58,Spring
C,2022-12-15,2023-01-14,CALIFORNIA SERVICE CENTER,CHINA,54.0,BACHELOR'S,DATA ANALYST,OTHER,60798.0,MEDIUM,Y,30,Winter
C,2022-04-18,2022-05-31,CALIFORNIA SERVICE CENTER,CHINA,22.0,MASTER'S,PROGRAMMER ANALYST,IT,62754.0,MEDIUM,N,43,Spring
C,2022-02-13,2022-03-22,NEBRASKA SERVICE CENTER,INDIA,49.0,MASTER'S,PROGRAMMER ANALYST,IT,62754.0,MEDIUM,N,37,Winter
CW,2022-12-27,2023-01-29,VERMONT SERVICE CENTER,INDIA,40.0,MASTER'S,QA ANALYST,IT,60133.0,MEDIUM,Y,33,Winter
C,2022-12-15,2023-01-04,NEBRASKA SERVICE CENTER,INDIA,22.0,MASTER'S,SENIOR CONSULTANT,ENGINEERING,74131.0,MEDIUM,Y,20,Winter
C,2022-08-22,2022-10-18,POTOMAC SERVICE CENTER,INDIA,49.0,MASTER'S,SENIOR SOFTWARE AUTOMATION TEST ENGINEER,IT,107806.0,HIGH,Y,57,Summer
C,2022-06-08,2022-07-25,POTOMAC SERVICE CENTER,SOUTH KOREA,47.0,MASTER'S,SOFTWARE DEVELOPER,IT,68827.0,MEDIUM,Y,47,Summer
C,2022-11-05,2022-11-29,CALIFORNIA SERVICE CENTER,CHINA,31.0,MASTER'S,SYSTEM ADMINISTRATOR - II,IT,73195.0,MEDIUM,Y,24,Fall
C,2022-11-06,2022-11-25,CALIFORNIA SERVICE CENTER,INDIA,24.0,DOCTORATE,PROGRAMMER ANALYST,IT,60798.0,MEDIUM,Y,19,Fall
C,2022-12-05,2022-12-20,NEBRASKA SERVICE CENTER,INDIA,37.0,MASTER'S,SOFTWARE SYSTEMS ANALYST II,IT,79414.0,MEDIUM,Y,15,Winter
C,2022-04-06,2022-04-16,CALIFORNIA SERVICE CENTER,INDIA,39.0,MASTER'S,BI CONSULTANT - II,FINANCE,79498.0,MEDIUM,Y,10,Spring
C,2022-09-27,2022-11-08,VERMONT SERVICE CENTER,INDIA,37.0,MASTER'S,SENIOR CONSULTANT,IT,74131.0,MEDIUM,Y,42,Fall
C,2022-08-04,2022-09-26,POTOMAC SERVICE CENTER,INDIA,43.0,BACHELOR'S,SOLUTION ARCHITECT,IT,101566.0,HIGH,Y,53,Summer
C,2022-05-30,2022-07-19,NEBRASKA SERVICE CENTER,CHINA,49.0,MASTER'S,PROGRAMMER ANALYST,IT,62754.0,MEDIUM,N,50,Spring
C,2022-05-16,2022-06-30,POTOMAC SERVICE CENTER,INDIA,41.0,BACHELOR'S,SENIOR QUALITY ASSURANCE TESTER,IT,93475.0,MEDIUM,Y,45,Spring
CW,2022-10-04,2022-10-28,POTOMAC SERVICE CENTER,INDIA,44.0,MASTER'S,LEAD ENGINEER II,IT,81952.0,MEDIUM,Y,24,Fall
W,2022-07-23,2022-08-03,POTOMAC SERVICE CENTER,INDIA,52.0,BACHELOR'S,VISTARAIT INC,IT,85197.0,MEDIUM,Y,11,Summer
C,2022-10-07,2022-12-03,NEBRASKA SERVICE CENTER,INDIA,41.0,MASTER'S,SYSTEMS DEVELOPER -II,ENGINEERING,85197.0,MEDIUM,Y,57,Fall
C,2022-07-24,2022-08-10,CALIFORNIA SERVICE CENTER,SOUTH KOREA,50.0,MASTER'S,SOFTWARE ENGINEER III,IT,101566.0,HIGH,Y,17,Summer
C,2022-09-15,2022-10-01,POTOMAC SERVICE CENTER,INDIA,30.0,MASTER'S,ORACLE APPLICATIONS CONSULTANT - II,IT,85197.0,MEDIUM,Y,16,Fall
CW,2022-09-30,2022-11-08,CALIFORNIA SERVICE CENTER,INDIA,35.0,BACHELOR'S,PROGRMMER ANALYST,IT,52499.0,LOW,N,39,Fall
C,2022-03-15,2022-04-28,CALIFORNIA SERVICE CENTER,INDIA,51.0,DOCTORATE,PRODUCTION SERVICES LEAD,IT,98176.0,MEDIUM,N,44,Spring
C,2022-02-16,2022-03-21,VERMONT SERVICE CENTER,CHINA,32.0,MASTER'S,TECHNICAL RECRUITER,ENGINEERING,53206.0,LOW,N,33,Winter
CW,2022-04-29,2022-06-21,TEXAS SERVICE CENTER,INDIA,53.0,MASTER'S,SR. CONSULTANT,IT,99258.0,MEDIUM,N,53,Spring
C,2022-03-08,2022-05-06,POTOMAC SERVICE CENTER,INDIA,37.0,BACHELOR'S,ORACLE APPLICATIONS CONSULTANT - II,ENGINEERING,85197.0,MEDIUM,Y,59,Spring
C,2022-01-19,2022-02-12,NEBRASKA SERVICE CENTER,INDIA,55.0,MASTER'S,PROGRAMMER ANALYST,OTHER,46301.0,LOW,Y,24,Winter
C,2022-12-17,2023-01-12,NEBRASKA SERVICE CENTER,SOUTH KOREA,44.0,MASTER'S,STORAGE SYSTEMS ADMINISTRATOR,IT,86819.0,MEDIUM,Y,26,Winter
W,2022-01-13,2022-03-09,VERMONT SERVICE CENTER,INDIA,29.0,MASTER'S,SALES ENGINEER,FINANCE,71386.0,MEDIUM,Y,55,Winter
C,2022-03-20,2022-05-13,POTOMAC SERVICE CENTER,INDIA,49.0,MASTER'S,JAVA DEVELOPER - I,IT,68827.0,MEDIUM,Y,54,Spring
C,2022-12-26,2023-02-19,POTOMAC SERVICE CENTER,INDIA,47.0,MASTER'S,SOFTWARE ENGINEER,IT,33.09,LOW,Y,55,Winter
C,2022-02-01,2022-03-07,POTOMAC SERVICE CENTER,INDIA,44.0,MASTER'S,ETL DEVELOPER,IT,116875.0,HIGH,N,34,Winter
C,2022-12-13,2023-01-11,NEBRASKA SERVICE CENTER,INDIA,24.0,MASTER'S,BUSINESS ANALYST,IT,55931.0,LOW,Y,29,Winter
C,2022-10-08,2022-11-27,TEXAS SERVICE CENTER,INDIA,46.0,MASTER'S,PROGRAMMER ANALYST,IT,46301.0,LOW,Y,50,Fall
C,2022-07-05,2022-08-24,NEBRASKA SERVICE CENTER,INDIA,41.0,MASTER'S,HUMAN RESOURCES SPECIALIST,IT,25.58,LOW,Y,50,Summer
CW,2022-02-28,2022-04-03,TEXAS SERVICE CENTER,INDIA,41.0,MASTER'S,PROGRAMMER ANALYST,IT,45011.0,LOW,Y,34,Winter
C,2022-06-01,2022-06-20,POTOMAC SERVICE CENTER,INDIA,59.0,BACHELOR'S,TECHNOLOGY ANALYST - US,ENGINEERING,62754.0,MEDIUM,Y,19,Summer
C,2022-06-16,2022-07-10,NEBRASKA SERVICE CENTER,INDIA,58.0,BACHELOR'S,PROGRAMMER ANALYST,MEDICAL,62754.0,MEDIUM,N,24,Summer
C,2022-06-15,2022-07-05,VERMONT SERVICE CENTER,INDIA,35.0,BACHELOR'S,SENIOR SOFTWARE DEVELOPER,OTHER,90646.0,MEDIUM,Y,20,Summer
C,2022-07-12,2022-08-04,POTOMAC SERVICE CENTER,INDIA,41.0,MASTER'S,SOFTWARE ENGINEER,ENGINEERING,68827.0,MEDIUM,Y,23,Summer
C,2022-06-14,2022-07-03,TEXAS SERVICE CENTER,INDIA,41.0,BACHELOR'S,DIRECTOR OF PRODUCT MANAGEMENT,IT,110700.0,HIGH,Y,19,Summer
C,2022-06-20,2022-07-18,VERMONT SERVICE CENTER,PHILIPPINES,38.0,BACHELOR'S,SOFTWARE DEVELOPER,ENGINEERING,68827.0,MEDIUM,Y,28,Summer
C,2022-09-26,2022-10-16,NEBRASKA SERVICE CENTER,INDIA,41.0,MASTER'S,PROGRAMMER ANALYST,OTHER,46301.0,LOW,Y,20,Fall
C,2022-02-26,2022-03-08,POTOMAC SERVICE CENTER,INDIA,57.0,MASTER'S,SENIOR SOLUTION ARCHITECT,MEDICAL,79498.0,MEDIUM,Y,10,Winter
C,2022-09-18,2022-11-12,VERMONT SERVICE CENTER,INDIA,43.0,MASTER'S,GRADUATE INTERN,FINANCE,51688.0,LOW,Y,55,Fall
C,2022-08-07,2022-08-31,POTOMAC SERVICE CENTER,MEXICO,41.0,MASTER'S,"COMPUTER SOFTWARE ENGINEER, APPLICATIONS",IT,80023.0,MEDIUM,Y,24,Summer
C,2022-12-03,2023-01-30,NEBRASKA SERVICE CENTER,CANADA,34.0,BACHELOR'S,PROGRAMMER ANALYST,ENGINEERING,67891.0,MEDIUM,Y,58,Winter
C,2022-11-24,2022-12-15,NEBRASKA SERVICE CENTER,INDIA,55.0,MASTER'S,COMPUTER SYSTEMS ANALYST,EDUCATION,62754.0,MEDIUM,Y,21,Fall
C,2022-08-22,2022-09-11,CALIFORNIA SERVICE CENTER,INDIA,44.0,BACHELOR'S,JAVA DEVELOPER - II,MEDICAL,85197.0,MEDIUM,Y,20,Summer
C,2022-05-06,2022-07-02,CALIFORNIA SERVICE CENTER,INDIA,33.0,MASTER'S,SOFTWARE DEVELOPER,MEDICAL,107806.0,HIGH,Y,57,Spring
C,2022-03-21,2022-04-21,NEBRASKA SERVICE CENTER,INDIA,30.0,MASTER'S,FINANCIAL ANALYST,IT,54538.0,LOW,Y,31,Spring
C,2022-07-09,2022-08-07,CALIFORNIA SERVICE CENTER,INDIA,39.0,BACHELOR'S,APPLICATION ARCHITECT,IT,40.96,LOW,Y,29,Summer
C,2022-06-25,2022-07-30,NEBRASKA SERVICE CENTER,INDIA,23.0,MASTER'S,BI CONSULTANT - II,EDUCATION,79498.0,MEDIUM,Y,35,Summer
C,2022-02-26,2022-04-16,TEXAS SERVICE CENTER,INDIA,27.0,MASTER'S,SENIOR PROGRAMMER ANALYST,FINANCE,95160.0,MEDIUM,Y,49,Winter
C,2022-01-27,2022-02-16,POTOMAC SERVICE CENTER,INDIA,54.0,MASTER'S,"VICE PRESIDENT, TECH MANAGER - APPS PROG",IT,98176.0,MEDIUM,Y,20,Winter
C,2022-02-25,2022-04-13,NEBRASKA SERVICE CENTER,INDIA,53.0,BACHELOR'S,SOFTWARE DESIGNER,IT,85197.0,MEDIUM,Y,47,Winter
C,2022-06-13,2022-08-08,TEXAS SERVICE CENTER,INDIA,47.0,MASTER'S,PROGRAMMER ANALYST,FINANCE,78957.0,MEDIUM,Y,56,Summer
C,2022-11-25,2023-01-24,NEBRASKA SERVICE CENTER,PHILIPPINES,44.0,BACHELOR'S,PROGRAMMER ANALYST,EDUCATION,46301.0,LOW,Y,60,Fall
D,2022-12-24,2023-01-10,NEBRASKA SERVICE CENTER,INDIA,48.0,MASTER'S,ATTORNEY,IT,39.22,LOW,Y,17,Winter
C,2022-07-09,2022-07-21,POTOMAC SERVICE CENTER,INDIA,57.0,BACHELOR'S,SOFTWARE ENGINEER,ENGINEERING,68827.0,MEDIUM,Y,12,Summer
C,2022-07-14,2022-08-02,CALIFORNIA SERVICE CENTER,INDIA,33.0,MASTER'S,TECHNOLOGY LEAD - US - PROFESSIONAL,IT,78957.0,MEDIUM,Y,19,Summer
C,2022-07-28,2022-09-22,NEBRASKA SERVICE CENTER,INDIA,41.0,MASTER'S,RESOURCING MANAGER,ENGINEERING,60000.0,MEDIUM,Y,56,Summer
C,2022-11-04,2022-11-19,POTOMAC SERVICE CENTER,INDIA,37.0,BACHELOR'S,LAWYER,ENGINEERING,39.22,LOW,Y,15,Fall
C,2022-02-26,2022-03-26,VERMONT SERVICE CENTER,INDIA,55.0,MASTER'S,SENIOR SOFTWARE QUALITY ASSURANCE ANALYST,ENGINEERING,79414.0,MEDIUM,Y,28,Winter
C,2022-12-21,2023-01-06,TEXAS SERVICE CENTER,SOUTH KOREA,30.0,MASTER'S,TECHNICAL SALES SUPPORT SPECIALIST,IT,71386.0,MEDIUM,Y,16,Winter
W,2022-08-19,2022-09-06,POTOMAC SERVICE CENTER,INDIA,32.0,MASTER'S,BUSINESS ANALYST,IT,62754.0,MEDIUM,Y,18,Summer
C,2022-11-29,2022-12-25,VERMONT SERVICE CENTER,PHILIPPINES,32.0,MASTER'S,PROGRAMMER ANALYST,FINANCE,79414.0,MEDIUM,Y,26,Fall
C,2022-02-24,2022-03-30,VERMONT SERVICE CENTER,CHINA,48.0,MASTER'S,PROGRAMMER ANALYST,MEDICAL,62754.0,MEDIUM,Y,34,Winter
C,2022-04-15,2022-06-05,NEBRASKA SERVICE CENTER,CHINA,41.0,MASTER'S,DEVELOPER USER INTERFACE,ENGINEERING,59530.0,LOW,Y,51,Spring
C,2022-09-01,2022-10-02,NEBRASKA SERVICE CENTER,INDIA,55.0,BACHELOR'S,LEAD - SOFTWARE,IT,79000.0,MEDIUM,Y,31,Fall
C,2022-10-13,2022-11-29,NEBRASKA SERVICE CENTER,SOUTH KOREA,30.0,BACHELOR'S,SR. CONSULTANT PROFESSIONAL SERVICES,IT,76586.0,MEDIUM,Y,47,Fall
C,2022-02-20,2022-04-18,VERMONT SERVICE CENTER,INDIA,26.0,MASTER'S,PERFORMANCE ENGINEER,ENGINEERING,88700.0,MEDIUM,Y,57,Winter
C,2022-07-12,2022-08-08,POTOMAC SERVICE CENTER,PHILIPPINES,44.0,MASTER'S,SENIOR SOFTWARE DEVELOPER,ENGINEERING,90646.0,MEDIUM,Y,27,Summer
C,2022-03-20,2022-04-11,TEXAS SERVICE CENTER,INDIA,38.0,BACHELOR'S,QUALITY SOFTWARE ENGINEER,IT,60798.0,MEDIUM,Y,22,Spring
C,2022-10-15,2022-11-29,POTOMAC SERVICE CENTER,INDIA,44.0,MASTER'S,DEVELOPER USER INTERFACE,IT,59530.0,LOW,Y,45,Fall
C,2022-03-12,2022-04-20,NEBRASKA SERVICE CENTER,CANADA,43.0,MASTER'S,RISK ANALYST,IT,43.58,LOW,Y,39,Spring
C,2022-02-20,2022-04-16,POTOMAC SERVICE CENTER,INDIA,56.0,MASTER'S,PROGRAMMER ANALYST,ENGINEERING,62754.0,MEDIUM,Y,55,Winter
C,2022-04-30,2022-06-02,POTOMAC SERVICE CENTER,INDIA,32.0,BACHELOR'S,PROGRAMMER ANALYST,IT,67891.0,MEDIUM,Y,33,Spring
C,2022-02-27,2022-04-23,POTOMAC SERVICE CENTER,CHINA,23.0,MASTER'S,STAFF ACCOUNTANT,IT,22.94,LOW,N,55,Winter
C,2022-03-22,2022-05-03,VERMONT SERVICE CENTER,INDIA,45.0,MASTER'S,SENIOR PROJECT MANAGER - US,MEDICAL,110365.0,HIGH,Y,42,Spring
C,2022-03-18,2022-04-08,VERMONT SERVICE CENTER,INDIA,31.0,MASTER'S,TECHNOLOGY ANALYST - US,IT,62754.0,MEDIUM,Y,21,Spring
C,2022-01-27,2022-02-07,CALIFORNIA SERVICE CENTER,CHINA,47.0,MASTER'S,SR. IT ANALYST,FINANCE,62754.0,MEDIUM,N,11,Winter
CW,2022-07-08,2022-07-25,POTOMAC SERVICE CENTER,INDIA,47.0,BACHELOR'S,INTERNAL AUDITOR,IT,61152.0,MEDIUM,Y,17,Summer
C,2022-05-24,2022-06-08,CALIFORNIA SERVICE CENTER,INDIA,41.0,BACHELOR'S,MANAGEMENT ANALYST,MEDICAL,55931.0,LOW,Y,15,Spring
C,2022-01-28,2022-02-15,CALIFORNIA SERVICE CENTER,INDIA,43.0,MASTER'S,USER EXPERIENCE (UX) ARCHITECT,IT,85197.0,MEDIUM,Y,18,Winter
C,2022-11-08,2022-12-16,NEBRASKA SERVICE CENTER,CHINA,28.0,MASTER'S,PROGRAMMER ANALYST,IT,46301.0,LOW,Y,38,Fall
C,2022-08-03,2022-09-14,CALIFORNIA SERVICE CENTER,INDIA,52.0,MASTER'S,PROGRAMMER ANALYST,ENGINEERING,67891.0,MEDIUM,N,42,Summer
C,2022-11-04,2022-12-26,VERMONT SERVICE CENTER,INDIA,36.0,MASTER'S,SENIOR SOFTWARE DEVELOPER,IT,65042.0,MEDIUM,Y,52,Fall
W,2022-03-29,2022-04-17,POTOMAC SERVICE CENTER,INDIA,32.0,MASTER'S,STAFF ACCOUNTANT,IT,47715.0,LOW,Y,19,Spring
C,2022-02-16,2022-04-07,TEXAS SERVICE CENTER,CANADA,41.0,MASTER'S,SENIOR GEOPHYSICIST,FINANCE,130790.0,HIGH,Y,50,Winter
C,2022-06-19,2022-07-05,VERMONT SERVICE CENTER,INDIA,47.0,MASTER'S,JAVA DEVELOPER - I,IT,68827.0,MEDIUM,Y,16,Summer
C,2022-10-03,2022-10-18,VERMONT SERVICE CENTER,INDIA,23.0,MASTER'S,PARTNER MANAGER,EDUCATION,73466.0,MEDIUM,Y,15,Fall
C,2022-12-24,2023-01-26,NEBRASKA SERVICE CENTER,INDIA,22.0,BACHELOR'S,SR DEVOPS ENGINEER,IT,85197.0,MEDIUM,Y,33,Winter
C,2022-03-08,2022-04-04,TEXAS SERVICE CENTER,INDIA,38.0,MASTER'S,ASSISTANT PROJECT MANAGER,IT,60798.0,MEDIUM,Y,27,Spring
C,2022-06-10,2022-07-06,POTOMAC SERVICE CENTER,INDIA,47.0,MASTER'S,ASSISTANT MANAGER-SOFTWARE/APPLICATION PROGRAMMER,IT,80400.0,MEDIUM,Y,26,Summer
CW,2022-11-10,2022-12-16,CALIFORNIA SERVICE CENTER,INDIA,41.0,BACHELOR'S,PRINCIPAL CONSULTANT,MEDICAL,60133.0,MEDIUM,Y,36,Fall
C,2022-11-10,2022-12-30,VERMONT SERVICE CENTER,INDIA,28.0,MASTER'S,JAVA DEVELOPER - II,OTHER,85197.0,MEDIUM,Y,50,Fall
C,2022-03-09,2022-03-28,POTOMAC SERVICE CENTER,INDIA,46.0,MASTER'S,CHIEF OPERATING OFFICER,IT,186056.0,HIGH,Y,19,Spring
C,2022-03-30,2022-05-10,VERMONT SERVICE CENTER,INDIA,28.0,BACHELOR'S,FINANCIAL ANALYST II,ENGINEERING,63900.0,MEDIUM,Y,41,Spring
C,2022-03-15,2022-03-30,VERMONT SERVICE CENTER,CHINA,41.0,MASTER'S,SOFTWARE ENGINEER,IT,68827.0,MEDIUM,Y,15,Spring
C,2022-03-31,2022-04-14,POTOMAC SERVICE CENTER,INDIA,57.0,MASTER'S,SOFTWARE DEVELOPER,ENGINEERING,85197.0,MEDIUM,N,14,Spring
C,2022-02-05,2022-03-01,TEXAS SERVICE CENTER,INDIA,56.0,BACHELOR'S,COMPUTER PROGRAMMER,ENGINEERING,46301.0,LOW,N,24,Winter
C,2022-01-01,2022-02-26,TEXAS SERVICE CENTER,INDIA,57.0,MASTER'S,SENIOR BUSINESS ANALYST,OTHER,62754.0,MEDIUM,Y,56,Winter
C,2022-01-28,2022-03-20,CALIFORNIA SERVICE CENTER,CHINA,32.0,MASTER'S,SENIOR SOFTWARE AUTOMATION TEST ENGINEER,IT,107806.0,HIGH,Y,51,Winter
C,2022-03-26,2022-04-10,POTOMAC SERVICE CENTER,CHINA,33.0,MASTER'S,JAVA DEVELOPER - II,IT,85197.0,MEDIUM,Y,15,Spring
C,2022-11-25,2022-12-21,TEXAS SERVICE CENTER,INDIA,27.0,MASTER'S,SOFTWARE DESIGNER,FINANCE,101566.0,HIGH,Y,26,Fall
C,2022-11-05,2022-12-06,POTOMAC SERVICE CENTER,INDIA,35.0,MASTER'S,SOFTWARE DEVELOPER APPLICATION,IT,90646.0,MEDIUM,Y,31,Fall
C,2022-02-28,2022-04-06,NEBRASKA SERVICE CENTER,PHILIPPINES,48.0,BACHELOR'S,JAVA DEVELOPER - II,IT,90646.0,MEDIUM,Y,37,Winter
C,2022-04-30,2022-06-08,VERMONT SERVICE CENTER,CANADA,37.0,MASTER'S,E-COMMERCE SYSTEMS ANALYST/STRATEGIEST,IT,92893.0,MEDIUM,Y,39,Spring
C,2022-05-17,2022-06-04,VERMONT SERVICE CENTER,INDIA,38.0,MASTER'S,SOFTWARE DEVELOPER,IT,68827.0,MEDIUM,N,18,Spring
C,2022-03-01,2022-04-24,POTOMAC SERVICE CENTER,CANADA,34.0,BACHELOR'S,SOFTWARE DEVELOPER,IT,90646.0,MEDIUM,Y,54,Spring
C,2022-05-07,2022-06-01,NEBRASKA SERVICE CENTER,INDIA,48.0,MASTER'S,BUSINESS INTELLIGENCE DEVELOPER,IT,98176.0,MEDIUM,Y,25,Spring
W,2022-12-12,2023-01-06,NEBRASKA SERVICE CENTER,INDIA,58.0,MASTER'S,SR DEVOPS ENGINEER,OTHER,68827.0,MEDIUM,Y,25,Winter
C,2022-12-11,2023-01-28,NEBRASKA SERVICE CENTER,INDIA,36.0,MASTER'S,PROGRAMMER ANALYST,ENGINEERING,62754.0,MEDIUM,Y,48,Winter
C,2022-11-04,2022-12-18,CALIFORNIA SERVICE CENTER,INDIA,54.0,MASTER'S,ASSOCIATE SPECIALIST-TECHNOLOGY/APPLICATION ARCHITECT,IT,96700.0,MEDIUM,Y,44,Fall
C,2022-09-21,2022-10-05,TEXAS SERVICE CENTER,CHINA,55.0,MASTER'S,SOFTWARE SYSTEMS ANALYST II,IT,78957.0,MEDIUM,Y,14,Fall
C,2022-09-29,2022-11-18,TEXAS SERVICE CENTER,INDIA,41.0,BACHELOR'S,PROGRAMMER ANALYST,IT,62754.0,MEDIUM,Y,50,Fall
C,2022-07-17,2022-08-06,VERMONT SERVICE CENTER,CHINA,25.0,MASTER'S,TECHNOLOGY ANALYST - US,IT,62754.0,MEDIUM,Y,20,Summer
C,2022-12-23,2023-01-14,TEXAS SERVICE CENTER,INDIA,28.0,MASTER'S,DEVELOPER USER INTERFACE,IT,59530.0,LOW,Y,22,Winter
C,2022-08-28,2022-10-18,NEBRASKA SERVICE CENTER,INDIA,41.0,MASTER'S,PROGRAMMER ANALYST,IT,62858.0,MEDIUM,Y,51,Summer
C,2022-06-08,2022-08-07,NEBRASKA SERVICE CENTER,INDIA,42.0,MASTER'S,DEVELOPER USER INTERFACE,IT,59530.0,LOW,Y,60,Summer
C,2022-12-24,2023-01-23,CALIFORNIA SERVICE CENTER,INDIA,25.0,MASTER'S,SOFTWARE DEVELOPMENT SPECIALIST,ENGINEERING,68827.0,MEDIUM,Y,30,Winter
C,2022-07-24,2022-08-31,POTOMAC SERVICE CENTER,INDIA,43.0,BACHELOR'S,TEST ANALYST - US - PROFESSIONAL,ENGINEERING,60798.0,MEDIUM,Y,38,Summer
C,2022-05-03,2022-06-26,CALIFORNIA SERVICE CENTER,INDIA,44.0,MASTER'S,RESEARCH ENGINEER,IT,49088.0,LOW,Y,54,Spring
C,2022-08-07,2022-09-12,POTOMAC SERVICE CENTER,MEXICO,53.0,MASTER'S,APPLICATIONS SYSTEM ENGINEER 5,IT,117936.0,HIGH,Y,36,Summer
C,2022-05-27,2022-06-28,POTOMAC SERVICE CENTER,CHINA,36.0,MASTER'S,JAVA DEVELOPER - I,IT,68827.0,MEDIUM,Y,32,Spring
C,2022-02-25,2022-04-23,POTOMAC SERVICE CENTER,CHINA,41.0,BACHELOR'S,SOFTWARE DEVELOPER,FINANCE,101566.0,HIGH,N,57,Winter
C,2022-08-28,2022-09-28,VERMONT SERVICE CENTER,INDIA,48.0,MASTER'S,SOFTWARE ENGINEER,IT,67891.0,MEDIUM,Y,31,Summer
C,2022-07-10,2022-08-23,POTOMAC SERVICE CENTER,INDIA,58.0,MASTER'S,BI CONSULTANT - I,IT,68827.0,MEDIUM,Y,44,Summer
C,2022-05-09,2022-06-10,CALIFORNIA SERVICE CENTER,INDIA,59.0,MASTER'S,PROGRAMMER ANALYST,IT,78957.0,MEDIUM,Y,32,Spring
C,2022-04-23,2022-06-20,CALIFORNIA SERVICE CENTER,INDIA,47.0,MASTER'S,SOFTWARE ENGINEER,IT,101566.0,HIGH,Y,58,Spring
C,2022-04-09,2022-06-06,POTOMAC SERVICE CENTER,INDIA,41.0,MASTER'S,SOFTWARE ENGINEER,MEDICAL,101566.0,HIGH,Y,58,Spring
C,2022-11-18,2023-01-15,POTOMAC SERVICE CENTER,INDIA,53.0,BACHELOR'S,INTERNAL SALES ASSOCIATE,IT,38813.0,LOW,Y,58,Fall
C,2022-07-18,2022-09-07,NEBRASKA SERVICE CENTER,INDIA,27.0,MASTER'S,PROGRAMMER ANALYST,FINANCE,62754.0,MEDIUM,Y,51,Summer
C,2022-05-23,2022-06-14,TEXAS SERVICE CENTER,INDIA,49.0,BACHELOR'S,DEVELOPER,OTHER,67891.0,MEDIUM,Y,22,Spring
C,2022-01-22,2022-03-03,POTOMAC SERVICE CENTER,INDIA,34.0,MASTER'S,AUDIENCE MANAGEMENT ANALYST,IT,45136.0,LOW,Y,40,Winter
C,2022-01-08,2022-02-17,POTOMAC SERVICE CENTER,INDIA,22.0,MASTER'S,IT BUSINESS SYSTEM ANALYST,FINANCE,62754.0,MEDIUM,Y,40,Winter
C,2022-06-22,2022-08-16,POTOMAC SERVICE CENTER,PHILIPPINES,48.0,MASTER'S,PROGRAMMER ANALYST,IT,46301.0,LOW,Y,55,Summer
C,2022-05-18,2022-07-09,CALIFORNIA SERVICE CENTER,CHINA,23.0,MASTER'S,SOLUTION ARCHITECT,IT,101566.0,HIGH,Y,52,Spring
C,2022-12-31,2023-01-16,NEBRASKA SERVICE CENTER,PHILIPPINES,46.0,MASTER'S,APPLICATION PROGRAMMER SPECIALIST,FINANCE,48.83,LOW,Y,16,Winter
C,2022-07-24,2022-09-09,CALIFORNIA SERVICE CENTER,INDIA,34.0,MASTER'S,SOFTWARE APPLICATIONS DEVELOPER,MEDICAL,68827.0,MEDIUM,Y,47,Summer
C,2022-08-27,2022-09-14,CALIFORNIA SERVICE CENTER,SOUTH KOREA,50.0,BACHELOR'S,SOFTWARE DEVELOPER,IT,85197.0,MEDIUM,Y,18,Summer
C,2022-08-07,2022-09-04,CALIFORNIA SERVICE CENTER,INDIA,34.0,MASTER'S,TECHNICAL CONSULTANT,ENGINEERING,93475.0,MEDIUM,Y,28,Summer
C,2022-06-06,2022-06-22,VERMONT SERVICE CENTER,SOUTH KOREA,37.0,DOCTORATE,TECHNICAL RECRUITER AND ACCOUNTING SPECIALIST,IT,38480.0,LOW,Y,16,Summer
CW,2022-10-16,2022-11-28,VERMONT SERVICE CENTER,INDIA,41.0,MASTER'S,BUSINESS INTELLIGENCE MANAGER,EDUCATION,107203.0,HIGH,Y,43,Fall
C,2022-01-26,2022-03-20,POTOMAC SERVICE CENTER,CHINA,51.0,MASTER'S,SOFTWARE DEVELOPER APPLICATION,FINANCE,101566.0,HIGH,Y,53,Winter
C,2022-10-08,2022-10-30,POTOMAC SERVICE CENTER,INDIA,41.0,BACHELOR'S,TECHNICAL CONSULTANT - II,IT,85197.0,MEDIUM,N,22,Fall
C,2022-02-13,2022-04-14,NEBRASKA SERVICE CENTER,PHILIPPINES,41.0,BACHELOR'S,PROGRAMMER ANALYST,FINANCE,46301.0,LOW,Y,60,Winter
C,2022-06-30,2022-08-25,NEBRASKA SERVICE CENTER,INDIA,51.0,MASTER'S,PROGRAMMER ANALYST,IT,62754.0,MEDIUM,Y,56,Summer
C,2022-06-12,2022-07-13,POTOMAC SERVICE CENTER,INDIA,42.0,MASTER'S,SENIOR SOFTWARE DEVELOPER,IT,85197.0,MEDIUM,Y,31,Summer
C,2022-11-10,2023-01-09,CALIFORNIA SERVICE CENTER,INDIA,58.0,BACHELOR'S,PROGRAMMER ANALYST,IT,78957.0,MEDIUM,Y,60,Fall
C,2022-02-03,2022-02-19,POTOMAC SERVICE CENTER,INDIA,59.0,DOCTORATE,JAVA DEVELOPER - I,ENGINEERING,68827.0,MEDIUM,Y,16,Winter
C,2022-08-16,2022-10-07,CALIFORNIA SERVICE CENTER,INDIA,55.0,BACHELOR'S,SOFTWARE DEVELOPER,IT,85197.0,MEDIUM,Y,52,Summer
C,2022-09-05,2022-09-25,CALIFORNIA SERVICE CENTER,INDIA,41.0,MASTER'S,CONSULTANT LEVEL 3,IT,98176.0,MEDIUM,Y,20,Fall
C,2022-06-17,2022-08-02,VERMONT SERVICE CENTER,CHINA,52.0,BACHELOR'S,"VICE PRESIDENT, ENGINEERING",IT,180336.0,HIGH,Y,46,Summer
C,2022-07-06,2022-09-02,NEBRASKA SERVICE CENTER,SOUTH KOREA,39.0,MASTER'S,LEAD ATG DEVELOPER,FINANCE,107806.0,HIGH,Y,58,Summer
C,2022-09-08,2022-10-14,POTOMAC SERVICE CENTER,INDIA,43.0,MASTER'S,SALES ENGINEER,FINANCE,71386.0,MEDIUM,Y,36,Fall
C,2022-09-03,2022-10-30,VERMONT SERVICE CENTER,INDIA,29.0,MASTER'S,MANAGEMENT ANALYST (QUANTITATIVE MARKETS),IT,60195.0,MEDIUM,Y,57,Fall
C,2022-09-18,2022-10-06,POTOMAC SERVICE CENTER,CANADA,37.0,MASTER'S,SOFTWARE DEVELOPER,FINANCE,90646.0,MEDIUM,Y,18,Fall
C,2022-07-25,2022-09-06,POTOMAC SERVICE CENTER,CHINA,38.0,MASTER'S,TECHNOLOGY LEAD - US - PROFESSIONAL,IT,78957.0,MEDIUM,N,43,Summer
C,2022-06-01,2022-07-03,POTOMAC SERVICE CENTER,INDIA,51.0,MASTER'S,COMPUTER SYSTEMS ANALSYT,FINANCE,79414.0,MEDIUM,N,32,Summer
C,2022-05-18,2022-06-23,CALIFORNIA SERVICE CENTER,INDIA,47.0,BACHELOR'S,JAVA DEVELOPER - II,IT,85197.0,MEDIUM,Y,36,Spring
C,2022-02-20,2022-03-10,NEBRASKA SERVICE CENTER,CHINA,53.0,MASTER'S,LEAD-SOFTWARE/APPLICATION ARCHITECT,IT,79498.0,MEDIUM,Y,18,Winter
C,2022-03-13,2022-04-14,POTOMAC SERVICE CENTER,CHINA,27.0,BACHELOR'S,SECURITY ENGINEER,MEDICAL,71386.0,MEDIUM,Y,32,Spring
C,2022-01-08,2022-01-22,TEXAS SERVICE CENTER,CHINA,44.0,MASTER'S,PRINCIPAL APPLICATIONS DEVELOPER,IT,117936.0,HIGH,Y,14,Winter
C,2022-07-17,2022-07-27,VERMONT SERVICE CENTER,INDIA,41.0,MASTER'S,PROGRAMMER ANALYST,OTHER,62754.0,MEDIUM,Y,10,Summer
C,2022-01-26,2022-03-18,CALIFORNIA SERVICE CENTER,CHINA,41.0,MASTER'S,MARKETING ANALYST,IT,60798.0,MEDIUM,Y,51,Winter
C,2022-07-15,2022-08-06,POTOMAC SERVICE CENTER,CANADA,41.0,MASTER'S,GRADUATE INTERN,FINANCE,51688.0,LOW,Y,22,Summer
C,2022-04-04,2022-04-26,POTOMAC SERVICE CENTER,INDIA,57.0,MASTER'S,BUSINESS ANALYST,IT,62858.0,MEDIUM,Y,22,Spring
CW,2022-06-01,2022-06-19,VERMONT SERVICE CENTER,INDIA,46.0,MASTER'S,SOFTWARE ENGINEER,IT,65042.0,MEDIUM,N,18,Summer
C,2022-05-08,2022-06-08,CALIFORNIA SERVICE CENTER,CHINA,41.0,BACHELOR'S,AVP; CNSLT - SYSTEMS ENG,IT,79498.0,MEDIUM,Y,31,Spring
C,2022-01-17,2022-02-11,TEXAS SERVICE CENTER,INDIA,45.0,MASTER'S,PRODUCTION ENGINEER,FINANCE,61568.0,MEDIUM,N,25,Winter
C,2022-03-23,2022-05-05,VERMONT SERVICE CENTER,PHILIPPINES,31.0,BACHELOR'S,UNIX APPLICATION SERVICES ENGINEER,IT,85197.0,MEDIUM,Y,43,Spring
C,2022-10-23,2022-12-16,TEXAS SERVICE CENTER,INDIA,41.0,MASTER'S,RISK ANALYST,FINANCE,54538.0,LOW,Y,54,Fall
C,2022-10-27,2022-11-12,CALIFORNIA SERVICE CENTER,CANADA,25.0,DOCTORATE,"SENIOR MANAGER, CONSULTING",FINANCE,124301.0,HIGH,Y,16,Fall
CW,2022-01-06,2022-01-25,TEXAS SERVICE CENTER,INDIA,42.0,BACHELOR'S,SENIOR SOFTWARE AUTOMATION TEST ENGINEER,IT,85197.0,MEDIUM,Y,19,Winter
C,2022-10-02,2022-11-05,NEBRASKA SERVICE CENTER,INDIA,43.0,BACHELOR'S,DEVELOPER USER INTERFACE,IT,59530.0,LOW,N,34,Fall
C,2022-05-31,2022-06-27,POTOMAC SERVICE CENTER,INDIA,28.0,BACHELOR'S,SYSTEMS ANALYST,FINANCE,62754.0,MEDIUM,Y,27,Spring
C,2022-02-21,2022-03-17,POTOMAC SERVICE CENTER,INDIA,41.0,BACHELOR'S,PROGRAMMER ANALYST,EDUCATION,62754.0,MEDIUM,Y,24,Winter
C,2022-10-10,2022-10-29,NEBRASKA SERVICE CENTER,INDIA,47.0,MASTER'S,ORACLE APPLICATIONS CONSULTANT - II,IT,85197.0,MEDIUM,Y,19,Fall
CW,2022-03-01,2022-04-03,CALIFORNIA SERVICE CENTER,INDIA,52.0,MASTER'S,JAVA DEVELOPER,ENGINEERING,62754.0,MEDIUM,Y,33,Spring
C,2022-08-02,2022-09-24,POTOMAC SERVICE CENTER,INDIA,31.0,DOCTORATE,SOFTWARE ENGINEER,FINANCE,85197.0,MEDIUM,Y,53,Summer
C,2022-04-17,2022-06-05,POTOMAC SERVICE CENTER,INDIA,38.0,MASTER'S,DOT NET DEVELOPER,IT,68827.0,MEDIUM,N,49,Spring
C,2022-02-07,2022-02-25,VERMONT SERVICE CENTER,INDIA,52.0,MASTER'S,DATA WAREHOUSING SPECIALIST,ENGINEERING,98176.0,MEDIUM,N,18,Winter
C,2022-07-06,2022-08-05,POTOMAC SERVICE CENTER,CHINA,25.0,MASTER'S,PROJECT MANAGER,ENGINEERING,79498.0,MEDIUM,Y,30,Summer
C,2022-12-04,2023-01-31,TEXAS SERVICE CENTER,INDIA,43.0,MASTER'S,SOFTWARE DEVELOPER,EDUCATION,101566.0,HIGH,N,58,Winter
C,2022-05-21,2022-07-07,NEBRASKA SERVICE CENTER,INDIA,36.0,MASTER'S,PROGRAMMER ANALYST,ENGINEERING,62754.0,MEDIUM,Y,47,Spring
C,2022-05-11,2022-06-28,NEBRASKA SERVICE CENTER,INDIA,28.0,MASTER'S,STAFF ACCOUNTANT,IT,64064.0,MEDIUM,Y,48,Spring
C,2022-05-18,2022-07-09,POTOMAC SERVICE CENTER,INDIA,36.0,MASTER'S,SYSTEMS DEVELOPER -II,IT,85197.0,MEDIUM,Y,52,Spring
C,2022-02-03,2022-04-02,POTOMAC SERVICE CENTER,INDIA,43.0,BACHELOR'S,ORACLE APPLICATIONS DBA - II,OTHER,85197.0,MEDIUM,Y,58,Winter
C,2022-08-31,2022-10-29,NEBRASKA SERVICE CENTER,INDIA,32.0,MASTER'S,JAVA DEVELOPER - II,OTHER,85197.0,MEDIUM,Y,59,Summer
C,2022-11-11,2022-11-21,TEXAS SERVICE CENTER,INDIA,48.0,BACHELOR'S,BUSINESS ANALYST - I,EDUCATION,62754.0,MEDIUM,Y,10,Fall
C,2022-02-28,2022-03-28,NEBRASKA SERVICE CENTER,CANADA,41.0,MASTER'S,SOFTWARE DEVELOPER,IT,65042.0,MEDIUM,Y,28,Winter
C,2022-08-08,2022-09-25,TEXAS SERVICE CENTER,CHINA,22.0,BACHELOR'S,BUSINESS SYSTEM ANALYST,FINANCE,79414.0,MEDIUM,Y,48,Summer
C,2022-11-28,2023-01-26,TEXAS SERVICE CENTER,INDIA,46.0,MASTER'S,PROJECT MANAGER,IT,79498.0,MEDIUM,N,59,Fall
C,2022-10-03,2022-11-18,POTOMAC SERVICE CENTER,INDIA,38.0,BACHELOR'S,AVP; SPECIALIST - INFO SECURITY ENGINEER,IT,78957.0,MEDIUM,Y,46,Fall
C,2022-09-01,2022-10-17,NEBRASKA SERVICE CENTER,INDIA,28.0,MASTER'S,PROGRAMMER ANALYST,IT,30.17,LOW,Y,46,Fall
C,2022-01-18,2022-02-01,CALIFORNIA SERVICE CENTER,SOUTH KOREA,43.0,MASTER'S,ORACLE APPLICATIONS CONSULTANT - II,IT,85197.0,MEDIUM,Y,14,Winter
C,2022-01-06,2022-01-27,TEXAS SERVICE CENTER,INDIA,33.0,MASTER'S,QA ANALYST - II,MEDICAL,79498.0,MEDIUM,Y,21,Winter
C,2022-03-18,2022-04-26,VERMONT SERVICE CENTER,INDIA,36.0,BACHELOR'S,SOFTWARE ENGINEER,FINANCE,68827.0,MEDIUM,Y,39,Spring
C,2022-02-13,2022-03-09,TEXAS SERVICE CENTER,INDIA,56.0,MASTER'S,SENIOR PROJECT MANAGER - US - PRACTITIONER,IT,116875.0,HIGH,Y,24,Winter
CW,2022-07-23,2022-08-14,POTOMAC SERVICE CENTER,INDIA,35.0,MASTER'S,SENIOR SOFTWARE DEVELOPER,IT,85197.0,MEDIUM,Y,22,Summer
C,2022-05-28,2022-07-04,POTOMAC SERVICE CENTER,INDIA,40.0,BACHELOR'S,QA ANALYST - II,IT,79498.0,MEDIUM,Y,37,Spring
C,2022-12-10,2023-01-03,VERMONT SERVICE CENTER,CANADA,35.0,MASTER'S,PROGRAMMER ANALYST,ENGINEERING,46301.0,LOW,Y,24,Winter
C,2022-05-30,2022-06-12,NEBRASKA SERVICE CENTER,INDIA,42.0,MASTER'S,SOFTWARE DEVELOPMENT ENGINEER,IT,117936.0,HIGH,Y,13,Spring
C,2022-10-26,2022-11-11,POTOMAC SERVICE CENTER,INDIA,24.0,MASTER'S,BI CONSULTANT - II,IT,79498.0,MEDIUM,Y,16,Fall
C,2022-01-26,2022-02-22,CALIFORNIA SERVICE CENTER,INDIA,51.0,MASTER'S,BI CONSULTANT - II,ENGINEERING,85197.0,MEDIUM,Y,27,Winter
C,2022-07-13,2022-08-17,POTOMAC SERVICE CENTER,INDIA,31.0,MASTER'S,FINANCIAL QUANTITATIVE ANALYST,IT,42557.0,LOW,Y,35,Summer
C,2022-08-29,2022-10-27,POTOMAC SERVICE CENTER,CANADA,47.0,MASTER'S,BUSINESS SYSTEMS ANALYST,IT,62754.0,MEDIUM,Y,59,Summer
C,2022-11-25,2022-12-24,CALIFORNIA SERVICE CENTER,INDIA,26.0,MASTER'S,"ICS CONSULTANT, PRINCIPAL",MEDICAL,85197.0,MEDIUM,Y,29,Fall
C,2022-11-20,2023-01-03,TEXAS SERVICE CENTER,INDIA,41.0,DOCTORATE,IT BUSINESS ANALYST,IT,46.14,LOW,Y,44,Fall
C,2022-11-20,2023-01-12,POTOMAC SERVICE CENTER,INDIA,48.0,BACHELOR'S,INTERNAL SALES ASSOCIATE,EDUCATION,38813.0,LOW,Y,53,Fall
C,2022-02-10,2022-03-20,POTOMAC SERVICE CENTER,INDIA,41.0,BACHELOR'S,SENIOR CONSULTANT,IT,68474.0,MEDIUM,Y,38,Winter
C,2022-01-05,2022-02-09,NEBRASKA SERVICE CENTER,INDIA,29.0,MASTER'S,SR. DEVELOPMENT DBA,ENGINEERING,117936.0,HIGH,Y,35,Winter
C,2022-12-23,2023-01-11,VERMONT SERVICE CENTER,INDIA,38.0,MASTER'S,SOFTWARE ENGINEER,IT,85197.0,MEDIUM,Y,19,Winter
C,2022-09-11,2022-10-15,POTOMAC SERVICE CENTER,INDIA,52.0,MASTER'S,SECURITY ENGINEER,IT,71386.0,MEDIUM,Y,34,Fall
C,2022-06-07,2022-06-22,VERMONT SERVICE CENTER,CHINA,56.0,MASTER'S,SOFTWARE ENGINEER,IT,70221.0,MEDIUM,Y,15,Summer
C,2022-03-29,2022-05-05,POTOMAC SERVICE CENTER,INDIA,41.0,BACHELOR'S,PROGRAMMER,IT,46301.0,LOW,Y,37,Spring
C,2022-05-12,2022-07-02,POTOMAC SERVICE CENTER,INDIA,25.0,MASTER'S,SECURITY ENGINEER,IT,71386.0,MEDIUM,Y,51,Spring
C,2022-03-11,2022-04-26,POTOMAC SERVICE CENTER,INDIA,40.0,BACHELOR'S,BUSINESS SYSTEM ANALYST,IT,78957.0,MEDIUM,Y,46,Spring
C,2022-08-21,2022-09-26,CALIFORNIA SERVICE CENTER,SOUTH KOREA,56.0,BACHELOR'S,SOFTWARE DEVELOPER APPLICATION,ENGINEERING,90646.0,MEDIUM,Y,36,Summer
CW,2022-09-27,2022-11-26,TEXAS SERVICE CENTER,CHINA,41.0,MASTER'S,SOFTWARE ENGINEER,IT,68827.0,MEDIUM,Y,60,Fall
C,2022-03-31,2022-05-26,NEBRASKA SERVICE CENTER,INDIA,57.0,BACHELOR'S,SYSTEMS DEVELOPER -III,FINANCE,101566.0,HIGH,N,56,Spring
C,2022-07-16,2022-09-13,TEXAS SERVICE CENTER,CHINA,29.0,BACHELOR'S,PROGRAMMER ANALYST,IT,78957.0,MEDIUM,N,59,Summer
C,2022-04-09,2022-05-25,CALIFORNIA SERVICE CENTER,CHINA,33.0,MASTER'S,SYSTEMS ADMINISTRATOR,IT,86819.0,MEDIUM,Y,46,Spring
C,2022-10-06,2022-11-08,POTOMAC SERVICE CENTER,INDIA,32.0,MASTER'S,PROGRAMMER ANALYST,ENGINEERING,70554.0,MEDIUM,Y,33,Fall
W,2022-03-21,2022-04-17,VERMONT SERVICE CENTER,INDIA,49.0,BACHELOR'S,JAVA DEVELOPER - I,ENGINEERING,68827.0,MEDIUM,Y,27,Spring
C,2022-05-15,2022-06-04,POTOMAC SERVICE CENTER,PHILIPPINES,50.0,MASTER'S,ELECTROMECHANICAL ENGINEERING TECHNOLOGISTS,IT,46176.0,LOW,Y,20,Spring
C,2022-02-14,2022-04-12,CALIFORNIA SERVICE CENTER,CHINA,44.0,BACHELOR'S,BUSINESS DEVELOPMENT REPRESENTATIVE,IT,93683.0,MEDIUM,Y,57,Winter
C,2022-10-08,2022-11-02,CALIFORNIA SERVICE CENTER,INDIA,27.0,BACHELOR'S,TEST ANALYST - US - PROFESSIONAL,IT,60798.0,MEDIUM,N,25,Fall
C,2022-10-18,2022-12-12,POTOMAC SERVICE CENTER,INDIA,58.0,MASTER'S,SOFTWARE DEVELOPER APPLICATION,IT,107806.0,HIGH,Y,55,Fall
C,2022-05-16,2022-07-03,CALIFORNIA SERVICE CENTER,INDIA,22.0,MASTER'S,SOFTWARE ENGINEER,ENGINEERING,107806.0,HIGH,Y,48,Spring
C,2022-03-27,2022-04-13,NEBRASKA SERVICE CENTER,CHINA,54.0,MASTER'S,JAVA DEVELOPER - II,IT,85197.0,MEDIUM,Y,17,Spring
C,2022-09-26,2022-11-01,TEXAS SERVICE CENTER,INDIA,22.0,MASTER'S,SOFTWARE DEVELOPER,OTHER,101566.0,HIGH,Y,36,Fall
C,2022-03-23,2022-04-17,TEXAS SERVICE CENTER,CHINA,30.0,MASTER'S,SYSTEMS  ANALYST,ENGINEERING,62754.0,MEDIUM,Y,25,Spring
C,2022-08-24,2022-09-30,CALIFORNIA SERVICE CENTER,INDIA,50.0,BACHELOR'S,SENIOR CONSULTANT,FINANCE,62754.0,MEDIUM,Y,37,Summer
C,2022-09-26,2022-10-07,NEBRASKA SERVICE CENTER,INDIA,29.0,MASTER'S,DEVELOPER USER INTERFACE,IT,59530.0,LOW,Y,11,Fall
C,2022-03-23,2022-05-01,POTOMAC SERVICE CENTER,INDIA,31.0,MASTER'S,SYSTEMS ANALYST,IT,79414.0,MEDIUM,Y,39,Spring
C,2022-07-21,2022-08-20,POTOMAC SERVICE CENTER,CANADA,38.0,BACHELOR'S,TECHNOLOGY ANALYST - US - PRACTITIONER,IT,62754.0,MEDIUM,Y,30,Summer
C,2022-10-10,2022-12-01,TEXAS SERVICE CENTER,INDIA,52.0,BACHELOR'S,TECHNICAL SALES SUPPORT SPECIALIST,IT,71386.0,MEDIUM,Y,52,Fall
C,2022-01-21,2022-03-18,VERMONT SERVICE CENTER,CHINA,48.0,MASTER'S,SENIOR SOLUTIONS ARCHITECT,IT,79498.0,MEDIUM,Y,56,Winter
C,2022-10-08,2022-11-01,POTOMAC SERVICE CENTER,INDIA,43.0,MASTER'S,BI CONSULTANT - I,ENGINEERING,68827.0,MEDIUM,N,24,Fall
W,2022-12-21,2023-01-08,VERMONT SERVICE CENTER,INDIA,53.0,MASTER'S,SR DEVOPS ENGINEER,IT,68827.0,MEDIUM,Y,18,Winter
C,2022-04-16,2022-05-13,CALIFORNIA SERVICE CENTER,PHILIPPINES,58.0,MASTER'S,SOLUTIONS ARCHITECT,IT,95160.0,MEDIUM,Y,27,Spring
C,2022-07-14,2022-08-08,POTOMAC SERVICE CENTER,INDIA,25.0,BACHELOR'S,.NET DEVELOPER,IT,85197.0,MEDIUM,Y,25,Summer
C,2022-05-19,2022-07-01,TEXAS SERVICE CENTER,MEXICO,36.0,MASTER'S,ATG DEVELOPER,ENGINEERING,90646.0,MEDIUM,Y,43,Spring
C,2022-06-07,2022-07-04,CALIFORNIA SERVICE CENTER,INDIA,39.0,BACHELOR'S,VICE PRESIDENT; TEAM MANAGER - SYS ENG,OTHER,116875.0,HIGH,N,27,Summer
C,2022-10-25,2022-11-21,POTOMAC SERVICE CENTER,INDIA,52.0,DOCTORATE,PROJECT MANAGER,FINANCE,98176.0,MEDIUM,Y,27,Fall
C,2022-11-08,2022-11-18,CALIFORNIA SERVICE CENTER,CHINA,41.0,MASTER'S,SENIOR SOFTWARE DEVELOPER,IT,107806.0,HIGH,N,10,Fall
C,2022-11-25,2022-12-15,POTOMAC SERVICE CENTER,INDIA,42.0,MASTER'S,SYSTEMS ANALYST,IT,95160.0,MEDIUM,Y,20,Fall
C,2022-08-30,2022-10-25,CALIFORNIA SERVICE CENTER,INDIA,51.0,BACHELOR'S,SOFTWARE ENGINEER,IT,101566.0,HIGH,N,56,Summer
C,2022-10-04,2022-11-04,TEXAS SERVICE CENTER,INDIA,38.0,MASTER'S,SENIOR SOFTWARE DEVELOPER,IT,85197.0,MEDIUM,Y,31,Fall
C,2022-09-23,2022-11-10,POTOMAC SERVICE CENTER,INDIA,40.0,MASTER'S,AVP; CNSLT - APPS PROG,IT,107806.0,HIGH,Y,48,Fall
C,2022-10-05,2022-10-29,NEBRASKA SERVICE CENTER,INDIA,55.0,MASTER'S,SENIOR SOFTWARE DEVELOPER,IT,90646.0,MEDIUM,Y,24,Fall
C,2022-11-28,2022-12-25,CALIFORNIA SERVICE CENTER,CANADA,37.0,MASTER'S,COMPUTER PROGRAMMER,ENGINEERING,46301.0,LOW,Y,27,Fall
C,2022-07-28,2022-09-17,CALIFORNIA SERVICE CENTER,INDIA,22.0,BACHELOR'S,TECHNOLOGY ARCHITECT - US,OTHER,98176.0,MEDIUM,Y,51,Summer
C,2022-10-23,2022-12-08,POTOMAC SERVICE CENTER,INDIA,31.0,BACHELOR'S,"SENIOR MANAGER, TECHNICAL SERVICES",IT,124301.0,HIGH,Y,46,Fall
C,2022-04-12,2022-04-29,POTOMAC SERVICE CENTER,INDIA,41.0,BACHELOR'S,SOLUTIONS ARCHITECT-VISTARA IMPLEMENTATION,IT,79498.0,MEDIUM,Y,17,Spring
C,2022-04-01,2022-04-27,VERMONT SERVICE CENTER,CHINA,34.0,MASTER'S,ASSISTANT VICE PRESIDENT; PRODUCTION SERVICES LEAD,ENGINEERING,85197.0,MEDIUM,Y,26,Spring
W,2022-01-28,2022-02-23,TEXAS SERVICE CENTER,INDIA,28.0,MASTER'S,PROJECT MANAGER,IT,98176.0,MEDIUM,Y,26,Winter
C,2022-11-02,2022-12-24,VERMONT SERVICE CENTER,INDIA,36.0,BACHELOR'S,SENIOR SOFTWARE QUALITY ASSURANCE TESTER,ENGINEERING,93475.0,MEDIUM,Y,52,Fall
C,2022-06-11,2022-07-31,TEXAS SERVICE CENTER,INDIA,55.0,BACHELOR'S,IT BUSINESS ANALYST,EDUCATION,60798.0,MEDIUM,Y,50,Summer
C,2022-02-02,2022-02-25,POTOMAC SERVICE CENTER,INDIA,26.0,BACHELOR'S,SR. CONSULTANT PROFESSIONAL SERVICES,FINANCE,59696.0,LOW,Y,23,Winter
C,2022-02-16,2022-04-10,TEXAS SERVICE CENTER,INDIA,47.0,MASTER'S,ASSOCIATE SPECIALIST-TECHNOLOGY/APPLICATION PROGRAMMER,FINANCE,90646.0,MEDIUM,Y,53,Winter
C,2022-09-06,2022-09-25,POTOMAC SERVICE CENTER,INDIA,53.0,MASTER'S,PROGRAMMER ANALYST,OTHER,62754.0,MEDIUM,Y,19,Fall
C,2022-10-26,2022-12-19,NEBRASKA SERVICE CENTER,INDIA,47.0,MASTER'S,SOLUTION ARCHITECT,IT,101566.0,HIGH,Y,54,Fall
C,2022-10-05,2022-10-15,TEXAS SERVICE CENTER,CHINA,32.0,MASTER'S,PROGRAMMER ANALYST,MEDICAL,46301.0,LOW,N,10,Fall
C,2022-06-12,2022-07-27,NEBRASKA SERVICE CENTER,MEXICO,36.0,MASTER'S,WINDOWS ADMINISTRATOR,IT,73195.0,MEDIUM,Y,45,Summer
C,2022-05-21,2022-07-19,CALIFORNIA SERVICE CENTER,CHINA,45.0,MASTER'S,AVP; BUSINESS SOLUTION CONSULTANT - TECH,FINANCE,101566.0,HIGH,Y,59,Spring
C,2022-06-02,2022-07-22,TEXAS SERVICE CENTER,INDIA,41.0,MASTER'S,SPECIALIST MASTER,FINANCE,101192.0,HIGH,Y,50,Summer
C,2022-10-11,2022-11-05,VERMONT SERVICE CENTER,PHILIPPINES,56.0,MASTER'S,SENIOR SOFTWARE AUTOMATION TEST ENGINEER,IT,90646.0,MEDIUM,Y,25,Fall
C,2022-10-11,2022-10-27,TEXAS SERVICE CENTER,PHILIPPINES,30.0,DOCTORATE,BUYER/PURCHASING AGENT,ENGINEERING,19.55,LOW,Y,16,Fall
C,2022-07-12,2022-08-17,POTOMAC SERVICE CENTER,CANADA,40.0,MASTER'S,SOFTWARE ENGINEER,EDUCATION,68827.0,MEDIUM,Y,36,Summer
C,2022-07-03,2022-07-30,POTOMAC SERVICE CENTER,INDIA,59.0,BACHELOR'S,SENIOR SOFTWARE CONSULTANT (.NET CONSULTANT),FINANCE,90646.0,MEDIUM,Y,27,Summer
C,2022-06-19,2022-07-07,POTOMAC SERVICE CENTER,INDIA,28.0,MASTER'S,BUSINESS ANALYST,FINANCE,54059.0,LOW,Y,18,Summer
C,2022-09-19,2022-10-18,NEBRASKA SERVICE CENTER,INDIA,40.0,MASTER'S,BI CONSULTANT - I,IT,60798.0,MEDIUM,Y,29,Fall
C,2022-04-30,2022-06-12,POTOMAC SERVICE CENTER,INDIA,31.0,MASTER'S,BI CONSULTANT - I,IT,68827.0,MEDIUM,Y,43,Spring
C,2022-01-09,2022-02-03,NEBRASKA SERVICE CENTER,INDIA,59.0,MASTER'S,SENIOR SYSTEMS ANALYST,ENGINEERING,78957.0,MEDIUM,Y,25,Winter
C,2022-11-16,2023-01-09,CALIFORNIA SERVICE CENTER,INDIA,51.0,BACHELOR'S,SYSTEMS ANALYST-QA,IT,62754.0,MEDIUM,Y,54,Fall
C,2022-10-22,2022-11-22,NEBRASKA SERVICE CENTER,INDIA,25.0,BACHELOR'S,SYSTEMS DEVELOPER -II,ENGINEERING,85197.0,MEDIUM,Y,31,Fall
C,2022-11-12,2023-01-08,VERMONT SERVICE CENTER,CANADA,49.0,MASTER'S,QA ANALYST - II,IT,76586.0,MEDIUM,N,57,Fall
C,2022-06-17,2022-07-13,TEXAS SERVICE CENTER,INDIA,37.0,MASTER'S,SOFTWARE DEVELOPER- VISTARA PLATFORM ENGINEERING,IT,85197.0,MEDIUM,N,26,Summer
C,2022-10-19,2022-12-08,VERMONT SERVICE CENTER,CHINA,42.0,MASTER'S,JAVA DEVELOPER - I,IT,68827.0,MEDIUM,Y,50,Fall
C,2022-05-18,2022-07-09,TEXAS SERVICE CENTER,INDIA,57.0,BACHELOR'S,PROGRAMMER ANALYST,FINANCE,62754.0,MEDIUM,Y,52,Spring
C,2022-04-04,2022-05-10,POTOMAC SERVICE CENTER,INDIA,47.0,MASTER'S,DEVELOPER,IT,67891.0,MEDIUM,Y,36,Spring
C,2022-01-16,2022-03-05,POTOMAC SERVICE CENTER,INDIA,26.0,BACHELOR'S,SYSTEMS DEVELOPER -II,IT,85197.0,MEDIUM,Y,48,Winter
C,2022-02-14,2022-04-05,NEBRASKA SERVICE CENTER,CHINA,26.0,MASTER'S,SENIOR SOFTWARE DEVELOPER,OTHER,107806.0,HIGH,Y,50,Winter
C,2022-08-24,2022-10-02,VERMONT SERVICE CENTER,CHINA,56.0,BACHELOR'S,PRODUCTION SERVICES LEAD,IT,79498.0,MEDIUM,Y,39,Summer
C,2022-09-29,2022-11-06,CALIFORNIA SERVICE CENTER,INDIA,44.0,MASTER'S,BI CONSULTANT - II,IT,85197.0,MEDIUM,Y,38,Fall
C,2022-06-08,2022-06-27,TEXAS SERVICE CENTER,PHILIPPINES,29.0,MASTER'S,BI CONSULTANT - II,MEDICAL,85197.0,MEDIUM,Y,19,Summer
C,2022-12-09,2023-01-11,NEBRASKA SERVICE CENTER,INDIA,58.0,BACHELOR'S,SOLUTION ARCHITECT,IT,101566.0,HIGH,N,33,Winter
C,2022-10-18,2022-12-12,NEBRASKA SERVICE CENTER,INDIA,26.0,BACHELOR'S,COMPUTER SYSTEMS ANALYST,MEDICAL,111363.0,HIGH,Y,55,Fall
C,2022-01-04,2022-02-07,POTOMAC SERVICE CENTER,INDIA,42.0,MASTER'S,APPLICATION PROGRAMMER/.NET DEVELOPER,MEDICAL,51.83,LOW,Y,34,Winter
C,2022-10-16,2022-10-28,POTOMAC SERVICE CENTER,INDIA,37.0,BACHELOR'S,SOFTWARE ENGINEER,IT,68827.0,MEDIUM,Y,12,Fall
C,2022-09-07,2022-09-20,VERMONT SERVICE CENTER,INDIA,41.0,BACHELOR'S,BI CONSULTANT - II,IT,85197.0,MEDIUM,Y,13,Fall
C,2022-06-23,2022-07-11,POTOMAC SERVICE CENTER,INDIA,26.0,BACHELOR'S,MANAGER-SOFTWARE/APPLICATION ARCHITECT,ENGINEERING,101566.0,HIGH,Y,18,Summer
C,2022-05-26,2022-06-24,POTOMAC SERVICE CENTER,CHINA,57.0,MASTER'S,JAVA DEVELOPER - II,IT,85197.0,MEDIUM,Y,29,Spring
C,2022-02-24,2022-03-25,POTOMAC SERVICE CENTER,CHINA,44.0,MASTER'S,TECHNOLOGY LEAD - US,IT,78957.0,MEDIUM,Y,29,Winter
C,2022-07-24,2022-09-03,POTOMAC SERVICE CENTER,INDIA,48.0,MASTER'S,AVP; TECH PROG ASSOCIATE,IT,68827.0,MEDIUM,N,41,Summer
C,2022-12-08,2023-01-15,CALIFORNIA SERVICE CENTER,CANADA,36.0,BACHELOR'S,NETWORK/SYSTEM ENGINEER IV,EDUCATION,58.67,LOW,Y,38,Winter
C,2022-06-01,2022-06-23,NEBRASKA SERVICE CENTER,MEXICO,49.0,BACHELOR'S,SENIOR SOFTWARE DEVELOPER,IT,98883.0,MEDIUM,Y,22,Summer
C,2022-03-31,2022-04-15,TEXAS SERVICE CENTER,INDIA,35.0,BACHELOR'S,SALESFORCE DEVELOPER,IT,85197.0,MEDIUM,Y,15,Spring
C,2022-05-09,2022-07-06,POTOMAC SERVICE CENTER,CHINA,40.0,MASTER'S,DEVELOPER,IT,68827.0,MEDIUM,Y,58,Spring
C,2022-11-18,2022-12-09,POTOMAC SERVICE CENTER,INDIA,24.0,MASTER'S,JAVA DEVELOPER - II,IT,85197.0,MEDIUM,Y,21,Fall
C,2022-07-18,2022-08-04,TEXAS SERVICE CENTER,PHILIPPINES,23.0,MASTER'S,COMPUTER PROGRAMMER ANALYST,FINANCE,78957.0,MEDIUM,Y,17,Summer
C,2022-09-02,2022-10-05,TEXAS SERVICE CENTER,CHINA,28.0,MASTER'S,BI CONSULTANT - II,IT,85197.0,MEDIUM,N,33,Fall
C,2022-05-11,2022-05-30,POTOMAC SERVICE CENTER,INDIA,56.0,MASTER'S,ENGINEERING ANALYST,IT,62754.0,MEDIUM,Y,19,Spring
C,2022-07-09,2022-08-25,NEBRASKA SERVICE CENTER,INDIA,41.0,MASTER'S,OFFICER; TECHNOLOGY ASSOCIATE,IT,62754.0,MEDIUM,Y,47,Summer
C,2022-12-14,2023-02-03,TEXAS SERVICE CENTER,PHILIPPINES,51.0,MASTER'S,BUSINESS ANALYST - ANALYTICS,IT,54059.0,LOW,N,51,Winter
CW,2022-05-26,2022-07-18,POTOMAC SERVICE CENTER,INDIA,38.0,MASTER'S,QA ANALYST,IT,76586.0,MEDIUM,Y,53,Spring
C,2022-08-29,2022-10-06,CALIFORNIA SERVICE CENTER,INDIA,42.0,BACHELOR'S,SENIOR SOFTWARE DEVELOPER,IT,90646.0,MEDIUM,Y,38,Summer
C,2022-10-10,2022-11-04,POTOMAC SERVICE CENTER,INDIA,41.0,DOCTORATE,OFFICER; TECHNOLOGY ASSOCIATE,MEDICAL,68827.0,MEDIUM,Y,25,Fall
W,2022-06-02,2022-07-07,TEXAS SERVICE CENTER,INDIA,42.0,MASTER'S,ORACLE APPLICATIONS CONSULTANT II,IT,117936.0,HIGH,Y,35,Summer
C,2022-06-13,2022-07-19,CALIFORNIA SERVICE CENTER,INDIA,25.0,MASTER'S,SENIOR SOLUTION ENGINEER,IT,83304.0,MEDIUM,Y,36,Summer
C,2022-06-15,2022-08-01,POTOMAC SERVICE CENTER,CHINA,22.0,BACHELOR'S,SOFTWARE ENGINEER,IT,90646.0,MEDIUM,Y,47,Summer
C,2022-02-20,2022-03-06,NEBRASKA SERVICE CENTER,CHINA,24.0,BACHELOR'S,RF ENGINEER,IT,71843.0,MEDIUM,Y,14,Winter
C,2022-07-19,2022-09-12,POTOMAC SERVICE CENTER,CANADA,37.0,BACHELOR'S,SOFTWARE ENGINEER,IT,70554.0,MEDIUM,Y,55,Summer
C,2022-07-03,2022-08-20,TEXAS SERVICE CENTER,INDIA,24.0,BACHELOR'S,TECHNOLOGY ANALYST - US - PRACTITIONER,IT,62754.0,MEDIUM,Y,48,Summer
C,2022-07-03,2022-07-15,POTOMAC SERVICE CENTER,SOUTH KOREA,41.0,MASTER'S,SR. MARKETING ANALYST (15-1199.08 BUSINESS INTELLIGENCE AN),FINANCE,79498.0,MEDIUM,Y,12,Summer
C,2022-08-20,2022-09-04,CALIFORNIA SERVICE CENTER,INDIA,47.0,DOCTORATE,SENIOR DEVELOPER,ENGINEERING,40.96,LOW,Y,15,Summer
C,2022-10-09,2022-12-03,TEXAS SERVICE CENTER,INDIA,53.0,MASTER'S,SENIOR SOFTWARE DEVELOPER (PEGA ARCHITECT),ENGINEERING,90646.0,MEDIUM,Y,55,Fall
C,2022-10-02,2022-10-24,CALIFORNIA SERVICE CENTER,INDIA,33.0,MASTER'S,VP; CONSULTANT II - DB ANLT/ADM,IT,71323.0,MEDIUM,Y,22,Fall
C,2022-05-15,2022-07-03,CALIFORNIA SERVICE CENTER,INDIA,37.0,BACHELOR'S,COMPUTER AND INFORMATION RESEARCH SCIENTIST,IT,45469.0,LOW,Y,49,Spring
C,2022-09-06,2022-10-07,CALIFORNIA SERVICE CENTER,INDIA,29.0,MASTER'S,DATA ANALYST,IT,54059.0,LOW,Y,31,Fall
C,2022-02-20,2022-03-28,TEXAS SERVICE CENTER,INDIA,55.0,MASTER'S,ORACLE APPLICATIONS DBA - II,IT,85197.0,MEDIUM,Y,36,Winter
W,2022-02-02,2022-03-09,NEBRASKA SERVICE CENTER,INDIA,57.0,BACHELOR'S,COMPUTER PROGRAMMER,IT,46301.0,LOW,Y,35,Winter
C,2022-06-07,2022-06-22,CALIFORNIA SERVICE CENTER,CHINA,41.0,BACHELOR'S,SR.PROGRAMMER ANALYST,IT,79414.0,MEDIUM,Y,15,Summer
C,2022-07-14,2022-08-09,NEBRASKA SERVICE CENTER,INDIA,50.0,DOCTORATE,DEVELOPER,IT,67891.0,MEDIUM,Y,26,Summer
C,2022-01-15,2022-01-27,POTOMAC SERVICE CENTER,INDIA,37.0,MASTER'S,COMPUTER PROGRAMMER,EDUCATION,89502.0,MEDIUM,Y,12,Winter
C,2022-10-31,2022-12-29,TEXAS SERVICE CENTER,INDIA,38.0,MASTER'S,FAMILY MEDICINE PRACTITIONER,MEDICAL,187200.0,HIGH,Y,59,Fall
W,2022-04-11,2022-05-01,POTOMAC SERVICE CENTER,INDIA,40.0,BACHELOR'S,FAMILY MEDICINE PRACTITIONER,IT,187200.0,HIGH,Y,20,Spring
C,2022-12-13,2023-02-08,CALIFORNIA SERVICE CENTER,MEXICO,46.0,DOCTORATE,COMPUTER PROGRAMMER,IT,63669.0,MEDIUM,Y,57,Winter
C,2022-03-28,2022-04-24,CALIFORNIA SERVICE CENTER,CHINA,51.0,MASTER'S,.NET DEVELOPER,IT,72987.0,MEDIUM,Y,27,Spring
C,2022-12-26,2023-02-23,POTOMAC SERVICE CENTER,CANADA,29.0,BACHELOR'S,SENIOR .NET DEVELOPER,MEDICAL,58718.0,LOW,N,59,Winter
C,2022-03-24,2022-04-09,NEBRASKA SERVICE CENTER,CHINA,31.0,MASTER'S,BUSINESS ANALYST,MEDICAL,63315.0,MEDIUM,Y,16,Spring
CW,2022-12-11,2023-02-03,VERMONT SERVICE CENTER,CANADA,32.0,MASTER'S,PROGRAMMER ANALYST,IT,66518.0,MEDIUM,Y,54,Winter
C,2022-04-22,2022-05-10,POTOMAC SERVICE CENTER,CHINA,39.0,MASTER'S,SENIOR PEOPLESOFT SPECIALIST,IT,103272.0,HIGH,Y,18,Spring
C,2022-01-06,2022-02-18,POTOMAC SERVICE CENTER,CHINA,37.0,MASTER'S,SOFTWARE ENGINEER,IT,44.24,LOW,Y,43,Winter
C,2022-12-03,2023-01-24,TEXAS SERVICE CENTER,INDIA,24.0,MASTER'S,SENIOR PROGRAMMER ANALYST,IT,106100.0,HIGH,Y,52,Winter
C,2022-12-04,2023-01-28,VERMONT SERVICE CENTER,INDIA,58.0,MASTER'S,SENIOR SOFTWARE DEVELOPER,OTHER,110490.0,HIGH,Y,55,Winter
C,2022-07-27,2022-08-25,CALIFORNIA SERVICE CENTER,CHINA,28.0,BACHELOR'S,SOFTWARE ENGINEER,MEDICAL,90646.0,MEDIUM,Y,29,Summer
C,2022-06-17,2022-07-18,VERMONT SERVICE CENTER,INDIA,58.0,BACHELOR'S,SENIOR SOFTWARE DEVELOPER,IT,53.12,LOW,Y,31,Summer
C,2022-07-08,2022-08-12,CALIFORNIA SERVICE CENTER,INDIA,40.0,BACHELOR'S,COLD FUSION APPLICATION DEVELOPER,IT,70803.0,MEDIUM,Y,35,Summer
C,2022-11-14,2022-11-26,TEXAS SERVICE CENTER,INDIA,41.0,MASTER'S,WORKDAY CONSULTANT,IT,83304.0,MEDIUM,Y,12,Fall
C,2022-06-03,2022-07-06,POTOMAC SERVICE CENTER,INDIA,41.0,BACHELOR'S,PROGRAMMER ANALYST,IT,43.58,LOW,Y,33,Summer
W,2022-12-30,2023-02-10,VERMONT SERVICE CENTER,INDIA,33.0,MASTER'S,PROGRAMMER ANALYST,FINANCE,66518.0,MEDIUM,Y,42,Winter
C,2022-03-10,2022-05-02,VERMONT SERVICE CENTER,INDIA,49.0,MASTER'S,PEOPLESOFT SPECIALIST,IT,83304.0,MEDIUM,Y,53,Spring
C,2022-05-29,2022-06-27,VERMONT SERVICE CENTER,CANADA,43.0,MASTER'S,SOFTWARE ENGINEER,ENGINEERING,34.04,LOW,Y,29,Spring
C,2022-03-13,2022-04-26,NEBRASKA SERVICE CENTER,PHILIPPINES,38.0,BACHELOR'S,RESEARCH FELLOW,ENGINEERING,26.69,LOW,Y,44,Spring
C,2022-06-22,2022-08-05,VERMONT SERVICE CENTER,INDIA,27.0,BACHELOR'S,SYSTEMS ADMINISTRATOR,IT,85280.0,MEDIUM,Y,44,Summer
CW,2022-12-15,2023-02-07,VERMONT SERVICE CENTER,INDIA,42.0,MASTER'S,BUSINESS ANALYST,ENGINEERING,83304.0,MEDIUM,Y,54,Winter
CW,2022-10-02,2022-11-04,TEXAS SERVICE CENTER,INDIA,26.0,BACHELOR'S,SOFTWARE ENGINEER,IT,34.04,LOW,Y,33,Fall
C,2022-12-25,2023-01-10,VERMONT SERVICE CENTER,CANADA,46.0,MASTER'S,PROGRAMMER ANALYST,IT,34.04,LOW,Y,16,Winter
C,2022-05-14,2022-07-13,POTOMAC SERVICE CENTER,INDIA,51.0,MASTER'S,SOFTWARE ENGINEER,EDUCATION,34.04,LOW,Y,60,Spring
C,2022-02-19,2022-03-27,CALIFORNIA SERVICE CENTER,INDIA,25.0,BACHELOR'S,GENERAL DENTIST,EDUCATION,32.1,LOW,N,36,Winter
C,2022-12-07,2022-12-25,NEBRASKA SERVICE CENTER,INDIA,23.0,BACHELOR'S,PHYSICAL THERAPIST,IT,31.11,LOW,Y,18,Winter
C,2022-05-14,2022-06-30,POTOMAC SERVICE CENTER,PHILIPPINES,42.0,DOCTORATE,BUSINESS ANALYST,OTHER,42474.0,LOW,Y,47,Spring
C,2022-05-06,2022-05-24,VERMONT SERVICE CENTER,INDIA,24.0,MASTER'S,PHYSICAL THERAPIST,IT,64709.0,MEDIUM,Y,18,Spring
W,2022-02-14,2022-03-07,POTOMAC SERVICE CENTER,INDIA,29.0,MASTER'S,HEAT TRANSFER PROD DEVPMT ENGINEER,IT,67621.0,MEDIUM,Y,21,Winter
C,2022-10-23,2022-12-08,VERMONT SERVICE CENTER,INDIA,48.0,DOCTORATE,HEAT TRANSFER PROD DEVPMT ENGINEER,EDUCATION,67621.0,MEDIUM,Y,46,Fall
C,2022-05-17,2022-07-04,POTOMAC SERVICE CENTER,INDIA,24.0,MASTER'S,FAMILY PRACTICE PHYSICIAN,IT,134202.0,HIGH,Y,48,Spring
C,2022-12-04,2023-01-13,POTOMAC SERVICE CENTER,CANADA,27.0,BACHELOR'S,INSTRUCTOR - DEPT. OF COMMUNICATION ARTS & SCIENCES,IT,37610.0,LOW,Y,40,Winter
CW,2022-09-02,2022-10-08,POTOMAC SERVICE CENTER,INDIA,56.0,BACHELOR'S,PHYSICAL THERAPIST,IT,77958.0,MEDIUM,Y,36,Fall
C,2022-11-08,2022-11-23,POTOMAC SERVICE CENTER,INDIA,35.0,BACHELOR'S,MERCHANDISER I,EDUCATION,58864.0,LOW,N,15,Fall
C,2022-07-26,2022-08-31,NEBRASKA SERVICE CENTER,INDIA,42.0,MASTER'S,BUSINESS ANALYST,ENGINEERING,60000.0,MEDIUM,Y,36,Summer
C,2022-08-27,2022-10-01,NEBRASKA SERVICE CENTER,INDIA,41.0,MASTER'S,PROGRAMMER ANALYST,IT,78624.0,MEDIUM,Y,35,Summer
C,2022-07-08,2022-08-28,POTOMAC SERVICE CENTER,INDIA,27.0,MASTER'S,PROGRAMMER  ANALYST,IT,58906.0,LOW,Y,51,Summer
C,2022-09-06,2022-11-04,TEXAS SERVICE CENTER,PHILIPPINES,46.0,BACHELOR'S,PROGRAMMER ANALYST,ENGINEERING,61859.0,MEDIUM,Y,59,Fall
C,2022-08-03,2022-09-14,VERMONT SERVICE CENTER,INDIA,32.0,MASTER'S,PROGRAMMER ANALYST,IT,78624.0,MEDIUM,Y,42,Summer
C,2022-02-06,2022-03-31,CALIFORNIA SERVICE CENTER,INDIA,41.0,BACHELOR'S,COMPUTER PROGRAMMER,IT,69971.0,MEDIUM,Y,53,Winter
C,2022-06-24,2022-08-18,POTOMAC SERVICE CENTER,INDIA,50.0,MASTER'S,QUALITY SUPERVISOR,MEDICAL,43493.0,LOW,Y,55,Summer
C,2022-11-18,2022-12-14,VERMONT SERVICE CENTER,CHINA,25.0,MASTER'S,PRINCIPAL CONSULTANT - US - PRACTITIONER,IT,99403.0,MEDIUM,Y,26,Fall
C,2022-10-18,2022-10-28,CALIFORNIA SERVICE CENTER,INDIA,34.0,BACHELOR'S,NETWORK ENGINEER,IT,97302.0,MEDIUM,Y,10,Fall
C,2022-12-07,2023-01-11,VERMONT SERVICE CENTER,CHINA,47.0,MASTER'S,ASSOCIATE CONSULTANT - US,IT,60528.0,MEDIUM,Y,35,Winter
C,2022-02-26,2022-03-15,NEBRASKA SERVICE CENTER,INDIA,51.0,MASTER'S,SENIOR .NET APPLICATION DEVELOPER,IT,83387.0,MEDIUM,Y,17,Winter
W,2022-04-17,2022-06-07,CALIFORNIA SERVICE CENTER,INDIA,53.0,BACHELOR'S,DENTIST,IT,118498.0,HIGH,Y,51,Spring
C,2022-03-22,2022-04-12,TEXAS SERVICE CENTER,INDIA,32.0,MASTER'S,SOFTWARE DEVELOPER,IT,75941.0,MEDIUM,Y,21,Spring
C,2022-02-15,2022-03-18,TEXAS SERVICE CENTER,INDIA,57.0,MASTER'S,DEVELOPER USER INTERFACE,FINANCE,70429.0,MEDIUM,Y,31,Winter
C,2022-02-16,2022-04-02,TEXAS SERVICE CENTER,INDIA,27.0,MASTER'S,SOFTWARE DEVELOPER,ENGINEERING,75941.0,MEDIUM,Y,45,Winter
C,2022-12-10,2022-12-23,CALIFORNIA SERVICE CENTER,INDIA,24.0,MASTER'S,PROGRAMMER ANALYST,IT,79019.0,MEDIUM,Y,13,Winter
C,2022-12-01,2022-12-24,TEXAS SERVICE CENTER,INDIA,48.0,MASTER'S,SEMICONDUCTOR DESIGN ENGINEER,OTHER,79248.0,MEDIUM,Y,23,Winter
C,2022-08-29,2022-10-09,VERMONT SERVICE CENTER,INDIA,41.0,MASTER'S,SOFTWARE ENGINEER,IT,73882.0,MEDIUM,Y,41,Summer
C,2022-02-06,2022-03-05,TEXAS SERVICE CENTER,INDIA,25.0,MASTER'S,CONSULTANT - APPLICATIONS PROGRAMMING,IT,97365.0,MEDIUM,N,27,Winter
C,2022-07-09,2022-08-23,CALIFORNIA SERVICE CENTER,INDIA,54.0,MASTER'S,SOFTWARE DEVELOPER,OTHER,75941.0,MEDIUM,Y,45,Summer
C,2022-10-07,2022-11-24,NEBRASKA SERVICE CENTER,INDIA,44.0,MASTER'S,VP; BUSINESS SOLUTION CNSLT - TECH,ENGINEERING,93163.0,MEDIUM,Y,48,Fall
C,2022-09-09,2022-10-10,CALIFORNIA SERVICE CENTER,INDIA,53.0,MASTER'S,SOFTWARE DEVELOPER,MEDICAL,75941.0,MEDIUM,Y,31,Fall
C,2022-09-28,2022-11-19,POTOMAC SERVICE CENTER,INDIA,48.0,MASTER'S,CHANGE CONTROL MANAGER,FINANCE,79477.0,MEDIUM,Y,52,Fall
C,2022-01-28,2022-03-11,CALIFORNIA SERVICE CENTER,CANADA,41.0,BACHELOR'S,SENIOR QA ANALYST,IT,61610.0,MEDIUM,Y,42,Winter
C,2022-04-07,2022-05-12,TEXAS SERVICE CENTER,INDIA,23.0,BACHELOR'S,TECHNOLOGY ANALYST - US - PROFESSIONAL,IT,57533.0,LOW,Y,35,Spring
C,2022-01-15,2022-03-05,NEBRASKA SERVICE CENTER,INDIA,58.0,MASTER'S,QUALITY ANALYST,FINANCE,97365.0,MEDIUM,Y,49,Winter
C,2022-08-26,2022-09-11,TEXAS SERVICE CENTER,INDIA,26.0,BACHELOR'S,SOFTWARE DEVELOPER,IT,89232.0,MEDIUM,Y,16,Summer
C,2022-06-12,2022-08-05,NEBRASKA SERVICE CENTER,INDIA,24.0,MASTER'S,AVP; CNSLT- APPS PROG,IT,93163.0,MEDIUM,Y,54,Summer
C,2022-05-09,2022-06-01,CALIFORNIA SERVICE CENTER,CANADA,27.0,MASTER'S,SOFTWARE DEVELOPER,IT,137010.0,HIGH,Y,23,Spring
C,2022-04-01,2022-05-15,VERMONT SERVICE CENTER,CHINA,41.0,BACHELOR'S,COMPUTER PROGRAMMER,IT,112278.0,HIGH,Y,44,Spring
C,2022-04-17,2022-06-11,NEBRASKA SERVICE CENTER,INDIA,35.0,MASTER'S,TECHNOLOGY ANALYST - US,IT,57533.0,LOW,Y,55,Spring
C,2022-01-04,2022-01-17,VERMONT SERVICE CENTER,INDIA,59.0,DOCTORATE,MECHANICAL ENGINEERS - II,IT,81203.0,MEDIUM,N,13,Winter
C,2022-07-27,2022-08-27,POTOMAC SERVICE CENTER,CANADA,58.0,MASTER'S,VICE PRESIDENT; CONSULTANT - APPS PROG,IT,79477.0,MEDIUM,Y,31,Summer
W,2022-05-14,2022-06-05,VERMONT SERVICE CENTER,INDIA,34.0,MASTER'S,APPLICATION DESIGNER,IT,72342.0,MEDIUM,Y,22,Spring
C,2022-08-05,2022-08-31,VERMONT SERVICE CENTER,INDIA,42.0,MASTER'S,TECHNOLOGY ANALYST - US,ENGINEERING,57533.0,LOW,Y,26,Summer
C,2022-08-21,2022-10-04,POTOMAC SERVICE CENTER,INDIA,29.0,MASTER'S,AVP; CONSULTANT - SYSTEM ENG,IT,104125.0,HIGH,Y,44,Summer
CW,2022-04-08,2022-04-29,VERMONT SERVICE CENTER,INDIA,49.0,MASTER'S,SEMICONDUCTOR DESIGN ENGINEER,FINANCE,99882.0,MEDIUM,Y,21,Spring
C,2022-07-18,2022-08-07,NEBRASKA SERVICE CENTER,CANADA,41.0,MASTER'S,TECHNOLOGY ANALYST - US - PROFESSIONAL,FINANCE,57533.0,LOW,Y,20,Summer
C,2022-01-31,2022-03-23,TEXAS SERVICE CENTER,INDIA,55.0,DOCTORATE,STATISTICIAN,IT,23.91,LOW,Y,51,Winter
C,2022-01-20,2022-03-17,CALIFORNIA SERVICE CENTER,INDIA,37.0,BACHELOR'S,SYSTEM ARCHITECT - III,IT,79477.0,MEDIUM,Y,56,Winter
C,2022-03-03,2022-03-18,POTOMAC SERVICE CENTER,INDIA,44.0,MASTER'S,SR. SQA TEST ENGINEER,FINANCE,97365.0,MEDIUM,Y,15,Spring
C,2022-02-01,2022-03-02,POTOMAC SERVICE CENTER,INDIA,31.0,BACHELOR'S,AVP; LEAD CNSLT - TECH APP ENGIN,IT,125549.0,HIGH,N,29,Winter
C,2022-07-18,2022-07-28,POTOMAC SERVICE CENTER,PHILIPPINES,41.0,MASTER'S,TECHNOLOGY LEAD - US,IT,76170.0,MEDIUM,Y,10,Summer
C,2022-07-11,2022-08-08,TEXAS SERVICE CENTER,INDIA,35.0,MASTER'S,DEVELOPER USER INTERFACE,IT,54974.0,LOW,Y,28,Summer
C,2022-06-01,2022-07-11,POTOMAC SERVICE CENTER,INDIA,41.0,BACHELOR'S,DEVELOPER,IT,74630.0,MEDIUM,N,40,Summer
D,2022-12-15,2023-01-09,TEXAS SERVICE CENTER,INDIA,38.0,MASTER'S,BI ANALYST,IT,43722.0,LOW,Y,25,Winter
C,2022-02-19,2022-04-18,POTOMAC SERVICE CENTER,CHINA,42.0,MASTER'S,TECHNOLOGY ANALYST - US - PROFESSIONAL,IT,57533.0,LOW,Y,58,Winter
C,2022-02-09,2022-03-08,POTOMAC SERVICE CENTER,CHINA,51.0,MASTER'S,QUALITY ASSURANCE TESTER,IT,97365.0,MEDIUM,N,27,Winter
C,2022-04-29,2022-06-03,NEBRASKA SERVICE CENTER,INDIA,26.0,BACHELOR'S,VP; CNSLT-APPS PROG,MEDICAL,42.9,LOW,N,35,Spring
C,2022-06-18,2022-07-06,TEXAS SERVICE CENTER,CANADA,48.0,BACHELOR'S,CHANGE CONTROL MANAGER,ENGINEERING,79477.0,MEDIUM,Y,18,Summer
C,2022-08-24,2022-09-26,POTOMAC SERVICE CENTER,INDIA,30.0,BACHELOR'S,SOFTWARE DEVELOPER,IT,75941.0,MEDIUM,Y,33,Summer
C,2022-06-05,2022-07-11,POTOMAC SERVICE CENTER,INDIA,34.0,MASTER'S,FUSION ALGORITHM DEVELOPMENT ENGINEER,IT,62941.0,MEDIUM,Y,36,Summer
C,2022-02-07,2022-02-19,POTOMAC SERVICE CENTER,MEXICO,56.0,MASTER'S,CONSULTANT,OTHER,61610.0,MEDIUM,Y,12,Winter
C,2022-07-15,2022-07-31,TEXAS SERVICE CENTER,INDIA,33.0,DOCTORATE,TEST ANALYST - US - PROFESSIONAL,IT,43722.0,LOW,Y,16,Summer
C,2022-10-27,2022-11-29,CALIFORNIA SERVICE CENTER,CHINA,32.0,MASTER'S,APPLICATION ARCHITECT,IT,93163.0,MEDIUM,Y,33,Fall
C,2022-05-07,2022-05-28,TEXAS SERVICE CENTER,INDIA,57.0,BACHELOR'S,DEVELOPER USER INTERFACE,IT,70429.0,MEDIUM,Y,21,Spring
C,2022-04-23,2022-05-11,CALIFORNIA SERVICE CENTER,INDIA,51.0,MASTER'S,SENIOR SOFTWARE DEVELOPER,IT,89232.0,MEDIUM,N,18,Spring
C,2022-01-12,2022-02-01,POTOMAC SERVICE CENTER,INDIA,45.0,MASTER'S,FUSION ALGORITHM DEVELOMENT ENGINEER,IT,68640.0,MEDIUM,Y,20,Winter
C,2022-06-20,2022-07-19,NEBRASKA SERVICE CENTER,INDIA,23.0,MASTER'S,JUNIOR ENGINEERING DESIGNER,OTHER,23.29,LOW,N,29,Summer
C,2022-07-23,2022-09-20,POTOMAC SERVICE CENTER,INDIA,27.0,BACHELOR'S,QA ENGINEER,FINANCE,79477.0,MEDIUM,Y,59,Summer
C,2022-03-05,2022-03-27,TEXAS SERVICE CENTER,INDIA,24.0,MASTER'S,BI ANALYST,OTHER,43722.0,LOW,Y,22,Spring
C,2022-04-30,2022-06-08,POTOMAC SERVICE CENTER,PHILIPPINES,41.0,BACHELOR'S,SENIOR SOFTWARE DEVELOPER,ENGINEERING,93163.0,MEDIUM,N,39,Spring
C,2022-10-20,2022-10-31,CALIFORNIA SERVICE CENTER,INDIA,54.0,MASTER'S,TECHNOLOGY ANALYST - US,IT,57533.0,LOW,Y,11,Fall
C,2022-01-26,2022-02-20,POTOMAC SERVICE CENTER,SOUTH KOREA,55.0,BACHELOR'S,AVP; CNSLT - APPS PROG,IT,53.07,LOW,N,25,Winter
C,2022-07-06,2022-08-27,TEXAS SERVICE CENTER,PHILIPPINES,41.0,MASTER'S,PRINCIPAL CI/JAVASCRIPT DEVELOPER,FINANCE,138902.0,HIGH,Y,52,Summer
C,2022-03-24,2022-05-17,NEBRASKA SERVICE CENTER,INDIA,44.0,DOCTORATE,DEPLOYMENT ENGINEER,IT,62712.0,MEDIUM,Y,54,Spring
C,2022-09-04,2022-10-22,VERMONT SERVICE CENTER,INDIA,43.0,BACHELOR'S,SENIOR QUALITY ASSURANCE ANALYST,EDUCATION,61610.0,MEDIUM,N,48,Fall
C,2022-11-28,2022-12-16,POTOMAC SERVICE CENTER,PHILIPPINES,46.0,MASTER'S,COMPUTER SYSTEMS ENGINEERS,IT,21.02,LOW,Y,18,Fall
C,2022-06-09,2022-06-23,POTOMAC SERVICE CENTER,CHINA,39.0,MASTER'S,SR. PRINCIPAL ENGINEER,FINANCE,125549.0,HIGH,Y,14,Summer
C,2022-11-21,2022-12-25,CALIFORNIA SERVICE CENTER,INDIA,45.0,MASTER'S,SOFTWARE DEVELOPER APPLICATION,IT,107390.0,HIGH,Y,34,Fall
C,2022-08-19,2022-09-11,NEBRASKA SERVICE CENTER,INDIA,32.0,BACHELOR'S,COMPUTER SYSTEMS ANALYST,EDUCATION,57533.0,LOW,Y,23,Summer
C,2022-12-03,2023-01-09,TEXAS SERVICE CENTER,INDIA,24.0,MASTER'S,CNSLT - APPS PROG,ENGINEERING,89232.0,MEDIUM,Y,37,Winter
C,2022-07-13,2022-07-26,VERMONT SERVICE CENTER,INDIA,32.0,MASTER'S,SENIOR TECHNOLOGY ARCHITECT - US,ENGINEERING,102003.0,HIGH,N,13,Summer
